nome_cientifico,nome_popular,reino,filo,classe,ordem,familia,genero,grupo_taxonomico
Aegla violacea,Egla,Animalia,Arthropoda,Malacostraca,Decapoda,Aeglidae,Aegla,crustaceos
Spelaeogammarus spinilacertus,,Animalia,Arthropoda,Malacostraca,Amphipoda,Artesiidae,Spelaeogammarus,crustaceos
Notholebias vermiculatus,Peixe-anual,Animalia,Chordata,Actinopterygii,Cyprinodontiformes,Rivulidae,Notholebias,peixes
Simpsonichthys nigromaculatus,Peixe-anual,Animalia,Chordata,Actinopterygii,Cyprinodontiformes,Rivulidae,Simpsonichthys,peixes
Amazona pretrei,Papagaio-da-serra,Animalia,Chordata,Aves,Psittaciformes,Psittacidae,Amazona,aves
Pectenoniscus montalvaniensis,Tatuzinho-de-jardim,Animalia,Arthropoda,Malacostraca,Isopoda,Styloniscidae,Pectenoniscus,crustaceos
Schwarziana bocainensis,,Animalia,Arthropoda,Insecta,Hymenoptera,Apidae,Schwarziana,insetos
Ardistomis ferreirai,,Animalia,Arthropoda,Insecta,Coleoptera,Carabidae,Ardistomis,insetos
Maricaella duna,,Animalia,Arthropoda,Entognatha,Symphypleona,Arrhopalitidae,Maricaella,outros
Iandumoema smeagol,,Animalia,Arthropoda,Arachnida,Opiliones,Gonyleptidae,Iandumoema,aracnideos
Mobula thurstoni,Manta-vampira,Animalia,Chordata,Elasmobranchii,Myliobatiformes,Mobulidae,Mobula,peixes
Myrmotherula oreni,choquinha-do-bambu,Animalia,Chordata,Aves,Passeriformes,Thamnophilidae,Myrmotherula,aves
Atlantirivulus simplicis,Rivúlo-marrom,Animalia,Chordata,Actinopterygii,Cyprinodontiformes,Rivulidae,Atlantirivulus,peixes
Isogomphodon oxyrhynchus,Cacao Pato,Animalia,Chordata,Elasmobranchii,Carcharhiniformes,Carcharhinidae,Isogomphodon,peixes
Eupera troglobia,Bivalve,Animalia,Mollusca,Bivalvia,Sphaeriida,Sphaeriidae,Eupera,moluscos
Pseudoplatystoma corruscans,Caçonete,Animalia,Chordata,Actinopterygii,Siluriformes,Pimelodidae,Pseudoplatystoma,peixes
Charinus eleonorae,,Animalia,Arthropoda,Arachnida,Amblypygi,Charinidae,Charinus,aracnideos
Bombus bahiensis,,Animalia,Arthropoda,Insecta,Hymenoptera,Apidae,Bombus,insetos
Pithecopus rusticus,,Animalia,Chordata,Amphibia,Anura,Phyllomedusidae,Pithecopus,anfibios
Cubacubana spelaea,,Animalia,Arthropoda,Insecta,Zygentoma,Nicoletiidae,Cubacubana,insetos
Hypsolebias adornatus,Peixe-anual,Animalia,Chordata,Actinopterygii,Cyprinodontiformes,Rivulidae,Hypsolebias,peixes
Cnesterodon omorgmatos,Barrigudinho,Animalia,Chordata,Actinopterygii,Cyprinodontiformes,Poeciliidae,Cnesterodon,peixes
Acratosaura spinosa,Lagarto-Espinhoso,Animalia,Chordata,Reptilia,Squamata,Gymnophthalmidae,Acratosaura,repteis
Anotosaura collaris,,Animalia,Chordata,Reptilia,Squamata,Gymnophthalmidae,Anotosaura,repteis
Ophthalmolebias bokermanni,Peixe-anual,Animalia,Chordata,Actinopterygii,Cyprinodontiformes,Rivulidae,Ophthalmolebias,peixes
Ortalis remota,,Animalia,Chordata,Aves,Galliformes,Cracidae,Ortalis,aves
Harttia depressa,Acari-cachimbo,Animalia,Chordata,Actinopterygii,Siluriformes,Loricariidae,Harttia,peixes
Calyptommatus nicterus,,Animalia,Chordata,Reptilia,Squamata,Gymnophthalmidae,Calyptommatus,repteis
Garcialebias bagual,,Animalia,Chordata,Actinopterygii,Cyprinodontiformes,Rivulidae,Garcialebias,peixes
Piculus paraensis,Pica-paus,Animalia,Chordata,Aves,Piciformes,Picidae,Piculus,aves
Alouatta caraya,Bugio,Animalia,Chordata,Mammalia,Primates,Atelidae,Alouatta,mamiferos
Newportia spelaea,,Animalia,Arthropoda,Chilopoda,Scolopendromorpha,Scolopocryptopidae,Newportia,outros
Lepidothrix iris,Uirapuru-cabeça-de-prata,Animalia,Chordata,Aves,Passeriformes,Pipridae,Lepidothrix,aves
Hypsolebias nudiorbitatus,,Animalia,Chordata,Actinopterygii,Cyprinodontiformes,Rivulidae,Hypsolebias,peixes
Hypsolebias brunoi,Peixe-anual,Animalia,Chordata,Actinopterygii,Cyprinodontiformes,Rivulidae,Hypsolebias,peixes
Serpophaga hypoleuca pallida,,Animalia,Chordata,Aves,Passeriformes,Tyrannidae,Serpophaga,aves
Leposternon maximus,Cobra-Cega,Animalia,Chordata,Reptilia,Squamata,Amphisbaenidae,Leposternon,repteis
Parotocinclus cesarpintoi,Cascudinho,Animalia,Chordata,Actinopterygii,Siluriformes,Loricariidae,Parotocinclus,peixes
Rhipidodonta koseritzi,Bivalve,Animalia,Mollusca,Bivalvia,Unionida,Hyriidae,Rhipidodonta,moluscos
Melanorivulus vittatus,,Animalia,Chordata,Actinopterygii,Cyprinodontiformes,Rivulidae,Melanorivulus,peixes
Phaenomys ferrugineus,Rato-ferrugem,Animalia,Chordata,Mammalia,Rodentia,Cricetidae,Phaenomys,mamiferos
Gymnura altavela,Avejão,Animalia,Chordata,Elasmobranchii,Myliobatiformes,Gymnuridae,Gymnura,peixes
Cyanopsitta spixii,arara-de-spix,Animalia,Chordata,Aves,Psittaciformes,Psittacidae,Cyanopsitta,aves
Leptopanchax sanguineus,,Animalia,Chordata,Actinopterygii,Cyprinodontiformes,Rivulidae,Leptopanchax,peixes
Plesiolebias xavantei,Peixe-anual,Animalia,Chordata,Actinopterygii,Cyprinodontiformes,Rivulidae,Plesiolebias,peixes
Tosanoides aphrodite,Anthias-afrodite,Animalia,Chordata,Actinopterygii,Perciformes,Anthiadidae,Tosanoides,peixes
Matilebias litzi,Peixe-anual,Animalia,Chordata,Actinopterygii,Cyprinodontiformes,Rivulidae,Matilebias,peixes
Contopus nigrescens,Piui-preto,Animalia,Chordata,Aves,Passeriformes,Tyrannidae,Contopus,aves
Amphisbaena carvalhoi,Cobra-Cega,Animalia,Chordata,Reptilia,Squamata,Amphisbaenidae,Amphisbaena,repteis
Diomedea exulans,Albatroz-viageiro,Animalia,Chordata,Aves,Procellariiformes,Diomedeidae,Diomedea,aves
Microspathodon chrysurus,Donzela-Azul,Animalia,Chordata,Actinopterygii,Perciformes,Pomacentridae,Microspathodon,peixes
Lipaugus conditus,cotinga-d'asa-cinzenta,Animalia,Chordata,Aves,Passeriformes,Cotingidae,Lipaugus,aves
Astyanax eremus,Lambari,Animalia,Chordata,Actinopterygii,Characiformes,Acestrorhamphidae,Astyanax,peixes
Plecturocebus bernhardi,Zogue-zogue,Animalia,Chordata,Mammalia,Primates,Pitheciidae,Plecturocebus,mamiferos
Simpsonichthys zonatus,Peixe-anual,Animalia,Chordata,Actinopterygii,Cyprinodontiformes,Rivulidae,Simpsonichthys,peixes
Xangoniscus aganju,Tatuzinho-de-jardim,Animalia,Arthropoda,Malacostraca,Isopoda,Styloniscidae,Xangoniscus,crustaceos
Plexaurella obesa,,Animalia,Cnidaria,Anthozoa,Alcyonacea,Plexauridae,Plexaurella,outros
Coarazuphium amazonicus,,Animalia,Arthropoda,Insecta,Coleoptera,Carabidae,Coarazuphium,insetos
Aegla ludwigi,Egla,Animalia,Arthropoda,Malacostraca,Decapoda,Aeglidae,Aegla,crustaceos
Charinus taboa,,Animalia,Arthropoda,Arachnida,Amblypygi,Charinidae,Charinus,aracnideos
Rhamdiopsis krugi,bagrinho-cego,Animalia,Chordata,Actinopterygii,Siluriformes,Heptapteridae,Rhamdiopsis,peixes
Notholebias cruzi,Peixe-anual,Animalia,Chordata,Actinopterygii,Cyprinodontiformes,Rivulidae,Notholebias,peixes
Actinote zikani,borboleta,Animalia,Arthropoda,Insecta,Lepidoptera,Nymphalidae,Actinote,insetos
Microlepidogaster perforata,Cascudinho,Animalia,Chordata,Actinopterygii,Siluriformes,Loricariidae,Microlepidogaster,peixes
Lutjanus cyanopterus,,Animalia,Chordata,Actinopterygii,Perciformes,Lutjanidae,Lutjanus,peixes
Leposternon kisteumacheri,Cobra-de-duas-cabeças,Animalia,Chordata,Reptilia,Squamata,Amphisbaenidae,Leposternon,repteis
Alouatta discolor,Guariba-de-mãos-ruivas,Animalia,Chordata,Mammalia,Primates,Atelidae,Alouatta,mamiferos
Coarazuphium tessai,,Animalia,Arthropoda,Insecta,Coleoptera,Carabidae,Coarazuphium,insetos
Amphisbaena acangaoba,Anfisbena-de-Capacete,Animalia,Chordata,Reptilia,Squamata,Amphisbaenidae,Amphisbaena,repteis
Thamnophilus caerulescens pernambucensis,,Animalia,Chordata,Aves,Passeriformes,Thamnophilidae,Thamnophilus,aves
Choranthias salmopunctatus,Anthias-de-São-Pedro,Animalia,Chordata,Actinopterygii,Perciformes,Anthiadidae,Choranthias,peixes
Thamnomanes caesius caesius,,Animalia,Chordata,Aves,Passeriformes,Thamnophilidae,Thamnomanes,aves
Simpsonichthys cholopteryx,Peixe-anual,Animalia,Chordata,Actinopterygii,Cyprinodontiformes,Rivulidae,Simpsonichthys,peixes
Kolpotocheirodon figueiredoi,,Animalia,Chordata,Actinopterygii,Characiformes,Characidae,Kolpotocheirodon,peixes
Myrmotherula snowi,choquinha-de-alagoas,Animalia,Chordata,Aves,Passeriformes,Thamnophilidae,Myrmotherula,aves
Willemia zeppelinii,,Animalia,Arthropoda,Entognatha,Symphypleona,Arrhopalitidae,Willemia,outros
Sparisoma rocha,Bodião-de-Trindade,Animalia,Chordata,Actinopterygii,Perciformes,Scaridae,Sparisoma,peixes
Leptopanchax splendens,peixe-anual,Animalia,Chordata,Actinopterygii,Cyprinodontiformes,Rivulidae,Leptopanchax,peixes
Trachylepis atlantica,Mabuia-de-Noronha,Animalia,Chordata,Reptilia,Squamata,Mabuyidae,Trachylepis,repteis
Potamotrygon signata,,Animalia,Chordata,Elasmobranchii,Myliobatiformes,Potamotrygonidae,Potamotrygon,peixes
Scolopocryptops troglocaudatus,,Animalia,Arthropoda,Chilopoda,Scolopendromorpha,Scolopocryptopidae,Scolopocryptops,outros
Paraclaravis geoffroyi,pararu-espelho,Animalia,Chordata,Aves,Columbiformes,Columbidae,Paraclaravis,aves
Pseudobatos percellens,Viola,Animalia,Chordata,Elasmobranchii,Rhinopristiformes,Rhinobatidae,Pseudobatos,peixes
Amphisbaena kiriri,,Animalia,Chordata,Reptilia,Squamata,Amphisbaenidae,Amphisbaena,repteis
Gabunillo enfurnado,Tatuzinho-de-jardim,Animalia,Arthropoda,Malacostraca,Isopoda,Armadillidae,Gabunillo,crustaceos
Sternarchogiton zuanoni,Sarapó,Animalia,Chordata,Actinopterygii,Gymnotiformes,Apteronotidae,Sternarchogiton,peixes
Atractus ronnie,Cobra-da-terra dos brejos,Animalia,Chordata,Reptilia,Squamata,Dipsadidae,Atractus,repteis
Eustrombus goliath,,Animalia,Mollusca,Gastropoda,Littorinimorpha,Strombidae,Eustrombus,moluscos
Deltamys araucaria,Ratinho-preto-das-araucárias,Animalia,Chordata,Mammalia,Rodentia,Cricetidae,Deltamys,mamiferos
Knodus dorsomaculatus,,Animalia,Chordata,Actinopterygii,Characiformes,Characidae,Knodus,peixes
Lachlania aldinae,,Animalia,Arthropoda,Insecta,Ephemeroptera,Oligoneuriidae,Lachlania,insetos
Arinosaster patriciae,,Animalia,Porifera,Demospongiae,Incertae Sedis,Incertae Sedis,Arinosaster,outros
Eurolophosaurus amathites,,Animalia,Chordata,Reptilia,Squamata,Tropiduridae,Eurolophosaurus,repteis
Aegla itacolomiensis,Egla,Animalia,Arthropoda,Malacostraca,Decapoda,Aeglidae,Aegla,crustaceos
Xenurolebias pataxo,,Animalia,Chordata,Actinopterygii,Cyprinodontiformes,Rivulidae,Xenurolebias,peixes
Leodesmus yporangae,,Animalia,Arthropoda,Diplopoda,Polydesmida,Chelodesmidae,Leodesmus,outros
Speocera eleonorae,,Animalia,Arthropoda,Arachnida,Araneae,Ochyroceratidae,Speocera,aracnideos
Leptagrion bocainense,libélula,Animalia,Arthropoda,Insecta,Odonata,Coenagrionidae,Leptagrion,insetos
Hypsolebias marginatus,Peixe-anual,Animalia,Chordata,Actinopterygii,Cyprinodontiformes,Rivulidae,Hypsolebias,peixes
Cerdale fasciata,Peixe Lombriga Listrado,Animalia,Chordata,Actinopterygii,Gobiiformes,Gobiidae,Cerdale,peixes
Phlegopsis borbae,formigueiro-de-faces-pálidas,Animalia,Chordata,Aves,Passeriformes,Thamnophilidae,Phlegopsis,aves
Brachyteles arachnoides,Mono,Animalia,Chordata,Mammalia,Primates,Atelidae,Brachyteles,mamiferos
Amatolebias varzeae,Peixe-anual,Animalia,Chordata,Actinopterygii,Cyprinodontiformes,Rivulidae,Amatolebias,peixes
Hylodes glaber,,Animalia,Chordata,Amphibia,Anura,Hylodidae,Hylodes,anfibios
Cotinga maculata,Cotinga-crejoá,Animalia,Chordata,Aves,Passeriformes,Cotingidae,Cotinga,aves
Tricongius ybyguara,,Animalia,Arthropoda,Arachnida,Araneae,Gnaphosidae,Tricongius,aracnideos
Chamaeza nobilis fulvipectus,,Animalia,Chordata,Aves,Passeriformes,Formicariidae,Chamaeza,aves
Simothraulopsis eurybasis,,Animalia,Arthropoda,Insecta,Ephemeroptera,Leptophlebiidae,Simothraulopsis,insetos
Cambeva papillifera,,Animalia,Chordata,Actinopterygii,Siluriformes,Trichomycteridae,Cambeva,peixes
Moenkhausia parecis,,Animalia,Chordata,Actinopterygii,Characiformes,Characidae,Moenkhausia,peixes
Praepedaliodes sequeirae,borboleta,Animalia,Arthropoda,Insecta,Lepidoptera,Nymphalidae,Praepedaliodes,insetos
Arrhopalites botuveraensis,,Animalia,Arthropoda,Entognatha,Symphypleona,Arrhopalitidae,Arrhopalites,outros
Discosura langsdorffi langsdorffi,Rabo-de-espinho,Animalia,Chordata,Aves,Apodiformes,Trochilidae,Discosura,aves
Brycon gouldingi,Matrinxã,Animalia,Chordata,Actinopterygii,Characiformes,Bryconidae,Brycon,peixes
Leposoma annectans,Teiú-Pigmeu,Animalia,Chordata,Reptilia,Squamata,Gymnophthalmidae,Leposoma,repteis
Phlegopsis nigromaculata confinis,,Animalia,Chordata,Aves,Passeriformes,Thamnophilidae,Phlegopsis,aves
Gyldenstolpia planaltensis,Rato-gigante-do-Cerrado,Animalia,Chordata,Mammalia,Rodentia,Cricetidae,Gyldenstolpia,mamiferos
Paragenidens grandoculis,,Animalia,Chordata,Actinopterygii,Siluriformes,Ariidae,Paragenidens,peixes
Hypsolebias multiradiatus,Peixe-anual,Animalia,Chordata,Actinopterygii,Cyprinodontiformes,Rivulidae,Hypsolebias,peixes
Pseudosinella guanhaensis,,Animalia,Arthropoda,Entognatha,Entomobryomorpha,Entomobryidae,Pseudosinella,outros
Ameiva jacuba,Calango,Animalia,Chordata,Reptilia,Squamata,Teiidae,Ameiva,repteis
Girardia paucipunctata,,Animalia,Platyhelminthes,Rhabditophora,Tricladida,Dugesiidae,Girardia,outros
Bothrops jabrensis,jararaca-do-pico-do-jabre,Animalia,Chordata,Reptilia,Squamata,Viperidae,Bothrops,repteis
Millepora braziliensis,,Animalia,Cnidaria,Hydrozoa,Anthoathecata,Milleporidae,Millepora,outros
Condylactis gigantea,,Animalia,Cnidaria,Anthozoa,Actiniaria,Actiniidae,Condylactis,outros
Elacatinus phthirophagus,Góbio-neon-de-Noronha,Animalia,Chordata,Actinopterygii,Perciformes,Gobiidae,Elacatinus,peixes
Oligoneuria macabaiba,,Animalia,Arthropoda,Insecta,Ephemeroptera,Oligoneuriidae,Oligoneuria,insetos
Euryoryzomys lamia,Rato-laranja-do-Cerrado,Animalia,Chordata,Mammalia,Rodentia,Cricetidae,Euryoryzomys,mamiferos
Acanthochelys macrocephala,Cágado-do-Pantanal,Animalia,Chordata,Reptilia,Testudines,Chelidae,Acanthochelys,repteis
Aegla obstipa,Egla,Animalia,Arthropoda,Malacostraca,Decapoda,Aeglidae,Aegla,crustaceos
Microglanis maculatus,Bagrinho,Animalia,Chordata,Actinopterygii,Siluriformes,Pseudopimelodidae,Microglanis,peixes
Amazoniscus leistikowi,Tatuzinho-de-jardim,Animalia,Arthropoda,Malacostraca,Isopoda,Scleropactidae,Amazoniscus,crustaceos
Amphisbaena littoralis,Cobra-de-duas-cabeças,Animalia,Chordata,Reptilia,Squamata,Amphisbaenidae,Amphisbaena,repteis
Maratecoara splendida,Peixe-anual,Animalia,Chordata,Actinopterygii,Cyprinodontiformes,Rivulidae,Maratecoara,peixes
Eleoscytalopus psychopompus,Macuquinho-da-bahia,Animalia,Chordata,Aves,Passeriformes,Rhinocryptidae,Eleoscytalopus,aves
Formicivora acutirostris,bicudinho-do-brejo,Animalia,Chordata,Aves,Passeriformes,Thamnophilidae,Formicivora,aves
Cambeva pascuali,cambeva,Animalia,Chordata,Actinopterygii,Siluriformes,Trichomycteridae,Cambeva,peixes
Pimelodella spelaea,"bagre, mandi",Animalia,Chordata,Actinopterygii,Siluriformes,Heptapteridae,Pimelodella,peixes
Lebiasina minuta,Jejuzinho,Animalia,Chordata,Actinopterygii,Characiformes,Lebiasinidae,Lebiasina,peixes
Epiperipatus diadenoproctus,,Animalia,Onychophora,Onychophora,Euonychophora,Peripatidae,Epiperipatus,outros
Progarypus nigrimanus,falso escorpião,Animalia,Arthropoda,Arachnida,Pseudoscorpiones,Olpiidae,Progarypus,aracnideos
Leopardus guttulus,Gato-do-mato,Animalia,Chordata,Mammalia,Carnivora,Felidae,Leopardus,mamiferos
Amadonastur lacernulatus,,Animalia,Chordata,Aves,Accipitriformes,Accipitridae,Amadonastur,aves
Campylorhamphus trochilirostris trochilirostris,,Animalia,Chordata,Aves,Passeriformes,Dendrocolaptidae,Campylorhamphus,aves
Juscelinomys candango,Rato-candango,Animalia,Chordata,Mammalia,Rodentia,Cricetidae,Juscelinomys,mamiferos
Mustelus schmitti,Caçonete E Cação-cola-fina,Animalia,Chordata,Elasmobranchii,Carcharhiniformes,Triakidae,Mustelus,peixes
Xangoniscus itacarambiensis,Tatuzinho-de-jardim,Animalia,Arthropoda,Malacostraca,Isopoda,Styloniscidae,Xangoniscus,crustaceos
Garcialebias reicherti,,Animalia,Chordata,Actinopterygii,Cyprinodontiformes,Rivulidae,Garcialebias,peixes
Sterna dougallii,Andorinha-do-mar-comum,Animalia,Chordata,Aves,Charadriiformes,Laridae,Sterna,aves
Pseudosinella neriae,,Animalia,Arthropoda,Entognatha,Entomobryomorpha,Entomobryidae,Pseudosinella,outros
Stigmatura napensis napensis,,Animalia,Chordata,Aves,Passeriformes,Tyrannidae,Stigmatura,aves
Mobula rochebrunei,,Animalia,Chordata,Elasmobranchii,Rajiformes,Myliobatidae,Mobula,peixes
Pectenoniscus monsviridis,Tatuzinho-de-jardim,Animalia,Arthropoda,Malacostraca,Isopoda,Styloniscidae,Pectenoniscus,crustaceos
Spinopilar moria,opilião,Animalia,Arthropoda,Arachnida,Opiliones,Cryptogeobiidae,Spinopilar,aracnideos
Paracymbiomma caecus,,Animalia,Arthropoda,Arachnida,Araneae,Prodidomidae,Paracymbiomma,aracnideos
Callithrix flaviceps,Sagüi-da-serra-claro,Animalia,Chordata,Mammalia,Primates,Callitrichidae,Callithrix,mamiferos
Apostolepis thalesdelemai,,Animalia,Chordata,Reptilia,Squamata,Dipsadidae,Apostolepis,repteis
Mussismilia harttii,Coral-couve-flor,Animalia,Cnidaria,Anthozoa,Scleractinia,Faviidae,Mussismilia,outros
Bombus bellicosus,Mamangava,Animalia,Arthropoda,Insecta,Hymenoptera,Apidae,Bombus,insetos
Hasemania melanura,Lambari,Animalia,Chordata,Actinopterygii,Characiformes,Acestrorhamphidae,Hasemania,peixes
Phalotris lativittatus,Coral-Falsa,Animalia,Chordata,Reptilia,Squamata,Dipsadidae,Phalotris,repteis
Aeria olena tiuma,borboleta,Animalia,Arthropoda,Insecta,Lepidoptera,Nymphalidae,Aeria,insetos
Jenynsia sanctaecatarinae,,Animalia,Chordata,Actinopterygii,Cyprinodontiformes,Anablepidae,Jenynsia,peixes
Heterodactylus septentrionalis,,Animalia,Chordata,Reptilia,Squamata,Gymnophthalmidae,Heterodactylus,repteis
Sapajus robustus,Macaco Prego,Animalia,Chordata,Mammalia,Primates,Cebidae,Sapajus,mamiferos
Megalobulimus parafragilior,Árua-do-Mato,Animalia,Mollusca,Gastropoda,Stylommatophora,Strophocheilidae,Megalobulimus,moluscos
Xiphocolaptes carajaensis,Arapaçus,Animalia,Chordata,Aves,Passeriformes,Dendrocolaptidae,Xiphocolaptes,aves
Biotocus turbinatus,,Animalia,Mollusca,Gastropoda,Pulmonata,Bulimulidae,Biotocus,moluscos
Eukoenenia sagarana,,Animalia,Arthropoda,Arachnida,Palpigradi,Eukoeneniidae,Eukoenenia,aracnideos
Mustelus fasciatus,Cação-listrado,Animalia,Chordata,Elasmobranchii,Carcharhiniformes,Triakidae,Mustelus,peixes
Iuiuniscus iuiuensis,Tatuzinho-de-jardim,Animalia,Arthropoda,Malacostraca,Isopoda,Styloniscidae,Iuiuniscus,crustaceos
Clytoctantes atrogularis,choca-de-garganta-preta,Animalia,Chordata,Aves,Passeriformes,Thamnophilidae,Clytoctantes,aves
Sapajus libidinosus,Macaco-prego,Animalia,Chordata,Mammalia,Primates,Cebidae,Sapajus,mamiferos
Pionus reichenowi,maitaca-de-barriga-azul,Animalia,Chordata,Aves,Psittaciformes,Psittacidae,Pionus,aves
Sternarchorhynchus caboclo,sarapó,Animalia,Chordata,Actinopterygii,Gymnotiformes,Apteronotidae,Sternarchorhynchus,peixes
Succinea lopesi,,Animalia,Mollusca,Gastropoda,Pulmonata,Succineidae,Succinea,moluscos
Forsterinaria itatiaia,borboleta,Animalia,Arthropoda,Insecta,Lepidoptera,Nymphalidae,Forsterinaria,insetos
Carcharhinus galapagensis,Tubarão-das-Galápagos,Animalia,Chordata,Elasmobranchii,Carcharhiniformes,Carcharhinidae,Carcharhinus,peixes
Aegla oblata,Egla,Animalia,Arthropoda,Malacostraca,Decapoda,Aeglidae,Aegla,crustaceos
Augastes lumachella,beija-flor-de-gravata-vermelha,Animalia,Chordata,Aves,Apodiformes,Trochilidae,Augastes,aves
Leposternon octostegum,Cobra-de-duas-cabeças,Animalia,Chordata,Reptilia,Squamata,Amphisbaenidae,Leposternon,repteis
Hypsolebias guanambi,Peixe-anual,Animalia,Chordata,Actinopterygii,Cyprinodontiformes,Rivulidae,Hypsolebias,peixes
Garcialebias pongondo,,Animalia,Chordata,Actinopterygii,Cyprinodontiformes,Rivulidae,Garcialebias,peixes
Thamnophilus caerulescens cearensis,,Animalia,Chordata,Aves,Passeriformes,Thamnophilidae,Thamnophilus,aves
Tangara velia signata,Saíra-diamante,Animalia,Chordata,Aves,Passeriformes,Thraupidae,Tangara,aves
Genidens barbus,Bagre branco,Animalia,Chordata,Actinopterygii,Siluriformes,Ariidae,Genidens,peixes
Diomedea epomophora,Albatroz-real,Animalia,Chordata,Aves,Procellariiformes,Diomedeidae,Diomedea,aves
Eulaema felipei,,Animalia,Arthropoda,Insecta,Hymenoptera,Apidae,Eulaema,insetos
Laniisoma elegans,Chibante,Animalia,Chordata,Aves,Passeriformes,Tityridae,Laniisoma,aves
Xiphorhynchus atlanticus,Arapaçu-rajado-do-nordeste,Animalia,Chordata,Aves,Passeriformes,Dendrocolaptidae,Xiphorhynchus,aves
Phalloptychus eigenmanni,Barrigudinho,Animalia,Chordata,Actinopterygii,Cyprinodontiformes,Poeciliidae,Phalloptychus,peixes
Euglossa avicula,,Animalia,Arthropoda,Insecta,Hymenoptera,Apidae,Euglossa,insetos
Coarazuphium xingu,,Animalia,Arthropoda,Insecta,Coleoptera,Carabidae,Coarazuphium,insetos
Thalasseus maximus,garajau-real,Animalia,Chordata,Aves,Charadriiformes,Laridae,Thalasseus,aves
Spelaeometra hypogea,,Animalia,Arthropoda,Insecta,Hemiptera,Hydrometridae,Spelaeometra,insetos
Epinephelus itajara,mero,Animalia,Chordata,Actinopterygii,Perciformes,Epinephelidae,Epinephelus,peixes
Mazama nana,Veado-mão-curta,Animalia,Chordata,Mammalia,Artiodactyla,Cervidae,Mazama,mamiferos
Odontanthias cauoh,Anthias-insular,Animalia,Chordata,Actinopterygii,Perciformes,Anthiadidae,Odontanthias,peixes
Crossodactylus dantei,,Animalia,Chordata,Amphibia,Anura,Hylodidae,Crossodactylus,anfibios
Sternarchorhynchus inpai,Sarapó,Animalia,Chordata,Actinopterygii,Gymnotiformes,Apteronotidae,Sternarchorhynchus,peixes
Arraia nelmae,Minhoca,Animalia,Annelida,Clitellata,Haplotaxida,Ocnerodrilidae,Arraia,outros
Rhipidodonta iheringi,Bivalve,Animalia,Mollusca,Bivalvia,Unionida,Hyriidae,Rhipidodonta,moluscos
Hyalella epikarstica,,Animalia,Arthropoda,Malacostraca,Amphipoda,Hyalellidae,Hyalella,crustaceos
Leontopithecus caissara,Mico-caiçara,Animalia,Chordata,Mammalia,Primates,Callitrichidae,Leontopithecus,mamiferos
Ferricixius goliathi,,Animalia,Arthropoda,Insecta,Hemiptera,Cixiidae,Ferricixius,insetos
Stenocercus quinarius,Calango,Animalia,Chordata,Reptilia,Squamata,Tropiduridae,Stenocercus,repteis
Pararrhopalites wallacei,,Animalia,Arthropoda,Entognatha,Symphypleona,Sminthuridae,Pararrhopalites,outros
Tityus kuryi,,Animalia,Arthropoda,Arachnida,Scorpiones,Buthidae,Tityus,aracnideos
Hypsolebias magnificus,Peixe-anual,Animalia,Chordata,Actinopterygii,Cyprinodontiformes,Rivulidae,Hypsolebias,peixes
Newportia potiguar,,Animalia,Arthropoda,Chilopoda,Scolopendromorpha,Scolopocryptopidae,Newportia,outros
Amazona vinacea,papagaio-de-peito-roxo,Animalia,Chordata,Aves,Psittaciformes,Psittacidae,Amazona,aves
Tursiops gephyreus,,Animalia,Chordata,Mammalia,Artiodactyla,Delphinidae,Tursiops,mamiferos
Scytalopus diamantinensis,tapaculo-da-chapada,Animalia,Chordata,Aves,Passeriformes,Rhinocryptidae,Scytalopus,aves
Anomaloglossus apiau,,Animalia,Chordata,Amphibia,Anura,Aromobatidae,Anomaloglossus,anfibios
Spiripockia punctata,,Animalia,Mollusca,Gastropoda,Littorinimorpha,Pomatiopsidae,Spiripockia,moluscos
Ophthalmolebias perpendicularis,Peixe-anual,Animalia,Chordata,Actinopterygii,Cyprinodontiformes,Rivulidae,Ophthalmolebias,peixes
Aburria cujubi,cujubi,Animalia,Chordata,Aves,Galliformes,Cracidae,Aburria,aves
Formicivora littoralis,formigueiro-do-litoral,Animalia,Chordata,Aves,Passeriformes,Thamnophilidae,Formicivora,aves
Iansaoniscus iraquara,Tatuzinho-de-jardim,Animalia,Arthropoda,Malacostraca,Isopoda,Pudeoniscidae,Iansaoniscus,crustaceos
Iandumoema uai,aranha-alho,Animalia,Arthropoda,Arachnida,Opiliones,Gonyleptidae,Iandumoema,aracnideos
Adebrotus lugoi,,Animalia,Arthropoda,Insecta,Ephemeroptera,Baetidae,Adebrotus,insetos
Millepora laboreli,,Animalia,Cnidaria,Hydrozoa,Anthoathecata,Milleporidae,Millepora,outros
Caretta caretta,Careba Amarela,Animalia,Chordata,Reptilia,Testudines,Cheloniidae,Caretta,repteis
Natalus macrourus,,Animalia,Chordata,Mammalia,Chiroptera,Natalidae,Natalus,mamiferos
Thalurania watertonii,Beija-flor-das-costas-violetas,Animalia,Chordata,Aves,Apodiformes,Trochilidae,Thalurania,aves
Benthanoides amazonicus,Tatuzinho-de-jardim,Animalia,Arthropoda,Malacostraca,Isopoda,Philosciidae,Benthanoides,crustaceos
Garcialebias nubium,,Animalia,Chordata,Actinopterygii,Cyprinodontiformes,Rivulidae,Garcialebias,peixes
Garcialebias arachan,,Animalia,Chordata,Actinopterygii,Cyprinodontiformes,Rivulidae,Garcialebias,peixes
Carcharhinus brevipinna,Tubarão-tecelão,Animalia,Chordata,Elasmobranchii,Carcharhiniformes,Carcharhinidae,Carcharhinus,peixes
Coarazuphium formoso,,Animalia,Arthropoda,Insecta,Coleoptera,Carabidae,Coarazuphium,insetos
Carcharhinus porosus,Cação Azeiteiro,Animalia,Chordata,Elasmobranchii,Carcharhiniformes,Carcharhinidae,Carcharhinus,peixes
Ophiodes enso,,Animalia,Chordata,Reptilia,Squamata,Diploglossidae,Ophiodes,repteis
Urotrygon microphthalmum,Raia-disco-do-Atlântico,Animalia,Chordata,Elasmobranchii,Myliobatiformes,Urotrygonidae,Urotrygon,peixes
Sternarchorhynchus villasboasi,Sarapó,Animalia,Chordata,Actinopterygii,Gymnotiformes,Apteronotidae,Sternarchorhynchus,peixes
Genidens planifrons,,Animalia,Chordata,Actinopterygii,Siluriformes,Ariidae,Genidens,peixes
Kryptolebias gracilis,,Animalia,Chordata,Actinopterygii,Cyprinodontiformes,Rivulidae,Kryptolebias,peixes
Atlantirivulus nudiventris,Rivúlo-de-ventre-claro,Animalia,Chordata,Actinopterygii,Cyprinodontiformes,Rivulidae,Atlantirivulus,peixes
Nematolebias papilliferus,Peixe-anual,Animalia,Chordata,Actinopterygii,Cyprinodontiformes,Rivulidae,Nematolebias,peixes
Odontophorus capueira plumbeicollis,,Animalia,Chordata,Aves,Galliformes,Odontophoridae,Odontophorus,aves
Troglobentosminthurus luridus,,Animalia,Arthropoda,Entognatha,Symphypleona,Sminthuridae,Troglobentosminthurus,outros
Callicebus coimbrai,Guigó,Animalia,Chordata,Mammalia,Primates,Pitheciidae,Callicebus,mamiferos
Cynopoecilus feltrini,,Animalia,Chordata,Actinopterygii,Cyprinodontiformes,Rivulidae,Cynopoecilus,peixes
Scytalopus novacapitalis,Tapaculo de Brasilia,Animalia,Chordata,Aves,Passeriformes,Rhinocryptidae,Scytalopus,aves
Spelaeogammarus trajanoae,,Animalia,Arthropoda,Malacostraca,Amphipoda,Artesiidae,Spelaeogammarus,crustaceos
Pectenoniscus pankaru,Tatuzinho-de-jardim,Animalia,Arthropoda,Malacostraca,Isopoda,Styloniscidae,Pectenoniscus,crustaceos
Chasmocranus brachynema,Bagrinho-de-emas,Animalia,Chordata,Actinopterygii,Siluriformes,Heptapteridae,Chasmocranus,peixes
Apostolepis striata,Cobra-rainha estriada,Animalia,Chordata,Reptilia,Squamata,Dipsadidae,Apostolepis,repteis
Echinanthera cephalomaculata,,Animalia,Chordata,Reptilia,Squamata,Dipsadidae,Echinanthera,repteis
Neomorphus geoffroyi amazonicus,,Animalia,Chordata,Aves,Cuculiformes,Cuculidae,Neomorphus,aves
Hemitriccus mirandae,falso-tódi-nordestino,Animalia,Chordata,Aves,Passeriformes,Rhynchocyclidae,Hemitriccus,aves
Aegla georginae,Egla,Animalia,Arthropoda,Malacostraca,Decapoda,Aeglidae,Aegla,crustaceos
Iodopleura pipra leucopygia,,Animalia,Chordata,Aves,Passeriformes,Tityridae,Iodopleura,aves
Spelaeogammarus santanensis,,Animalia,Arthropoda,Malacostraca,Amphipoda,Artesiidae,Spelaeogammarus,crustaceos
Megalobulimus rolandianus,Árua-do-Mato,Animalia,Mollusca,Gastropoda,Stylommatophora,Strophocheilidae,Megalobulimus,moluscos
Dendrocolaptes transfasciatus,,Animalia,Chordata,Aves,Passeriformes,Dendrocolaptidae,Dendrocolaptes,aves
Eusarcus elinae,aranha-alho,Animalia,Arthropoda,Arachnida,Opiliones,Gonyleptidae,Eusarcus,aracnideos
Anodorhynchus leari,arara-azul-de-lear,Animalia,Chordata,Aves,Psittaciformes,Psittacidae,Anodorhynchus,aves
Coarazuphium caatinga,,Animalia,Arthropoda,Insecta,Coleoptera,Carabidae,Coarazuphium,insetos
Sclerurus cearensis,vira-folha-cearense,Animalia,Chordata,Aves,Passeriformes,Scleruridae,Sclerurus,aves
Bothrops muriciensis,Jararacuçu de Murici,Animalia,Chordata,Reptilia,Squamata,Viperidae,Bothrops,repteis
Arlesia intermedia,,Animalia,Arthropoda,Entognatha,Symphypleona,Arrhopalitidae,Arlesia,outros
Anumara forbesi,anumará,Animalia,Chordata,Aves,Passeriformes,Icteridae,Anumara,aves
Hylexetastes brigidai,,Animalia,Chordata,Aves,Passeriformes,Dendrocolaptidae,Hylexetastes,aves
Placosoma cipoense,Lagartinho-do-Cipó,Animalia,Chordata,Reptilia,Squamata,Gymnophthalmidae,Placosoma,repteis
Phylloscartes ceciliae,cara-pintada,Animalia,Chordata,Aves,Passeriformes,Rhynchocyclidae,Phylloscartes,aves
Adelophryne maranguapensis,,Animalia,Chordata,Amphibia,Anura,Eleutherodactylidae,Adelophryne,anfibios
Puffinus lherminieri,Pintainho-dos-trópicos,Animalia,Chordata,Aves,Procellariiformes,Procellariidae,Puffinus,aves
Dendrocolaptes medius,,Animalia,Chordata,Aves,Passeriformes,Dendrocolaptidae,Dendrocolaptes,aves
Aegla manuinflata,Egla,Animalia,Arthropoda,Malacostraca,Decapoda,Aeglidae,Aegla,crustaceos
Sphaenorhynchus bromelicola,,Animalia,Chordata,Amphibia,Anura,Hylidae,Sphaenorhynchus,anfibios
Helicops boitata,,Animalia,Chordata,Reptilia,Squamata,Dipsadidae,Helicops,repteis
Franciscobasis franciscoi,libélula,Animalia,Arthropoda,Insecta,Odonata,Coenagrionidae,Franciscobasis,insetos
Aegla brevipalma,Egla,Animalia,Arthropoda,Malacostraca,Decapoda,Aeglidae,Aegla,crustaceos
Furipterus horrens,morcego,Animalia,Chordata,Mammalia,Chiroptera,Furipteridae,Furipterus,mamiferos
Pachylospeleus strinatii,aranha-alho,Animalia,Arthropoda,Arachnida,Opiliones,Gonyleptidae,Pachylospeleus,aracnideos
Circus cinereus,Tartaranhão-cinza,Animalia,Chordata,Aves,Accipitriformes,Accipitridae,Circus,aves
Titanolebias cheradophilus,,Animalia,Chordata,Actinopterygii,Cyprinodontiformes,Rivulidae,Titanolebias,peixes
Homonota uruguayensis,Camarãozinho,Animalia,Chordata,Reptilia,Squamata,Phyllodactylidae,Homonota,repteis
Garcialebias nigrofasciatus,Peixe-anual,Animalia,Chordata,Actinopterygii,Cyprinodontiformes,Rivulidae,Garcialebias,peixes
Nematolebias whitei,Peixe-anual,Animalia,Chordata,Actinopterygii,Cyprinodontiformes,Rivulidae,Nematolebias,peixes
Pseudosinella ambigua,,Animalia,Arthropoda,Entognatha,Entomobryomorpha,Entomobryidae,Pseudosinella,outros
Carcharhinus longimanus,Marracho,Animalia,Chordata,Elasmobranchii,Carcharhiniformes,Carcharhinidae,Carcharhinus,peixes
Amphisbaena arda,Cobra-de-duas-cabeças,Animalia,Chordata,Reptilia,Squamata,Amphisbaenidae,Amphisbaena,repteis
Mimagoniates sylvicola,Piaba,Animalia,Chordata,Actinopterygii,Characiformes,Stevardiidae,Mimagoniates,peixes
Euvola ziczac,Bivalve,Animalia,Mollusca,Bivalvia,Pectinida,Pectinidae,Euvola,moluscos
Rodriguesophis chui,Muçurana-nariguda das dunas,Animalia,Chordata,Reptilia,Squamata,Dipsadidae,Rodriguesophis,repteis
Amphisbaena metallurga,Cobra-Cega,Animalia,Chordata,Reptilia,Squamata,Amphisbaenidae,Amphisbaena,repteis
Cynolebias akroa,,Animalia,Chordata,Actinopterygii,Cyprinodontiformes,Rivulidae,Cynolebias,peixes
Leptokoenenia pelada,,Animalia,Arthropoda,Arachnida,Palpigradi,Eukoeneniidae,Leptokoenenia,aracnideos
Moema piriana,Peixe-anual,Animalia,Chordata,Actinopterygii,Cyprinodontiformes,Rivulidae,Moema,peixes
Hyperaulax ramagei,,Animalia,Mollusca,Gastropoda,Stylommatophora,Odontostomidae,Hyperaulax,moluscos
Pogonopoma obscurum,Cascudo-preto,Animalia,Chordata,Actinopterygii,Siluriformes,Loricariidae,Pogonopoma,peixes
Podocnemis sextuberculata,Iaçá,Animalia,Chordata,Reptilia,Testudines,Podocnemididae,Podocnemis,repteis
Myliobatis freminvillei,,Animalia,Chordata,Elasmobranchii,Myliobatiformes,Myliobatidae,Myliobatis,peixes
Metagonia potiguar,,Animalia,Arthropoda,Arachnida,Araneae,Pholcidae,Metagonia,aracnideos
Amphisbaena saxosa,Cobra-de-duas-cabeças,Animalia,Chordata,Reptilia,Squamata,Amphisbaenidae,Amphisbaena,repteis
Colossoma macropomum,Tambaqui,Animalia,Chordata,Actinopterygii,Characiformes,Serrasalmidae,Colossoma,peixes
Pseudotocinclus tietensis,Cascudinho,Animalia,Chordata,Actinopterygii,Siluriformes,Loricariidae,Pseudotocinclus,peixes
Orobrassolis ornamentalis,borboleta,Animalia,Arthropoda,Insecta,Lepidoptera,Nymphalidae,Orobrassolis,insetos
Ophthalmolebias suzarti,Peixe-anual,Animalia,Chordata,Actinopterygii,Cyprinodontiformes,Rivulidae,Ophthalmolebias,peixes
Psammisotoma restingae,,Animalia,Arthropoda,Entognatha,Entomobryomorpha,Isotomidae,Psammisotoma,outros
Mycetagroicus urbanus,,Animalia,Arthropoda,Insecta,Hymenoptera,Formicidae,Mycetagroicus,insetos
Tomigerus gibberulus,,Animalia,Mollusca,Gastropoda,Stylommatophora,Odontostomidae,Tomigerus,moluscos
Benthana alba,Tatuzinho-de-jardim,Animalia,Arthropoda,Malacostraca,Isopoda,Philosciidae,Benthana,crustaceos
Diomedea sanfordi,albatroz-real-do-norte,Animalia,Chordata,Aves,Procellariiformes,Diomedeidae,Diomedea,aves
Sphyrna tudes,Caranguejeira,Animalia,Chordata,Elasmobranchii,Carcharhiniformes,Sphyrnidae,Sphyrna,peixes
Campellolebias chrysolineatus,Peixe-anual,Animalia,Chordata,Actinopterygii,Cyprinodontiformes,Rivulidae,Campellolebias,peixes
Phrynomedusa marginata,,Animalia,Chordata,Amphibia,Anura,Phyllomedusidae,Phrynomedusa,anfibios
Mustelus canis,,Animalia,Chordata,Elasmobranchii,Carcharhiniformes,Triakidae,Mustelus,peixes
Rachoviscus crassiceps,Lambari-da-restinga,Animalia,Chordata,Actinopterygii,Characiformes,Acestrorhamphidae,Rachoviscus,peixes
Rhegmatorhina hoffmannsi,formigueiro-de-peito-branco,Animalia,Chordata,Aves,Passeriformes,Thamnophilidae,Rhegmatorhina,aves
Hypsolebias tocantinensis,Peixe-anual,Animalia,Chordata,Actinopterygii,Cyprinodontiformes,Rivulidae,Hypsolebias,peixes
Prochilodus harttii,Curimatá,Animalia,Chordata,Actinopterygii,Characiformes,Prochilodontidae,Prochilodus,peixes
Hylopezus whittakeri,Torom-de-alta floresta,Animalia,Chordata,Aves,Passeriformes,Grallariidae,Hylopezus,aves
Machadagrion garbei,,Animalia,Arthropoda,Insecta,Odonata,Coenagrionidae,Machadagrion,insetos
Aegla charon,Aegla,Animalia,Arthropoda,Malacostraca,Decapoda,Aeglidae,Aegla,crustaceos
Hypsolebias harmonicus,Peixe-anual,Animalia,Chordata,Actinopterygii,Cyprinodontiformes,Rivulidae,Hypsolebias,peixes
Girardia multidiverticulata,,Animalia,Platyhelminthes,Rhabditophora,Tricladida,Dugesiidae,Girardia,outros
Plecturocebus grovesi,zogue-zogue-de-Groves,Animalia,Chordata,Mammalia,Primates,Pitheciidae,Plecturocebus,mamiferos
Chlorosoma laticeps,Cobra-Verde,Animalia,Chordata,Reptilia,Squamata,Dipsadidae,Chlorosoma,repteis
Elaenia ridleyana,cocoruta,Animalia,Chordata,Aves,Passeriformes,Tyrannidae,Elaenia,aves
Centris hyptidoides,,Animalia,Arthropoda,Insecta,Hymenoptera,Apidae,Centris,insetos
Aegla loyolai,Egla,Animalia,Arthropoda,Malacostraca,Decapoda,Aeglidae,Aegla,crustaceos
Lepidothrix vilasboasi,dançador-de-coroa-dourada,Animalia,Chordata,Aves,Passeriformes,Pipridae,Lepidothrix,aves
Thamnophilus aethiops distans,Choca-lisa-do-nordeste,Animalia,Chordata,Aves,Passeriformes,Thamnophilidae,Thamnophilus,aves
Hypsolebias splendissimus,,Animalia,Chordata,Actinopterygii,Cyprinodontiformes,Rivulidae,Hypsolebias,peixes
Cyanocorax hafferi,cancão-da-campina,Animalia,Chordata,Aves,Passeriformes,Corvidae,Cyanocorax,aves
Kerodon acrobata,Mocó-acrobata,Animalia,Chordata,Mammalia,Rodentia,Caviidae,Kerodon,mamiferos
Brachyteles hypoxanthus,Muriqui-do Norte,Animalia,Chordata,Mammalia,Primates,Atelidae,Brachyteles,mamiferos
Hylodes mertensi,,Animalia,Chordata,Amphibia,Anura,Hylodidae,Hylodes,anfibios
Anthus nattereri,Caminheiro-grande,Animalia,Chordata,Aves,Passeriformes,Motacillidae,Anthus,aves
Gymnolebias jaegari,Peixe-anual,Animalia,Chordata,Actinopterygii,Cyprinodontiformes,Rivulidae,Gymnolebias,peixes
Carcharhinus obscurus,Tubarão-faqueta,Animalia,Chordata,Elasmobranchii,Carcharhiniformes,Carcharhinidae,Carcharhinus,peixes
Isoctenus corymbus,,Animalia,Arthropoda,Arachnida,Araneae,Ctenidae,Isoctenus,aracnideos
Crossodactylodes izecksohni,,Animalia,Chordata,Amphibia,Anura,Leptodactylidae,Crossodactylodes,anfibios
Amazona rhodocorytha,chauá,Animalia,Chordata,Aves,Psittaciformes,Psittacidae,Amazona,aves
Physeter macrocephalus,Cachalote,Animalia,Chordata,Mammalia,Artiodactyla,Physeteridae,Physeter,mamiferos
Ameivula cipoensis,Calanguinho-da-serra-do-cipó,Animalia,Chordata,Reptilia,Squamata,Teiidae,Ameivula,repteis
Leptopanchax citrinipinnis,Peixe-anual,Animalia,Chordata,Actinopterygii,Cyprinodontiformes,Rivulidae,Leptopanchax,peixes
Drepanotrema pileatum,,Animalia,Mollusca,Gastropoda,Pulmonata,Planorbidae,Drepanotrema,moluscos
Seira mataraquensis,,Animalia,Arthropoda,Entognatha,Entomobryomorpha,Entomobryidae,Seira,outros
Campylorhamphus multostriatus,arapaçu-de-bico-curvo-do-xingu,Animalia,Chordata,Aves,Passeriformes,Dendrocolaptidae,Campylorhamphus,aves
Phaethon lepturus,Concozuco,Animalia,Chordata,Aves,Phaethontiformes,Phaethontidae,Phaethon,aves
Leptodon forbesi,Gavião-de-pescoço-branco,Animalia,Chordata,Aves,Accipitriformes,Accipitridae,Leptodon,aves
Sporophila frontalis,pixoxó,Animalia,Chordata,Aves,Passeriformes,Thraupidae,Sporophila,aves
Endecous peruassuensis,,Animalia,Arthropoda,Insecta,Orthoptera,Phalangopsidae,Endecous,insetos
Celeus galeatus,Pica-pau-de-cara-amarela,Animalia,Chordata,Aves,Piciformes,Picidae,Celeus,aves
Hermanella nigra,,Animalia,Arthropoda,Insecta,Ephemeroptera,Leptophlebiidae,Hermanella,insetos
Aegla franca,Aegla,Animalia,Arthropoda,Malacostraca,Decapoda,Aeglidae,Aegla,crustaceos
Ischnocnema epipeda,,Animalia,Chordata,Amphibia,Anura,Brachycephalidae,Ischnocnema,anfibios
Oxymycterus caparaoe,,Animalia,Chordata,Mammalia,Rodentia,Cricetidae,Oxymycterus,mamiferos
Halichoeres rubrovirens,Budião-de-Trindade,Animalia,Chordata,Actinopterygii,Perciformes,Labridae,Halichoeres,peixes
Chiropotes utahicki,,Animalia,Chordata,Mammalia,Primates,Pitheciidae,Chiropotes,mamiferos
Formicivora erythronotos,formigueirinho-de-capuz,Animalia,Chordata,Aves,Passeriformes,Thamnophilidae,Formicivora,aves
Phyllomyias reiseri,piolhinho-do-grotão,Animalia,Chordata,Aves,Passeriformes,Tyrannidae,Phyllomyias,aves
Johngarthia lagostoma,Caranguejo-amarelo,Animalia,Arthropoda,Malacostraca,Decapoda,Gecarcinidae,Johngarthia,crustaceos
Forcepsioneura machadorum,libélula,Animalia,Arthropoda,Insecta,Odonata,Coenagrionidae,Forcepsioneura,insetos
Matilebias alexandri,,Animalia,Chordata,Actinopterygii,Cyprinodontiformes,Rivulidae,Matilebias,peixes
Phyllocaulis renschi,,Animalia,Mollusca,Gastropoda,Gymnomorpha,Veronicellidae,Phyllocaulis,moluscos
Cassis tuberosa,,Animalia,Mollusca,Gastropoda,Littorinimorpha,Cassidae,Cassis,moluscos
Synaptula secreta,,Animalia,Echinodermata,Holothuroidea,Apodida,Synaptidae,Synaptula,outros
Isbrueckerichthys saxicola,Cascudo,Animalia,Chordata,Actinopterygii,Siluriformes,Loricariidae,Isbrueckerichthys,peixes
Aegla renana,Egla,Animalia,Arthropoda,Malacostraca,Decapoda,Aeglidae,Aegla,crustaceos
Rowlandius ubajara,,Animalia,Arthropoda,Arachnida,Schizomida,Hubbardiidae,Rowlandius,aracnideos
Coleodactylus elizae,,Animalia,Chordata,Reptilia,Squamata,Sphaerodactylidae,Coleodactylus,repteis
Cinclodes espinhacensis,pedreiro-do-espinhaço,Animalia,Chordata,Aves,Passeriformes,Furnariidae,Cinclodes,aves
Dobrodesmus mirabilis,,Animalia,Arthropoda,Diplopoda,Polydesmida,Dobrodesmidae,Dobrodesmus,outros
Epinecrophylla dentei,Choquinhas,Animalia,Chordata,Aves,Passeriformes,Thamnophilidae,Epinecrophylla,aves
Iuiuia caeca,,Animalia,Arthropoda,Insecta,Hemiptera,Kinnaridae,Iuiuia,insetos
Tropidurus mucujensis,Calango,Animalia,Chordata,Reptilia,Squamata,Tropiduridae,Tropidurus,repteis
Brasileirinho cavaticus,,Animalia,Arthropoda,Malacostraca,Isopoda,Brasileirinidae,Brasileirinho,crustaceos
Terenura sicki,formigueirinho-de-barriga-laranja,Animalia,Chordata,Aves,Passeriformes,Thamnophilidae,Terenura,aves
Steindachneridion melanodermatum,Surubim-do-iguaçu,Animalia,Chordata,Actinopterygii,Siluriformes,Pimelodidae,Steindachneridion,peixes
Amphisbaena nigricauda,Cobra-de-duas-cabeças,Animalia,Chordata,Reptilia,Squamata,Amphisbaenidae,Amphisbaena,repteis
Holoaden bradei,,Animalia,Chordata,Amphibia,Anura,Strabomantidae,Holoaden,anfibios
Lagothrix lagothricha lagothricha,,Animalia,Chordata,Mammalia,Primates,Atelidae,Lagothrix,mamiferos
Charinus potiguar,,Animalia,Arthropoda,Arachnida,Amblypygi,Charinidae,Charinus,aracnideos
Squatina occulta,,Animalia,Chordata,Elasmobranchii,Squatiniformes,Squatinidae,Squatina,peixes
Hyalella veredae,,Animalia,Arthropoda,Malacostraca,Amphipoda,Hyalellidae,Hyalella,crustaceos
Monocondylaea franciscana,Bivalve,Animalia,Mollusca,Bivalvia,Unionida,Mycetopodidae,Monocondylaea,moluscos
Hypsolebias hellneri,Peixe-anual,Animalia,Chordata,Actinopterygii,Cyprinodontiformes,Rivulidae,Hypsolebias,peixes
Acrobatornis fonsecai,acrobata,Animalia,Chordata,Aves,Passeriformes,Furnariidae,Acrobatornis,aves
Sclerurus macconnelli bahiae,Vira-folhas,Animalia,Chordata,Aves,Passeriformes,Scleruridae,Sclerurus,aves
Scytalopus iraiensis,Macuquinho-da-várzea,Animalia,Chordata,Aves,Passeriformes,Rhinocryptidae,Scytalopus,aves
Ancistrus minutus,Bodó-seda,Animalia,Chordata,Actinopterygii,Siluriformes,Loricariidae,Ancistrus,peixes
Alectrurus tricolor,caça-moscas-galo,Animalia,Chordata,Aves,Passeriformes,Tyrannidae,Alectrurus,aves
Selenidera gouldii baturitensis,Araçari-de-Gould,Animalia,Chordata,Aves,Piciformes,Ramphastidae,Selenidera,aves
Hypsolebias delucai,Peixe-anual,Animalia,Chordata,Actinopterygii,Cyprinodontiformes,Rivulidae,Hypsolebias,peixes
Squatina guggenheim,,Animalia,Chordata,Elasmobranchii,Squatiniformes,Squatinidae,Squatina,peixes
Synallaxis infuscata,rabo-espinhoso-nordestino,Animalia,Chordata,Aves,Passeriformes,Furnariidae,Synallaxis,aves
Rhopornis ardesiacus,formigueiro-esbelto,Animalia,Chordata,Aves,Passeriformes,Thamnophilidae,Rhopornis,aves
Parastacus tuerkayi,,Animalia,Arthropoda,Malacostraca,Decapoda,Parastacidae,Parastacus,crustaceos
Hypsolebias shibattai,,Animalia,Chordata,Actinopterygii,Cyprinodontiformes,Rivulidae,Hypsolebias,peixes
Hypsolebias flavicaudatus,Peixe-anual,Animalia,Chordata,Actinopterygii,Cyprinodontiformes,Rivulidae,Hypsolebias,peixes
Glossoscolex matogrossensis,Minhoca,Animalia,Annelida,Clitellata,Haplotaxida,Glossoscolecidae,Glossoscolex,outros
Callicebus nigrifrons,Guigó,Animalia,Chordata,Mammalia,Primates,Pitheciidae,Callicebus,mamiferos
Leontopithecus chrysomelas,Mico-leão-de-cara-dourada,Animalia,Chordata,Mammalia,Primates,Callitrichidae,Leontopithecus,mamiferos
Ameiva parecis,Calango,Animalia,Chordata,Reptilia,Squamata,Teiidae,Ameiva,repteis
Philodryas livida,Corre-Campo,Animalia,Chordata,Reptilia,Squamata,Dipsadidae,Philodryas,repteis
Thamnophilus nigrocinereus huberi,,Animalia,Chordata,Aves,Passeriformes,Thamnophilidae,Thamnophilus,aves
Inia araguaiaensis,Boto-do-Araguaia,Animalia,Chordata,Mammalia,Artiodactyla,Iniidae,Inia,mamiferos
Spelaeochernes gracilipalpus,falso escorpião,Animalia,Arthropoda,Arachnida,Pseudoscorpiones,Chernetidae,Spelaeochernes,aracnideos
Melanorivulus leali,,Animalia,Chordata,Actinopterygii,Cyprinodontiformes,Rivulidae,Melanorivulus,peixes
Leposoma puk,,Animalia,Chordata,Reptilia,Squamata,Gymnophthalmidae,Leposoma,repteis
Hypsolebias lopesi,Peixe-anual,Animalia,Chordata,Actinopterygii,Cyprinodontiformes,Rivulidae,Hypsolebias,peixes
Ginglymostoma cirratum,Cação-lixa,Animalia,Chordata,Elasmobranchii,Orectolobiformes,Ginglymostomatidae,Ginglymostoma,peixes
Ozotoceros bezoarticus leucogaster,Veado,Animalia,Chordata,Mammalia,Artiodactyla,Cervidae,Ozotoceros,mamiferos
Chiasmocleis alagoana,,Animalia,Chordata,Amphibia,Anura,Microhylidae,Chiasmocleis,anfibios
Scriptosaura catimbau,,Animalia,Chordata,Reptilia,Squamata,Gymnophthalmidae,Scriptosaura,repteis
Tinamus tao,azulona,Animalia,Chordata,Aves,Tinamiformes,Tinamidae,Tinamus,aves
Trichomycterus dali,Bagrinho-cego-da-serra-da-bodoquena,Animalia,Chordata,Actinopterygii,Siluriformes,Trichomycteridae,Trichomycterus,peixes
Ophthalmolebias rosaceus,Peixe-anual,Animalia,Chordata,Actinopterygii,Cyprinodontiformes,Rivulidae,Ophthalmolebias,peixes
Bothrops sazimai,,Animalia,Chordata,Reptilia,Squamata,Viperidae,Bothrops,repteis
Glossoscolex riograndensis,Minhocas,Animalia,Annelida,Clitellata,Haplotaxida,Glossoscolecidae,Glossoscolex,outros
Sapajus cay,Macaco Prego,Animalia,Chordata,Mammalia,Primates,Cebidae,Sapajus,mamiferos
Coarazuphium kayapo,,Animalia,Arthropoda,Insecta,Coleoptera,Carabidae,Coarazuphium,insetos
Atlantodesmus pickeli,,Animalia,Arthropoda,Diplopoda,Polydesmida,Chelodesmidae,Atlantodesmus,outros
Penelope jacucaca,guano-de-sobrancelhas,Animalia,Chordata,Aves,Galliformes,Cracidae,Penelope,aves
Malacoptila minor,,Animalia,Chordata,Aves,Galbuliformes,Bucconidae,Malacoptila,aves
Ctenomys flamarioni,Tuco-tuco-das-dunas,Animalia,Chordata,Mammalia,Rodentia,Ctenomyidae,Ctenomys,mamiferos
Chelonoidis carbonarius,Jabuti-Vermelho,Animalia,Chordata,Reptilia,Testudines,Testudinidae,Chelonoidis,repteis
Crenicichla jupiaensis,Joaninha,Animalia,Chordata,Actinopterygii,Cichliformes,Cichlidae,Crenicichla,peixes
Neomorphus squamiger,cuco-terrestre-escamoso,Animalia,Chordata,Aves,Cuculiformes,Cuculidae,Neomorphus,aves
Indiani gaspar,,Animalia,Arthropoda,Arachnida,Araneae,Gnaphosidae,Indiani,aracnideos
Crax blumenbachii,mutum-de-bico-vermelho,Animalia,Chordata,Aves,Galliformes,Cracidae,Crax,aves
Macrobrachium denticulatum,camarão pitú,Animalia,Arthropoda,Malacostraca,Decapoda,Palaemonidae,Macrobrachium,crustaceos
Amphisbaena tiaraju,,Animalia,Chordata,Reptilia,Squamata,Amphisbaenidae,Amphisbaena,repteis
Xipholena lamellipennis,Bacacu-preto,Animalia,Chordata,Aves,Passeriformes,Cotingidae,Xipholena,aves
Atlantirivulus maricensis,Rivúlo-bege,Animalia,Chordata,Actinopterygii,Cyprinodontiformes,Rivulidae,Atlantirivulus,peixes
Phrynops williamsi,Cágado-de-Ferradura,Animalia,Chordata,Reptilia,Testudines,Chelidae,Phrynops,repteis
Mycetopoda legumen,Bivalve,Animalia,Mollusca,Bivalvia,Unionida,Mycetopodidae,Mycetopoda,moluscos
Myliobatis goodei,Raia-de-Goode,Animalia,Chordata,Elasmobranchii,Myliobatiformes,Myliobatidae,Myliobatis,peixes
Microglanis robustus,Bagrinho,Animalia,Chordata,Actinopterygii,Siluriformes,Pseudopimelodidae,Microglanis,peixes
Makaira nigricans,Espadarte-sombra,Animalia,Chordata,Actinopterygii,Perciformes,Istiophoridae,Makaira,peixes
Phyllomys brasiliensis,Rato-da-árvore,Animalia,Chordata,Mammalia,Rodentia,Echimyidae,Phyllomys,mamiferos
Ferricixius davidi,,Animalia,Arthropoda,Insecta,Hemiptera,Cixiidae,Ferricixius,insetos
Crax globulosa,Mutum-fava,Animalia,Chordata,Aves,Galliformes,Cracidae,Crax,aves
Scytalopus gonzagai,tapaculo-de-boa-nova,Animalia,Chordata,Aves,Passeriformes,Rhinocryptidae,Scytalopus,aves
Burhinus bistriatus,alcaravão-americano,Animalia,Chordata,Aves,Charadriiformes,Burhinidae,Burhinus,aves
Lavajatus moroi,,Animalia,Mollusca,Gastropoda,Stylommatophora,Achatinidae,Lavajatus,moluscos
Xenohyla truncata,Perereca-Fruta,Animalia,Chordata,Amphibia,Anura,Hylidae,Xenohyla,anfibios
Eukoenenia neytiri,,Animalia,Arthropoda,Arachnida,Palpigradi,Eukoeneniidae,Eukoenenia,aracnideos
Trinomys minor,,Animalia,Chordata,Mammalia,Rodentia,Echimyidae,Trinomys,mamiferos
Apostolepis arenaria,Cobra-rainha do São Francisco,Animalia,Chordata,Reptilia,Squamata,Dipsadidae,Apostolepis,repteis
Cyphocharax jagunco,Saguiru,Animalia,Chordata,Actinopterygii,Characiformes,Curimatidae,Cyphocharax,peixes
Lopholatilus villarii,Peixe-batata,Animalia,Chordata,Actinopterygii,Acanthuriformes,Latilidae,Lopholatilus,peixes
Pterodroma madeira,Freira da Madeira,Animalia,Chordata,Aves,Procellariiformes,Procellariidae,Pterodroma,aves
Spelaeogammarus ginae,,Animalia,Arthropoda,Malacostraca,Amphipoda,Artesiidae,Spelaeogammarus,crustaceos
Callithrix aurita,Sagüi-da-serra-escuro,Animalia,Chordata,Mammalia,Primates,Callitrichidae,Callithrix,mamiferos
Sparisoma axillare,Peixe-papagaio-cinzento,Animalia,Chordata,Actinopterygii,Perciformes,Scaridae,Sparisoma,peixes
Lebiasina marilynae,Peixe-lápis,Animalia,Chordata,Actinopterygii,Characiformes,Lebiasinidae,Lebiasina,peixes
Trogon muriciensis,surucuá-de-murici,Animalia,Chordata,Aves,Trogoniformes,Trogonidae,Trogon,aves
Ideoroncus cavicola,falso escorpião,Animalia,Arthropoda,Arachnida,Pseudoscorpiones,Ideoroncidae,Ideoroncus,aracnideos
Limnodromus griseus,Maçarico-de-costa-branca,Animalia,Chordata,Aves,Charadriiformes,Scolopacidae,Limnodromus,aves
Pyrrhura cruentata,periquitão-sanguíneo,Animalia,Chordata,Aves,Psittaciformes,Psittacidae,Pyrrhura,aves
Austrolebias univentripinnis,Rivúlo-de-espinho-único,Animalia,Chordata,Actinopterygii,Cyprinodontiformes,Rivulidae,Austrolebias,peixes
Listrura depinnai,,Animalia,Chordata,Actinopterygii,Siluriformes,Trichomycteridae,Listrura,peixes
Rachoviscus graciliceps,Lambari,Animalia,Chordata,Actinopterygii,Characiformes,Acestrorhamphidae,Rachoviscus,peixes
Sphaenorhynchus cammaeus,,Animalia,Chordata,Amphibia,Anura,Hylidae,Sphaenorhynchus,anfibios
Conopophaga lineata lineata,,Animalia,Chordata,Aves,Passeriformes,Conopophagidae,Conopophaga,aves
Panthera onca,Onca,Animalia,Chordata,Mammalia,Carnivora,Felidae,Panthera,mamiferos
Conothraupis mesoleuca,tangará-bicudo,Animalia,Chordata,Aves,Passeriformes,Thraupidae,Conothraupis,aves
Ariadna aurea,,Animalia,Arthropoda,Arachnida,Araneae,Segestriidae,Ariadna,aracnideos
Geositta poeciloptera,Bate-bunda,Animalia,Chordata,Aves,Passeriformes,Scleruridae,Geositta,aves
Amphisbaena arenaria,Cobra-de-duas-cabeças,Animalia,Chordata,Reptilia,Squamata,Amphisbaenidae,Amphisbaena,repteis
Bokermannohyla napolii,,Animalia,Chordata,Amphibia,Anura,Hylidae,Bokermannohyla,anfibios
Archolaemus santosi,,Animalia,Chordata,Actinopterygii,Gymnotiformes,Sternopygidae,Archolaemus,peixes
Atlantoraja castelnaui,Raia-de-Castelnau,Animalia,Chordata,Elasmobranchii,Rajiformes,Arhynchobatidae,Atlantoraja,peixes
Cephalometra pallida,,Animalia,Arthropoda,Insecta,Hemiptera,Hydrometridae,Cephalometra,insetos
Dolichothele diamantinensis,,Animalia,Arthropoda,Arachnida,Araneae,Theraphosidae,Dolichothele,aracnideos
Fregata minor,Tesourão-grande,Animalia,Chordata,Aves,Suliformes,Fregatidae,Fregata,aves
Sporophila nigrorufa,caboclinho-do-sertão,Animalia,Chordata,Aves,Passeriformes,Thraupidae,Sporophila,aves
Pampasatyrus reticulata gagarini,borboleta,Animalia,Arthropoda,Insecta,Lepidoptera,Nymphalidae,Pampasatyrus,insetos
Cephalotes liviaprado,,Animalia,Arthropoda,Insecta,Hymenoptera,Formicidae,Cephalotes,insetos
Kryptolebias brasiliensis,,Animalia,Chordata,Actinopterygii,Cyprinodontiformes,Rivulidae,Kryptolebias,peixes
Glaucomastix littoralis,Calango,Animalia,Chordata,Reptilia,Squamata,Teiidae,Glaucomastix,repteis
Pyrrhura lepida,periquitão-paraense,Animalia,Chordata,Aves,Psittaciformes,Psittacidae,Pyrrhura,aves
Crossodactylus franciscanus,,Animalia,Chordata,Amphibia,Anura,Hylodidae,Crossodactylus,anfibios
Priodontes maximus,Tatu-Canastra,Animalia,Chordata,Mammalia,Cingulata,Chlamyphoridae,Priodontes,mamiferos
Heteroxolmis dominicanus,noivinha-de-rabo-preto,Animalia,Chordata,Aves,Passeriformes,Tyrannidae,Heteroxolmis,aves
Tapirus terrestris,Anta,Animalia,Chordata,Mammalia,Perissodactyla,Tapiridae,Tapirus,mamiferos
Rhipidodonta garbei,Bivalve,Animalia,Mollusca,Bivalvia,Unionida,Hyriidae,Rhipidodonta,moluscos
Psalidodon crenuchoides,,Animalia,Chordata,Actinopterygii,Characiformes,Acestrorhamphidae,Psalidodon,peixes
Arhysosage biguttulata,,Animalia,Arthropoda,Insecta,Hymenoptera,Andrenidae,Arhysosage,insetos
Pogonias courbina,,Animalia,Chordata,Actinopterygii,Acanthuriformes,Sciaenidae,Pogonias,peixes
Pampasatyrus glaucope eberti,borboleta,Animalia,Arthropoda,Insecta,Lepidoptera,Nymphalidae,Pampasatyrus,insetos
Sternarchorhynchus kokraimoro,Sarapó,Animalia,Chordata,Actinopterygii,Gymnotiformes,Apteronotidae,Sternarchorhynchus,peixes
Apostolepis quirogai,Cabeça-Preta-de-Rabo-Preto,Animalia,Chordata,Reptilia,Squamata,Dipsadidae,Apostolepis,repteis
Arlea psammophila,,Animalia,Arthropoda,Entognatha,Entomobryomorpha,Isotomidae,Arlea,outros
Pampasatyrus glaucope boenninghauseni,borboleta,Animalia,Arthropoda,Insecta,Lepidoptera,Nymphalidae,Pampasatyrus,insetos
Isotomurus riparius,,Animalia,Arthropoda,Entognatha,Entomobryomorpha,Isotomidae,Isotomurus,outros
Starksia multilepis,Labrisômo-de-Noronha,Animalia,Chordata,Actinopterygii,Perciformes,Labrisomidae,Starksia,peixes
Ctenomys lami,Tuco- tuco-do-Lami,Animalia,Chordata,Mammalia,Rodentia,Ctenomyidae,Ctenomys,mamiferos
Coarazuphium pains,,Animalia,Arthropoda,Insecta,Coleoptera,Carabidae,Coarazuphium,insetos
Cartagonum apiuba,,Animalia,Arthropoda,Insecta,Coleoptera,Lycidae,Cartagonum,insetos
Oreaster reticulatus,Estrela-almofada-vermelha,Animalia,Echinodermata,Asteroidea,Valvatida,Oreasteridae,Oreaster,outros
Sclerurus caudacutus umbretta,Vira-folha-pardo-do-sudeste,Animalia,Chordata,Aves,Passeriformes,Scleruridae,Sclerurus,aves
Sternarchorhynchus higuchii,Sarapó,Animalia,Chordata,Actinopterygii,Gymnotiformes,Apteronotidae,Sternarchorhynchus,peixes
Pterodroma deserta,freira-das-desertas,Animalia,Chordata,Aves,Procellariiformes,Procellariidae,Pterodroma,aves
Steindachneridion scriptum,Bocudo,Animalia,Chordata,Actinopterygii,Siluriformes,Pimelodidae,Steindachneridion,peixes
Campellolebias intermedius,Peixe-anual,Animalia,Chordata,Actinopterygii,Cyprinodontiformes,Rivulidae,Campellolebias,peixes
Oligoneuria amandae,,Animalia,Arthropoda,Insecta,Ephemeroptera,Oligoneuriidae,Oligoneuria,insetos
Ctenomys minutus,Tuco- tuco,Animalia,Chordata,Mammalia,Rodentia,Ctenomyidae,Ctenomys,mamiferos
Formicivora paludicola,bicudinho-do-brejo-paulista,Animalia,Chordata,Aves,Passeriformes,Thamnophilidae,Formicivora,aves
Hemitriccus kaempferi,falso-tódi-catarinense,Animalia,Chordata,Aves,Passeriformes,Rhynchocyclidae,Hemitriccus,aves
Bokermannohyla vulcaniae,Perereca-do-Vulcão,Animalia,Chordata,Amphibia,Anura,Hylidae,Bokermannohyla,anfibios
Ischnotelson guanambiensis,,Animalia,Arthropoda,Arachnida,Scorpiones,Buthidae,Ischnotelson,aracnideos
Hyphessobrycon taurocephalus,Lambari,Animalia,Chordata,Actinopterygii,Characiformes,Acestrorhamphidae,Hyphessobrycon,peixes
Stegastes trindadensis,Donzela-de-Trindade,Animalia,Chordata,Actinopterygii,Perciformes,Pomacentridae,Stegastes,peixes
Phrynomedusa vanzolinii,,Animalia,Chordata,Amphibia,Anura,Phyllomedusidae,Phrynomedusa,anfibios
Aegla okora,,Animalia,Arthropoda,Malacostraca,Decapoda,Aeglidae,Aegla,crustaceos
Odontesthes bicudo,Peixe-rei-bicudo,Animalia,Chordata,Actinopterygii,Atheriniformes,Atherinopsidae,Odontesthes,peixes
Monomorium delabiei,,Animalia,Arthropoda,Insecta,Hymenoptera,Formicidae,Monomorium,insetos
Mobula birostris,Jamanta,Animalia,Chordata,Elasmobranchii,Myliobatiformes,Mobulidae,Mobula,peixes
Arhinolemur gaiero,Piapara,Animalia,Chordata,Actinopterygii,Characiformes,Anostomidae,Arhinolemur,peixes
Steindachneridion parahybae,Surubim-do-paraíba,Animalia,Chordata,Actinopterygii,Siluriformes,Pimelodidae,Steindachneridion,peixes
Dermochelys coriacea,Tartaruga-de-casco-mole,Animalia,Chordata,Reptilia,Testudines,Dermochelyidae,Dermochelys,repteis
Pseudobatos horkelii,Cação-viola,Animalia,Chordata,Elasmobranchii,Rhinopristiformes,Rhinobatidae,Pseudobatos,peixes
Myrmotherula minor,choquinha-pequena,Animalia,Chordata,Aves,Passeriformes,Thamnophilidae,Myrmotherula,aves
Syndactyla ucayalae,bico-virado-peruano,Animalia,Chordata,Aves,Passeriformes,Furnariidae,Syndactyla,aves
Epiperipatus adenocryptus,,Animalia,Onychophora,Onychophora,Euonychophora,Peripatidae,Epiperipatus,outros
Ololygon muriciensis,,Animalia,Chordata,Amphibia,Anura,Hylidae,Ololygon,anfibios
Aspidoras mephisto,,Animalia,Chordata,Actinopterygii,Siluriformes,Callichthyidae,Aspidoras,peixes
Hypsolebias faouri,,Animalia,Chordata,Actinopterygii,Cyprinodontiformes,Rivulidae,Hypsolebias,peixes
Discocyrtus pedrosoi,aranha-alho,Animalia,Arthropoda,Arachnida,Opiliones,Gonyleptidae,Discocyrtus,aracnideos
Alouatta guariba guariba,Barbado,Animalia,Chordata,Mammalia,Primates,Atelidae,Alouatta,mamiferos
Epiperipatus paurognostus,,Animalia,Onychophora,Onychophora,Euonychophora,Peripatidae,Epiperipatus,outros
Pseudochthonius koinopoliteia,falso escorpião,Animalia,Arthropoda,Arachnida,Pseudoscorpiones,Chthoniidae,Pseudochthonius,aracnideos
Sparisoma amplum,Peixe-papagaio-de-recife,Animalia,Chordata,Actinopterygii,Perciformes,Scaridae,Sparisoma,peixes
Trichomycterus itacarambiensis,Bagrinho-de-caverna,Animalia,Chordata,Actinopterygii,Siluriformes,Trichomycteridae,Trichomycterus,peixes
Atelocynus microtis,Cachorro-do-mato-de-orelhas-curtas,Animalia,Chordata,Mammalia,Carnivora,Canidae,Atelocynus,mamiferos
Spelaeogammarus bahiensis,,Animalia,Arthropoda,Malacostraca,Amphipoda,Artesiidae,Spelaeogammarus,crustaceos
Hippocampus patagonicus,Cavalo-marinho-mirim,Animalia,Chordata,Actinopterygii,Syngnathiformes,Syngnathidae,Hippocampus,peixes
Brachycephalus pernix,,Animalia,Chordata,Amphibia,Anura,Brachycephalidae,Brachycephalus,anfibios
Currhaeus polegattoi,,Animalia,Arthropoda,Insecta,Coleoptera,Lycidae,Currhaeus,insetos
Circoniscus mendesi,Tatuzinho-de-jardim,Animalia,Arthropoda,Malacostraca,Isopoda,Scleropactidae,Circoniscus,crustaceos
Spelaeogammarus titan,,Animalia,Arthropoda,Malacostraca,Amphipoda,Artesiidae,Spelaeogammarus,crustaceos
Ituglanis passensis,Bagrinho-de-caverna,Animalia,Chordata,Actinopterygii,Siluriformes,Trichomycteridae,Ituglanis,peixes
Camelobaetidius juparana,,Animalia,Arthropoda,Insecta,Ephemeroptera,Baetidae,Camelobaetidius,insetos
Coendou speratus,Coandu-mirim,Animalia,Chordata,Mammalia,Rodentia,Erethizontidae,Coendou,mamiferos
Hypsolebias radiseriatus,,Animalia,Chordata,Actinopterygii,Cyprinodontiformes,Rivulidae,Hypsolebias,peixes
Megalobulimus cardosoi,Árua-do-Mato,Animalia,Mollusca,Gastropoda,Stylommatophora,Strophocheilidae,Megalobulimus,moluscos
Hypsolebias nielseni,Peixe-anual,Animalia,Chordata,Actinopterygii,Cyprinodontiformes,Rivulidae,Hypsolebias,peixes
Hypsolebias auratus,Peixe-anual,Animalia,Chordata,Actinopterygii,Cyprinodontiformes,Rivulidae,Hypsolebias,peixes
Callicebus barbarabrownae,Guigó-da-caatinga,Animalia,Chordata,Mammalia,Primates,Pitheciidae,Callicebus,mamiferos
Charadrius wilsonia,batuíra-bicuda,Animalia,Chordata,Aves,Charadriiformes,Charadriidae,Charadrius,aves
Penelope superciliaris alagoensis,,Animalia,Chordata,Aves,Galliformes,Cracidae,Penelope,aves
Lagothrix lagothricha,macaco-barrigudo,Animalia,Chordata,Mammalia,Primates,Atelidae,Lagothrix,mamiferos
Stegastes sanctipauli,,Animalia,Chordata,Actinopterygii,Perciformes,Pomacentridae,Stegastes,peixes
Melanophryniscus montevidensis,Sapinho de Barriga Vermelha Uruguaio,Animalia,Chordata,Amphibia,Anura,Bufonidae,Melanophryniscus,anfibios
Sphyrna zygaena,Tubarão Martelo,Animalia,Chordata,Elasmobranchii,Carcharhiniformes,Sphyrnidae,Sphyrna,peixes
Pararrhopalites ubiquum,,Animalia,Arthropoda,Entognatha,Symphypleona,Sminthuridae,Pararrhopalites,outros
Girardia spelaea,,Animalia,Platyhelminthes,Rhabditophora,Tricladida,Dugesiidae,Girardia,outros
Hylodes sazimai,,Animalia,Chordata,Amphibia,Anura,Hylodidae,Hylodes,anfibios
Celeus obrieni,pica-pau-da-taboca,Animalia,Chordata,Aves,Piciformes,Picidae,Celeus,aves
Harmonicon cerberus,,Animalia,Arthropoda,Arachnida,Araneae,Dipluridae,Harmonicon,aracnideos
Apostolepis phillipsi,,Animalia,Chordata,Reptilia,Squamata,Dipsadidae,Apostolepis,repteis
Ophthalmolebias ilheusensis,Peixe-anual,Animalia,Chordata,Actinopterygii,Cyprinodontiformes,Rivulidae,Ophthalmolebias,peixes
Mesaphorura maricaensis,,Animalia,Arthropoda,Entognatha,Symphypleona,Arrhopalitidae,Mesaphorura,outros
Hasemania piatan,Piaba,Animalia,Chordata,Actinopterygii,Characiformes,Acestrorhamphidae,Hasemania,peixes
Maxchernes iporangae,falso escorpião,Animalia,Arthropoda,Arachnida,Pseudoscorpiones,Chernetidae,Maxchernes,aracnideos
Pristis pectinata,Espadarte-serra,Animalia,Chordata,Elasmobranchii,Rhinopristiformes,Pristidae,Pristis,peixes
Melanorivulus pinima,,Animalia,Chordata,Actinopterygii,Cyprinodontiformes,Rivulidae,Melanorivulus,peixes
Colobodactylus dalcyanus,Lagartinho-do-folhedo,Animalia,Chordata,Reptilia,Squamata,Gymnophthalmidae,Colobodactylus,repteis
Allokoenenia canhembora,,Animalia,Arthropoda,Arachnida,Palpigradi,Eukoeneniidae,Allokoenenia,aracnideos
Hypleurochilus brasil,Blênio-mirim,Animalia,Chordata,Actinopterygii,Perciformes,Blenniidae,Hypleurochilus,peixes
Trichechus manatus,Peixe-boi das Américas,Animalia,Chordata,Mammalia,Sirenia,Trichechidae,Trichechus,mamiferos
Leposoma baturitensis,,Animalia,Chordata,Reptilia,Squamata,Gymnophthalmidae,Leposoma,repteis
Endecous apterus,,Animalia,Arthropoda,Insecta,Orthoptera,Phalangopsidae,Endecous,insetos
Eukoenenia cavatica,,Animalia,Arthropoda,Arachnida,Palpigradi,Eukoeneniidae,Eukoenenia,aracnideos
Amphisbaena supernumeraria,Cobra-de-duas-cabeças,Animalia,Chordata,Reptilia,Squamata,Amphisbaenidae,Amphisbaena,repteis
Aburria jacutinga,jacutinga,Animalia,Chordata,Aves,Galliformes,Cracidae,Aburria,aves
Hyporthodus nigritus,Cherne negro,Animalia,Chordata,Actinopterygii,Perciformes,Epinephelidae,Hyporthodus,peixes
Centris thelyopsis,,Animalia,Arthropoda,Insecta,Hymenoptera,Apidae,Centris,insetos
Garcialebias cheffei,,Animalia,Chordata,Actinopterygii,Cyprinodontiformes,Rivulidae,Garcialebias,peixes
Oncinocampa trajanoae,,Animalia,Arthropoda,Entognatha,Diplura,Campodeidae,Oncinocampa,outros
Eukoenenia maquinensis,,Animalia,Arthropoda,Arachnida,Palpigradi,Eukoeneniidae,Eukoenenia,aracnideos
Hylodes magalhaesi,,Animalia,Chordata,Amphibia,Anura,Hylodidae,Hylodes,anfibios
Phaneromerium troglopterygotum,,Animalia,Arthropoda,Diplopoda,Polydesmida,Trichopolydesmidae,Phaneromerium,outros
Garcialebias nachtigalli,Peixe-anual,Animalia,Chordata,Actinopterygii,Cyprinodontiformes,Rivulidae,Garcialebias,peixes
Trichechus inunguis,Peixe-boi Amazónico,Animalia,Chordata,Mammalia,Sirenia,Trichechidae,Trichechus,mamiferos
Crossodactylodes itambe,,Animalia,Chordata,Amphibia,Anura,Leptodactylidae,Crossodactylodes,anfibios
Coarazuphium tapiaguassu,,Animalia,Arthropoda,Insecta,Coleoptera,Carabidae,Coarazuphium,insetos
Aegla inconspicua,Egla,Animalia,Arthropoda,Malacostraca,Decapoda,Aeglidae,Aegla,crustaceos
Psilops seductus,,Animalia,Chordata,Reptilia,Squamata,Gymnophthalmidae,Psilops,repteis
Strix huhula albomarginata,,Animalia,Chordata,Aves,Strigiformes,Strigidae,Strix,aves
Ancistrus cryptophthalmus,Cascudinho-de-caverna,Animalia,Chordata,Actinopterygii,Siluriformes,Loricariidae,Ancistrus,peixes
Phalotris multipunctatus,Fura-terra pintada,Animalia,Chordata,Reptilia,Squamata,Dipsadidae,Phalotris,repteis
Ochyrocera ritxoco,,Animalia,Arthropoda,Arachnida,Araneae,Ochyroceratidae,Ochyrocera,aracnideos
Sclerurus caudacutus caligineus,Vira-folha-pardo-do-nordeste,Animalia,Chordata,Aves,Passeriformes,Scleruridae,Sclerurus,aves
Callistomys pictus,rato-do-cacau,Animalia,Chordata,Mammalia,Rodentia,Echimyidae,Callistomys,mamiferos
Cebus kaapori,Caiarara ka’apor,Animalia,Chordata,Mammalia,Primates,Cebidae,Cebus,mamiferos
Amydetes bellorum,,Animalia,Arthropoda,Insecta,Coleoptera,Lampyridae,Amydetes,insetos
Acantholebias quirogai,,Animalia,Chordata,Actinopterygii,Cyprinodontiformes,Rivulidae,Acantholebias,peixes
Pseudochthonius diamachi,falso escorpião,Animalia,Arthropoda,Arachnida,Pseudoscorpiones,Chthoniidae,Pseudochthonius,aracnideos
Drymusa spelunca,,Animalia,Arthropoda,Arachnida,Araneae,Drymusidae,Drymusa,aracnideos
Rodriguesophis scriptorcibatus,Muçurana-nariguda do São Francisco,Animalia,Chordata,Reptilia,Squamata,Dipsadidae,Rodriguesophis,repteis
Nyceryx mielkei,mariposa,Animalia,Arthropoda,Insecta,Lepidoptera,Sphingidae,Nyceryx,insetos
Calidris canutus,Seixoeira,Animalia,Chordata,Aves,Charadriiformes,Scolopacidae,Calidris,aves
Platyrinchus leucoryphus,bico-chato-d'asa-ruiva,Animalia,Chordata,Aves,Passeriformes,Platyrinchidae,Platyrinchus,aves
Neomorphus geoffroyi geoffroyi,,Animalia,Chordata,Aves,Cuculiformes,Cuculidae,Neomorphus,aves
Erebonyx catacumbae,,Animalia,Arthropoda,Insecta,Orthoptera,Phalangopsidae,Erebonyx,insetos
Cynolebias griseus,Peixe-anual,Animalia,Chordata,Actinopterygii,Cyprinodontiformes,Rivulidae,Cynolebias,peixes
Cryptops iporangensis,,Animalia,Arthropoda,Chilopoda,Scolopendromorpha,Cryptopidae,Cryptops,outros
Altitatiayus campoi,,Animalia,Arthropoda,Insecta,Coleoptera,Lucanidae,Altitatiayus,insetos
Carcharhinus leucas,Cação-fidalgo,Animalia,Chordata,Elasmobranchii,Carcharhiniformes,Carcharhinidae,Carcharhinus,peixes
Conorhynchos conirostris,Pirá,Animalia,Chordata,Actinopterygii,Siluriformes,Pimelodidae,Conorhynchos,peixes
Phaethornis major,,Animalia,Chordata,Aves,Apodiformes,Trochilidae,Phaethornis,aves
Hypsolebias stellatus,,Animalia,Chordata,Actinopterygii,Cyprinodontiformes,Rivulidae,Hypsolebias,peixes
Steindachneridion amblyurum,Surubim-do-jequitinhonha,Animalia,Chordata,Actinopterygii,Siluriformes,Pimelodidae,Steindachneridion,peixes
Tropidurus hygomi,Calango,Animalia,Chordata,Reptilia,Squamata,Tropiduridae,Tropidurus,repteis
Actenosigynes mantiqueirensis,,Animalia,Arthropoda,Insecta,Hymenoptera,Colletidae,Actenosigynes,insetos
Hyphessobrycon cantoi,,Animalia,Chordata,Actinopterygii,Characiformes,Characidae,Hyphessobrycon,peixes
Ochyrocera rosinha,,Animalia,Arthropoda,Arachnida,Araneae,Ochyroceratidae,Ochyrocera,aracnideos
Hypanus berthalutzae,Raia de Pedra,Animalia,Chordata,Elasmobranchii,Myliobatiformes,Dasyatidae,Hypanus,peixes
Pyrrhura amazonum,periquitão-de-santarém,Animalia,Chordata,Aves,Psittaciformes,Psittacidae,Pyrrhura,aves
Trogon collaris eytoni,,Animalia,Chordata,Aves,Trogoniformes,Trogonidae,Trogon,aves
Knipolegus franciscanus,caça-moscas-preto-nordestino,Animalia,Chordata,Aves,Passeriformes,Tyrannidae,Knipolegus,aves
Schiffornis turdina intermedia,Flautim-marrom,Animalia,Chordata,Aves,Passeriformes,Tityridae,Schiffornis,aves
Dactyloa pseudotigrina,,Animalia,Chordata,Reptilia,Squamata,Dactyloidae,Dactyloa,repteis
Fluminagrion taxaense,libélula,Animalia,Arthropoda,Insecta,Odonata,Coenagrionidae,Fluminagrion,insetos
Leporinus pitingai,Aracu,Animalia,Chordata,Actinopterygii,Characiformes,Anostomidae,Leporinus,peixes
Altitatiayus rotundatus,,Animalia,Arthropoda,Insecta,Coleoptera,Lucanidae,Altitatiayus,insetos
Melanophryniscus admirabilis,Sapinho-admirável-de-barriga-vermelha,Animalia,Chordata,Amphibia,Anura,Bufonidae,Melanophryniscus,anfibios
Achirus mucuri,Linguado-mucuri,Animalia,Chordata,Actinopterygii,Pleuronectiformes,Achiridae,Achirus,peixes
Teleocichla centisquama,Sabãozinho,Animalia,Chordata,Actinopterygii,Cichliformes,Cichlidae,Teleocichla,peixes
Bathytoshia centroura,raia prego espinhosa,Animalia,Chordata,Elasmobranchii,Myliobatiformes,Dasyatidae,Bathytoshia,peixes
Apostolepis vittata,Cobrinha-da-Terra,Animalia,Chordata,Reptilia,Squamata,Dipsadidae,Apostolepis,repteis
Hypsolebias igneus,Peixe-anual,Animalia,Chordata,Actinopterygii,Cyprinodontiformes,Rivulidae,Hypsolebias,peixes
Eubalaena australis,Baleia Franca Austral,Animalia,Chordata,Mammalia,Artiodactyla,Balaenidae,Eubalaena,mamiferos
Tangara cyanocephala cearensis,,Animalia,Chordata,Aves,Passeriformes,Thraupidae,Tangara,aves
Thalasseus acuflavidus,garajau-de-cabot,Animalia,Chordata,Aves,Charadriiformes,Laridae,Thalasseus,aves
Poecilia pertapeh,Animal,Animalia,Chordata,Actinopterygii,Cyprinodontiformes,Poeciliidae,Poecilia,peixes
Hypsolebias gilbertobrasili,Peixe anual,Animalia,Chordata,Actinopterygii,Cyprinodontiformes,Rivulidae,Hypsolebias,peixes
Bothrops germanoi,jararaca-da-moela,Animalia,Chordata,Reptilia,Squamata,Viperidae,Bothrops,repteis
Brasilomma enigmatica,,Animalia,Arthropoda,Arachnida,Araneae,Gnaphosidae,Brasilomma,aracnideos
Characidium vestigipinne,Canivete,Animalia,Chordata,Actinopterygii,Characiformes,Crenuchidae,Characidium,peixes
Girardia desiderensis,,Animalia,Platyhelminthes,Rhabditophora,Tricladida,Dugesiidae,Girardia,outros
Cerradopatus sucuriuensis,,Animalia,Onychophora,Not assigned,Not assigned,Peripatidae,Cerradopatus,outros
Scarus zelindae,Aipimixira,Animalia,Chordata,Actinopterygii,Perciformes,Scaridae,Scarus,peixes
Seira arenicola,,Animalia,Arthropoda,Entognatha,Entomobryomorpha,Entomobryidae,Seira,outros
Scartella itajobi,Blênio-itajobi,Animalia,Chordata,Actinopterygii,Perciformes,Blenniidae,Scartella,peixes
Megagidiella azul,,Animalia,Arthropoda,Malacostraca,Amphipoda,Bogidiellidae,Megagidiella,crustaceos
Lepidocolaptes wagleri,Arapaçus,Animalia,Chordata,Aves,Passeriformes,Dendrocolaptidae,Lepidocolaptes,aves
Lophiosilurus alexandri,Pacamã,Animalia,Chordata,Actinopterygii,Siluriformes,Pseudopimelodidae,Lophiosilurus,peixes
Merulaxis stresemanni,Entufado-baiano,Animalia,Chordata,Aves,Passeriformes,Rhinocryptidae,Merulaxis,aves
Nyctibius leucopterus,nictíbio-d'asa-branca,Animalia,Chordata,Aves,Nyctibiiformes,Nyctibiidae,Nyctibius,aves
Parancistrus nudiventris,,Animalia,Chordata,Actinopterygii,Siluriformes,Loricariidae,Parancistrus,peixes
Polyprion americanus,Cherna,Animalia,Chordata,Actinopterygii,Acropomatiformes,Polyprionidae,Polyprion,peixes
Atlantirivulus lazzarotoi,Rivúlo-tímido,Animalia,Chordata,Actinopterygii,Cyprinodontiformes,Rivulidae,Atlantirivulus,peixes
Ranacephala hogei,Cágado-de-Hogei,Animalia,Chordata,Reptilia,Testudines,Chelidae,Ranacephala,repteis
Procnias averano averano,Araponga-de-barbela,Animalia,Chordata,Aves,Passeriformes,Cotingidae,Procnias,aves
Atlantoraja cyclophora,Raia-santa,Animalia,Chordata,Elasmobranchii,Rajiformes,Arhynchobatidae,Atlantoraja,peixes
Carajas paraua,,Animalia,Arthropoda,Arachnida,Araneae,Caponiidae,Carajas,aracnideos
Leptasthenura platensis,Rabudinho,Animalia,Chordata,Aves,Passeriformes,Furnariidae,Leptasthenura,aves
Gubernatrix cristata,cardeal-amarelo,Animalia,Chordata,Aves,Passeriformes,Thraupidae,Gubernatrix,aves
Steindachneridion punctatum,,Animalia,Chordata,Actinopterygii,Siluriformes,Pimelodidae,Steindachneridion,peixes
Neomorphus geoffroyi dulcis,Jacu-estalo,Animalia,Chordata,Aves,Cuculiformes,Cuculidae,Neomorphus,aves
Pyrrhura pfrimeri,Tiriba-de-orelha-branca,Animalia,Chordata,Aves,Psittaciformes,Psittacidae,Pyrrhura,aves
Pseudonannolene gogo,,Animalia,Arthropoda,Diplopoda,Spirostreptida,Pseudonannolenidae,Pseudonannolene,outros
Cynolebias leptocephalus,Peixe-anual,Animalia,Chordata,Actinopterygii,Cyprinodontiformes,Rivulidae,Cynolebias,peixes
Aegla inermis,Egla,Animalia,Arthropoda,Malacostraca,Decapoda,Aeglidae,Aegla,crustaceos
Pseudosinella alfanjeunguiculata,,Animalia,Arthropoda,Entognatha,Entomobryomorpha,Entomobryidae,Pseudosinella,outros
Kingsleya attenboroughi,,Animalia,Arthropoda,Malacostraca,Decapoda,Pseudothelphusidae,Kingsleya,crustaceos
Sapajus flavius,,Animalia,Chordata,Mammalia,Primates,Cebidae,Sapajus,mamiferos
Archisotoma catiae,,Animalia,Arthropoda,Entognatha,Entomobryomorpha,Isotomidae,Archisotoma,outros
Eukoenenia navi,,Animalia,Arthropoda,Arachnida,Palpigradi,Eukoeneniidae,Eukoenenia,aracnideos
Hypsolebias virgulatus,Peixe-anual,Animalia,Chordata,Actinopterygii,Cyprinodontiformes,Rivulidae,Hypsolebias,peixes
Iansaoniscus georginae,Tatuzinho-de-jardim,Animalia,Arthropoda,Malacostraca,Isopoda,Pudeoniscidae,Iansaoniscus,crustaceos
Sphyrna media,Cação-martelo,Animalia,Chordata,Elasmobranchii,Carcharhiniformes,Sphyrnidae,Sphyrna,peixes
Heptapterus multiradiatus,Bagrinho-do-tietê,Animalia,Chordata,Actinopterygii,Siluriformes,Heptapteridae,Heptapterus,peixes
Petaloconchus myrakeenae,,Animalia,Mollusca,Gastropoda,Littorinimorpha,Vermetidae,Petaloconchus,moluscos
Delturus parahybae,Cascudo,Animalia,Chordata,Actinopterygii,Siluriformes,Loricariidae,Delturus,peixes
Fontitrygon colarensis,Arraia Branca Bicuda,Animalia,Chordata,Elasmobranchii,Myliobatiformes,Dasyatidae,Fontitrygon,peixes
Thoropa petropolitana,,Animalia,Chordata,Amphibia,Anura,Cycloramphidae,Thoropa,anfibios
Anodontites iheringi,Bivalve,Animalia,Mollusca,Bivalvia,Unionida,Mycetopodidae,Anodontites,moluscos
Caaeteboia gaeli,,Animalia,Chordata,Reptilia,Squamata,Dipsadidae,Caaeteboia,repteis
Metagonia diamantina,,Animalia,Arthropoda,Arachnida,Araneae,Pholcidae,Metagonia,aracnideos
Poecilia akroa,,Animalia,Chordata,Actinopterygii,Cyprinodontiformes,Poeciliidae,Poecilia,peixes
Psophia obscura,jacamim-de-costas-escuras,Animalia,Chordata,Aves,Gruiformes,Psophiidae,Psophia,aves
Myrmecophaga tridactyla,Tamanduá Bandeira,Animalia,Chordata,Mammalia,Pilosa,Myrmecophagidae,Myrmecophaga,mamiferos
Automolus lammi,barranqueiro-do-nordeste,Animalia,Chordata,Aves,Passeriformes,Furnariidae,Automolus,aves
Carcharodon carcharias,Alequim,Animalia,Chordata,Elasmobranchii,Lamniformes,Lamnidae,Carcharodon,peixes
Stygichthys typhlops,Piaba-branca,Animalia,Chordata,Actinopterygii,Characiformes,Acestrorhamphidae,Stygichthys,peixes
Poneracantha wilsoni,,Animalia,Arthropoda,Insecta,Hymenoptera,Formicidae,Poneracantha,insetos
Speothos venaticus,Cachorrinho,Animalia,Chordata,Mammalia,Carnivora,Canidae,Speothos,mamiferos
Eurolophosaurus divaricatus,,Animalia,Chordata,Reptilia,Squamata,Tropiduridae,Eurolophosaurus,repteis
Balaenoptera borealis,Baleia Sei,Animalia,Chordata,Mammalia,Artiodactyla,Balaenopteridae,Balaenoptera,mamiferos
Crypturellus noctivagus noctivagus,Jaó,Animalia,Chordata,Aves,Tinamiformes,Tinamidae,Crypturellus,aves
Calamodontophis ronaldoi,Cobra-Espada-do-Paraná,Animalia,Chordata,Reptilia,Squamata,Dipsadidae,Calamodontophis,repteis
Psalidodon uberaba,,Animalia,Chordata,Actinopterygii,Characiformes,Acestrorhamphidae,Psalidodon,peixes
Pseudosinella serpentinensis,,Animalia,Arthropoda,Entognatha,Entomobryomorpha,Entomobryidae,Pseudosinella,outros
Epinephelus morio,garoupa,Animalia,Chordata,Actinopterygii,Perciformes,Epinephelidae,Epinephelus,peixes
Sphyrna mokarran,Cambeva,Animalia,Chordata,Elasmobranchii,Carcharhiniformes,Sphyrnidae,Sphyrna,peixes
Parapoynx restingalis,mariposa,Animalia,Arthropoda,Insecta,Lepidoptera,Crambidae,Parapoynx,insetos
Proceratophrys sanctaritae,,Animalia,Chordata,Amphibia,Anura,Odontophrynidae,Proceratophrys,anfibios
Mergus octosetaceus,merganso-brasileiro,Animalia,Chordata,Aves,Anseriformes,Anatidae,Mergus,aves
Enyalius capetinga,,Animalia,Chordata,Reptilia,Squamata,Leiosauridae,Enyalius,repteis
Ceratophrys ornata,Intanha,Animalia,Chordata,Amphibia,Anura,Ceratophryidae,Ceratophrys,anfibios
Rowlandius potiguar,,Animalia,Arthropoda,Arachnida,Schizomida,Hubbardiidae,Rowlandius,aracnideos
Cnesterodon carnegiei,Barrigudinho,Animalia,Chordata,Actinopterygii,Cyprinodontiformes,Poeciliidae,Cnesterodon,peixes
Hypocnemis hypoxantha ochraceiventris,,Animalia,Chordata,Aves,Passeriformes,Thamnophilidae,Hypocnemis,aves
Sphaenorhynchus canga,,Animalia,Chordata,Amphibia,Anura,Hylidae,Sphaenorhynchus,anfibios
Cycloramphus stejnegeri,,Animalia,Chordata,Amphibia,Anura,Cycloramphidae,Cycloramphus,anfibios
Leposternon scutigerum,Cobra cega,Animalia,Chordata,Reptilia,Squamata,Amphisbaenidae,Leposternon,repteis
Leontopithecus rosalia,Mico-leão-dourado,Animalia,Chordata,Mammalia,Primates,Callitrichidae,Leontopithecus,mamiferos
Monodelphis vossi,catita,Animalia,Chordata,Mammalia,Didelphimorphia,Didelphidae,Monodelphis,mamiferos
Hypsolebias carlettoi,Peixe-anual,Animalia,Chordata,Actinopterygii,Cyprinodontiformes,Rivulidae,Hypsolebias,peixes
Leopardus munoai,,Animalia,Chordata,Mammalia,Carnivora,Felidae,Leopardus,mamiferos
Coryphaspiza melanotis,tentilhão-mascarado,Animalia,Chordata,Aves,Passeriformes,Thraupidae,Coryphaspiza,aves
Platyrinchus niveigularis,Animal,Animalia,Chordata,Aves,Passeriformes,Platyrinchidae,Platyrinchus,aves
Pyriglena pernambucensis,Papa-taocas,Animalia,Chordata,Aves,Passeriformes,Thamnophilidae,Pyriglena,aves
Cynopoecilus intimus,Peixe-anual,Animalia,Chordata,Actinopterygii,Cyprinodontiformes,Rivulidae,Cynopoecilus,peixes
Microakodontomys transitorius,Rato-do-campo,Animalia,Chordata,Mammalia,Rodentia,Cricetidae,Microakodontomys,mamiferos
Chiropotes satanas,Cuxiú,Animalia,Chordata,Mammalia,Primates,Pitheciidae,Chiropotes,mamiferos
Sula sula,Atobá-de-pés-vemelhos,Animalia,Chordata,Aves,Suliformes,Sulidae,Sula,aves
Hyalella caeca,,Animalia,Arthropoda,Malacostraca,Amphipoda,Hyalellidae,Hyalella,crustaceos
Pyriglena atra,Olho-de-fogo-rendado,Animalia,Chordata,Aves,Passeriformes,Thamnophilidae,Pyriglena,aves
Galeorhinus galeus,Cacao Tope,Animalia,Chordata,Elasmobranchii,Carcharhiniformes,Triakidae,Galeorhinus,peixes
Spinus yarrellii,Pintassilgo-baiano,Animalia,Chordata,Aves,Passeriformes,Fringillidae,Spinus,aves
Sapajus xanthosternos,Macaco-prego,Animalia,Chordata,Mammalia,Primates,Cebidae,Sapajus,mamiferos
Monocondylaea paraguayana,Bivalve,Animalia,Mollusca,Bivalvia,Unionida,Mycetopodidae,Monocondylaea,moluscos
Garcialebias araucarianus,,Animalia,Chordata,Actinopterygii,Cyprinodontiformes,Rivulidae,Garcialebias,peixes
Sympterygia acuta,,Animalia,Chordata,Elasmobranchii,Rajiformes,Arhynchobatidae,Sympterygia,peixes
Dactyloa nasofrontalis,,Animalia,Chordata,Reptilia,Squamata,Dactyloidae,Dactyloa,repteis
Trichomycterus rubbioli,Bagrinho-de-caverna,Animalia,Chordata,Actinopterygii,Siluriformes,Trichomycteridae,Trichomycterus,peixes
Hylaeamys oniscus,Rato-da-mata-nordestino,Animalia,Chordata,Mammalia,Rodentia,Cricetidae,Hylaeamys,mamiferos
Callicebus personatus,Sauá-de-Cara-Preta,Animalia,Chordata,Mammalia,Primates,Pitheciidae,Callicebus,mamiferos
Hermanella amere,,Animalia,Arthropoda,Insecta,Ephemeroptera,Leptophlebiidae,Hermanella,insetos
Anthinus henselii,,Animalia,Mollusca,Gastropoda,Pulmonata,Bulimulidae,Anthinus,moluscos
Ctenomys bicolor,Tuco-tuco bicolor,Animalia,Chordata,Mammalia,Rodentia,Ctenomyidae,Ctenomys,mamiferos
Holoscolex dossantosi,Minhoca,Animalia,Annelida,Clitellata,Haplotaxida,Glossoscolecidae,Holoscolex,outros
Procellosaurinus tetradactylus,Calanguinho de quatro dedos de Rodrigues,Animalia,Chordata,Reptilia,Squamata,Gymnophthalmidae,Procellosaurinus,repteis
Melanorivulus linearis,,Animalia,Chordata,Actinopterygii,Cyprinodontiformes,Rivulidae,Melanorivulus,peixes
Aratinga solstitialis,jandaia-amarela,Animalia,Chordata,Aves,Psittaciformes,Psittacidae,Aratinga,aves
Cacajao spp.,Uacari,Animalia,Chordata,Mammalia,Primates,Cebidae,Cacajao,mamiferos
Grallaria varia distincta,,Animalia,Chordata,Aves,Passeriformes,Grallariidae,Grallaria,aves
Pseudochthonius biseriatus,falso escorpião,Animalia,Arthropoda,Arachnida,Pseudoscorpiones,Chthoniidae,Pseudochthonius,aracnideos
Pogonopoma parahybae,Cascudo-leiteiro,Animalia,Chordata,Actinopterygii,Siluriformes,Loricariidae,Pogonopoma,peixes
Celeus torquatus pieteroyensi,pica-pau-de-colar-preto,Animalia,Chordata,Aves,Piciformes,Picidae,Celeus,aves
Simpsonichthys santanae,Peixe-anual,Animalia,Chordata,Actinopterygii,Cyprinodontiformes,Rivulidae,Simpsonichthys,peixes
Placosoma limaverdorum,,Animalia,Chordata,Reptilia,Squamata,Gymnophthalmidae,Placosoma,repteis
Hylopezus ochroleucus,pita-formigueira-de-sobrancelha,Animalia,Chordata,Aves,Passeriformes,Grallariidae,Hylopezus,aves
Sporophila falcirostris,Cigarra-verdadeira,Animalia,Chordata,Aves,Passeriformes,Thraupidae,Sporophila,aves
Dichotomius schiffleri,,Animalia,Arthropoda,Insecta,Coleoptera,Scarabaeidae,Dichotomius,insetos
Simpsonichthys boitonei,Peixe-anual,Animalia,Chordata,Actinopterygii,Cyprinodontiformes,Rivulidae,Simpsonichthys,peixes
Leptolebias marmoratus,Peixe-anual,Animalia,Chordata,Actinopterygii,Cyprinodontiformes,Rivulidae,Leptolebias,peixes
Cassidulus infidus,,Animalia,Echinodermata,Echinoidea,Cassiduloida,Cassidulidae,Cassidulus,outros
Campylorhamphus cardosoi,arapaçu-do-tapajós,Animalia,Chordata,Aves,Passeriformes,Dendrocolaptidae,Campylorhamphus,aves
Leontopithecus chrysopygus,Mico-leão-preto,Animalia,Chordata,Mammalia,Primates,Callitrichidae,Leontopithecus,mamiferos
Alopoglossus collii,,Animalia,Chordata,Reptilia,Squamata,Alopoglossidae,Alopoglossus,repteis
Hausera hauseri,,Animalia,Platyhelminthes,Rhabditophora,Tricladida,Dimarcusidae,Hausera,outros
Dendrocincla merula badia,Arapaçu-da-taoca-maranhense,Animalia,Chordata,Aves,Passeriformes,Dendrocolaptidae,Dendrocincla,aves
Campellolebias dorsimaculatus,Peixe-anual,Animalia,Chordata,Actinopterygii,Cyprinodontiformes,Rivulidae,Campellolebias,peixes
Aegla perobae,Egla,Animalia,Arthropoda,Malacostraca,Decapoda,Aeglidae,Aegla,crustaceos
Bothrops alcatraz,Jararaca-de-Alcatrazes,Animalia,Chordata,Reptilia,Squamata,Viperidae,Bothrops,repteis
Hypsolebias radiosus,,Animalia,Chordata,Actinopterygii,Cyprinodontiformes,Rivulidae,Hypsolebias,peixes
Otothyris juquiae,Cascudinho-anão,Animalia,Chordata,Actinopterygii,Siluriformes,Loricariidae,Otothyris,peixes
Paratrygon aiereba,Arraia Aramassá ou Maramassá,Animalia,Chordata,Elasmobranchii,Myliobatiformes,Potamotrygonidae,Paratrygon,peixes
Liolaemus occipitalis,Lagartinho-da-Praia,Animalia,Chordata,Reptilia,Squamata,Liolaemidae,Liolaemus,repteis
Pseudonannolene spelaea,,Animalia,Arthropoda,Diplopoda,Spirostreptida,Pseudonannolenidae,Pseudonannolene,outros
Iandumoema setimapocu,aranha-alho,Animalia,Arthropoda,Arachnida,Opiliones,Gonyleptidae,Iandumoema,aracnideos
Caparaonia itaiquara,,Animalia,Chordata,Reptilia,Squamata,Gymnophthalmidae,Caparaonia,repteis
Odontopeltis giganteus,,Animalia,Arthropoda,Diplopoda,Polydesmida,Chelodesmidae,Odontopeltis,outros
Sotalia guianensis,Boto,Animalia,Chordata,Mammalia,Artiodactyla,Delphinidae,Sotalia,mamiferos
Perigona spelunca,,Animalia,Arthropoda,Insecta,Coleoptera,Carabidae,Perigona,insetos
Arrhopalites lawrencei,,Animalia,Arthropoda,Entognatha,Symphypleona,Arrhopalitidae,Arrhopalites,outros
Nyctibius aethereus aethereus,,Animalia,Chordata,Aves,Nyctibiiformes,Nyctibiidae,Nyctibius,aves
Sotalia fluviatilis,boto cinza,Animalia,Chordata,Mammalia,Artiodactyla,Delphinidae,Sotalia,mamiferos
Contomastix vacariensis,Lagartinho-Pintado,Animalia,Chordata,Reptilia,Squamata,Teiidae,Contomastix,repteis
Pongycarcinia xiphidiourus,,Animalia,Arthropoda,Malacostraca,Isopoda,Calabozoidae,Pongycarcinia,crustaceos
Plesioptopoma curvidens,Cascudinho,Animalia,Chordata,Actinopterygii,Siluriformes,Loricariidae,Plesioptopoma,peixes
Rhincodon typus,Tubarão-baleia,Animalia,Chordata,Elasmobranchii,Orectolobiformes,Rhincodontidae,Rhincodon,peixes
Cambeva mboycy,Candiru,Animalia,Chordata,Actinopterygii,Siluriformes,Trichomycteridae,Cambeva,peixes
Thalpomys lasiotis,Rato-do-Cerrado,Animalia,Chordata,Mammalia,Rodentia,Cricetidae,Thalpomys,mamiferos
Lagothrix lagothricha poeppigii,Macaco-barrigudo-de-Poeppig,Animalia,Chordata,Mammalia,Primates,Atelidae,Lagothrix,mamiferos
Sternarchorhynchus severii,Ituí,Animalia,Chordata,Actinopterygii,Gymnotiformes,Apteronotidae,Sternarchorhynchus,peixes
Thamnophilus nigrocinereus tschudii,,Animalia,Chordata,Aves,Passeriformes,Thamnophilidae,Thamnophilus,aves
Chelonoidis denticulatus,Jabuti,Animalia,Chordata,Reptilia,Testudines,Testudinidae,Chelonoidis,repteis
Acyrtus pauciradiatus,Ventosa-de-Noronha,Animalia,Chordata,Actinopterygii,Gobiesociformes,Gobiesocidae,Acyrtus,peixes
Prochilodus britskii,Curimatã,Animalia,Chordata,Actinopterygii,Characiformes,Prochilodontidae,Prochilodus,peixes
Hyalyris leptalina leptalina,borboleta,Animalia,Arthropoda,Insecta,Lepidoptera,Nymphalidae,Hyalyris,insetos
Sartor tucuruiensis,Aracu-boca-pra-cima,Animalia,Chordata,Actinopterygii,Characiformes,Anostomidae,Sartor,peixes
Hypsolebias janaubensis,Peixe-anual,Animalia,Chordata,Actinopterygii,Cyprinodontiformes,Rivulidae,Hypsolebias,peixes
Chaimowiczia obybytyra,Tatuzinho-de-jardim,Animalia,Arthropoda,Malacostraca,Isopoda,Styloniscidae,Chaimowiczia,crustaceos
Pyrrhura leucotis,periquitão-d'orelhas-brancas,Animalia,Chordata,Aves,Psittaciformes,Psittacidae,Pyrrhura,aves
Characidium onca,,Animalia,Chordata,Actinopterygii,Characiformes,Crenuchidae,Characidium,peixes
Oxyruncus cristatus tocantinsi,,Animalia,Chordata,Aves,Passeriformes,Oxyruncidae,Oxyruncus,aves
Narcine brasiliensis,Arraia Treme-treme,Animalia,Chordata,Elasmobranchii,Torpediniformes,Narcinidae,Narcine,peixes
Rhinoptera brasiliensis,Raia-ticonha-brasileira,Animalia,Chordata,Elasmobranchii,Myliobatiformes,Rhinopteridae,Rhinoptera,peixes
Notholebias minimus,Peixe-anual,Animalia,Chordata,Actinopterygii,Cyprinodontiformes,Rivulidae,Notholebias,peixes
Arrhopalites alambariensis,,Animalia,Arthropoda,Entognatha,Symphypleona,Arrhopalitidae,Arrhopalites,outros
Taoniscus nanus,Codorninha,Animalia,Chordata,Aves,Tinamiformes,Tinamidae,Taoniscus,aves
Aegla meloi,Egla,Animalia,Arthropoda,Malacostraca,Decapoda,Aeglidae,Aegla,crustaceos
Pararrhopalites sideroicus,,Animalia,Arthropoda,Entognatha,Symphypleona,Sminthuridae,Pararrhopalites,outros
Vireo gracilirostris,juruviara-de-noronha,Animalia,Chordata,Aves,Passeriformes,Vireonidae,Vireo,aves
Phylloscartes roquettei,cara-dourada,Animalia,Chordata,Aves,Passeriformes,Rhynchocyclidae,Phylloscartes,aves
Litoblatta camargoi,,Animalia,Arthropoda,Insecta,Blattodea,Blattellidae,Litoblatta,insetos
Melanophryniscus setiba,,Animalia,Chordata,Amphibia,Anura,Bufonidae,Melanophryniscus,anfibios
Hemiancistrus megalopteryx,Cascudo,Animalia,Chordata,Actinopterygii,Siluriformes,Loricariidae,Hemiancistrus,peixes
Psophia viridis,Jacamim-preto,Animalia,Chordata,Aves,Gruiformes,Psophiidae,Psophia,aves
Aegla leachi,Egla,Animalia,Arthropoda,Malacostraca,Decapoda,Aeglidae,Aegla,crustaceos
Bachia psamophila,Lagarto-sem-Pata,Animalia,Chordata,Reptilia,Squamata,Gymnophthalmidae,Bachia,repteis
Sciades parkeri,Gurijuba,Animalia,Chordata,Actinopterygii,Siluriformes,Ariidae,Sciades,peixes
Iansaoniscus leilae,Tatuzinho-de-jardim,Animalia,Arthropoda,Malacostraca,Isopoda,Pudeoniscidae,Iansaoniscus,crustaceos
Spintherobolus ankoseion,Piabinha,Animalia,Chordata,Actinopterygii,Characiformes,Spintherobolidae,Spintherobolus,peixes
Poecilotriccus albifacies,falso-tódi-de-faces-brancas,Animalia,Chordata,Aves,Passeriformes,Rhynchocyclidae,Poecilotriccus,aves
Bachia didactyla,Lagarto-sem-Pata,Animalia,Chordata,Reptilia,Squamata,Gymnophthalmidae,Bachia,repteis
Spelaeogammarus sanctus,,Animalia,Arthropoda,Malacostraca,Amphipoda,Artesiidae,Spelaeogammarus,crustaceos
Leopardus geoffroyi,Gato-do-mato-grande,Animalia,Chordata,Mammalia,Carnivora,Felidae,Leopardus,mamiferos
Amphisbaena leucocephala,Cobra-de-duas-cabeças,Animalia,Chordata,Reptilia,Squamata,Amphisbaenidae,Amphisbaena,repteis
Melanophryniscus klappenbachi,,Animalia,Chordata,Amphibia,Anura,Bufonidae,Melanophryniscus,anfibios
Troglobius brasiliensis,,Animalia,Arthropoda,Entognatha,Entomobryomorpha,Paronellidae,Troglobius,outros
Eufriesea pyrrhopyga,,Animalia,Arthropoda,Insecta,Hymenoptera,Apidae,Eufriesea,insetos
Leopardus tigrinus,Gato-do-mato,Animalia,Chordata,Mammalia,Carnivora,Felidae,Leopardus,mamiferos
Calyptura cristata,tietê-de-coroa,Animalia,Chordata,Aves,Passeriformes,Platyrinchidae,Calyptura,aves
Gymnodactylus vanzolinii,,Animalia,Chordata,Reptilia,Squamata,Phyllodactylidae,Gymnodactylus,repteis
Lutjanus purpureus,Pargo-cachucho,Animalia,Chordata,Actinopterygii,Perciformes,Lutjanidae,Lutjanus,peixes
Aegla microphthalma,Egla,Animalia,Arthropoda,Malacostraca,Decapoda,Aeglidae,Aegla,crustaceos
Racekiela cavernicola,,Animalia,Porifera,Demospongiae,Spongillida,Spongillidae,Racekiela,outros
Pyrrhura griseipectus,Tiriba-de-peito-cinza,Animalia,Chordata,Aves,Psittaciformes,Psittacidae,Pyrrhura,aves
Dendrocincla taunayi,,Animalia,Chordata,Aves,Passeriformes,Dendrocolaptidae,Dendrocincla,aves
Paratelmatobius lutzii,,Animalia,Chordata,Amphibia,Anura,Leptodactylidae,Paratelmatobius,anfibios
Glaucis dohrnii,balança-rabo-canela,Animalia,Chordata,Aves,Apodiformes,Trochilidae,Glaucis,aves
Zapteryx brevirostris,Banjo,Animalia,Chordata,Elasmobranchii,Rhinopristiformes,Trygonorhinidae,Zapteryx,peixes
Asthenes luizae,cesteiro-do-cipó,Animalia,Chordata,Aves,Passeriformes,Furnariidae,Asthenes,aves
Cardisoma guanhumi,Caranguejo-azul,Animalia,Arthropoda,Malacostraca,Decapoda,Gecarcinidae,Cardisoma,crustaceos
Melanorivulus paracatuensis,Peixe-anual,Animalia,Chordata,Actinopterygii,Cyprinodontiformes,Rivulidae,Melanorivulus,peixes
Heteragrion mantiqueirae,libélula,Animalia,Arthropoda,Insecta,Odonata,Megapodagrionidae,Heteragrion,insetos
Malacoctenus brunoi,Macaquinho-de-Trindade,Animalia,Chordata,Actinopterygii,Perciformes,Labrisomidae,Malacoctenus,peixes
Girardia arenicola,,Animalia,Platyhelminthes,Rhabditophora,Tricladida,Dugesiidae,Girardia,outros
Sporophila beltoni,patativa-tropeira,Animalia,Chordata,Aves,Passeriformes,Thraupidae,Sporophila,aves
Paracerura gandarela,,Animalia,Arthropoda,Entognatha,Entomobryomorpha,Isotomidae,Paracerura,outros
Amphisbaena sanctaeritae,Cobra-de-duas-cabeças,Animalia,Chordata,Reptilia,Squamata,Amphisbaenidae,Amphisbaena,repteis
Isurus oxyrinchus,Marracho-azul,Animalia,Chordata,Elasmobranchii,Lamniformes,Lamnidae,Isurus,peixes
Numenius hudsonicus,maçarico-de-bico-torto,Animalia,Chordata,Aves,Charadriiformes,Scolopacidae,Numenius,aves
Wallaciia urosema,,Animalia,Chordata,Actinopterygii,Cichliformes,Cichlidae,Wallaciia,peixes
Circoniscus buckupi,Tatuzinho-de-jardim,Animalia,Arthropoda,Malacostraca,Isopoda,Scleropactidae,Circoniscus,crustaceos
Hyporthodus niveatus,Cherne,Animalia,Chordata,Actinopterygii,Perciformes,Epinephelidae,Hyporthodus,peixes
Hylexetastes uniformis,arapaçu-uniforme,Animalia,Chordata,Aves,Passeriformes,Dendrocolaptidae,Hylexetastes,aves
Momotus momota marcgravianus,udu-de-coroa-azul-do-nordeste,Animalia,Chordata,Aves,Coraciiformes,Momotidae,Momotus,aves
Xenops minutus alagoanus,,Animalia,Chordata,Aves,Passeriformes,Xenopidae,Xenops,aves
Hypsolebias gardneri,,Animalia,Chordata,Actinopterygii,Cyprinodontiformes,Rivulidae,Hypsolebias,peixes
Maratecoara formosa,Peixe-anual,Animalia,Chordata,Actinopterygii,Cyprinodontiformes,Rivulidae,Maratecoara,peixes
Steindachneridion doceanum,Surubim-do-doce,Animalia,Chordata,Actinopterygii,Siluriformes,Pimelodidae,Steindachneridion,peixes
Rhamdia enfurnada,Jundia,Animalia,Chordata,Actinopterygii,Siluriformes,Heptapteridae,Rhamdia,peixes
Aylacostoma tenuilabris,,Animalia,Mollusca,Gastropoda,Caenogastropoda,Thiaridae,Aylacostoma,moluscos
Tisentnops onix,,Animalia,Arthropoda,Arachnida,Araneae,Caponiidae,Tisentnops,aracnideos
Calidris pusilla,maçarico-rasteirinho,Animalia,Chordata,Aves,Charadriiformes,Scolopacidae,Calidris,aves
Scada karschina delicata,borboleta,Animalia,Arthropoda,Insecta,Lepidoptera,Nymphalidae,Scada,insetos
Ischnocnema manezinho,Rã-Manezinho,Animalia,Chordata,Amphibia,Anura,Brachycephalidae,Ischnocnema,anfibios
Cambeva tropeiro,Charutinho,Animalia,Chordata,Actinopterygii,Siluriformes,Trichomycteridae,Cambeva,peixes
Brachycephalus quiririensis,,Animalia,Chordata,Amphibia,Anura,Brachycephalidae,Brachycephalus,anfibios
Lasiocyano sazimai,,Animalia,Arthropoda,Arachnida,Araneae,Theraphosidae,Lasiocyano,aracnideos
Potiberaba porakuara,,Animalia,Arthropoda,Malacostraca,Amphipoda,Mesogammaridae,Potiberaba,crustaceos
Eurycheilichthys apocremnus,,Animalia,Chordata,Actinopterygii,Siluriformes,Loricariidae,Eurycheilichthys,peixes
Anodontites ferrarisii,Bivalve,Animalia,Mollusca,Bivalvia,Unionida,Mycetopodidae,Anodontites,moluscos
Ituglanis bambui,Bagrinho-de-caverna,Animalia,Chordata,Actinopterygii,Siluriformes,Trichomycteridae,Ituglanis,peixes
Carcharhinus perezi,Cação Bico-fino,Animalia,Chordata,Elasmobranchii,Carcharhiniformes,Carcharhinidae,Carcharhinus,peixes
Procnias albus wallacei,,Animalia,Chordata,Aves,Passeriformes,Cotingidae,Procnias,aves
Tmesiphantes hypogeus,,Animalia,Arthropoda,Arachnida,Araneae,Theraphosidae,Tmesiphantes,aracnideos
Pyrrhura pallescens,Tiribas,Animalia,Chordata,Aves,Psittaciformes,Psittacidae,Pyrrhura,aves
Rhinella casconi,,Animalia,Chordata,Amphibia,Anura,Bufonidae,Rhinella,anfibios
Kentropyx viridistriga,Calango,Animalia,Chordata,Reptilia,Squamata,Teiidae,Kentropyx,repteis
Albinapis gracilis,,Animalia,Arthropoda,Insecta,Hymenoptera,Colletidae,Albinapis,insetos
Pituna brevirostrata,Peixe-anual,Animalia,Chordata,Actinopterygii,Cyprinodontiformes,Rivulidae,Pituna,peixes
Phyllomys unicolor,Rato-da-árvore,Animalia,Chordata,Mammalia,Rodentia,Echimyidae,Phyllomys,mamiferos
Tropidurus erythrocephalus,Calango,Animalia,Chordata,Reptilia,Squamata,Tropiduridae,Tropidurus,repteis
Tropidurus callathelys,Calango,Animalia,Chordata,Reptilia,Squamata,Tropiduridae,Tropidurus,repteis
Phallotorynus fasciolatus,Guaru-listrado-da-cabeceira,Animalia,Chordata,Actinopterygii,Cyprinodontiformes,Poeciliidae,Phallotorynus,peixes
Sympterygia bonapartii,,Animalia,Chordata,Elasmobranchii,Rajiformes,Arhynchobatidae,Sympterygia,peixes
Mycteroperca acutirostris,Badejo-mira,Animalia,Chordata,Actinopterygii,Perciformes,Epinephelidae,Mycteroperca,peixes
Garcialebias adloffi,Peixe-anual,Animalia,Chordata,Actinopterygii,Cyprinodontiformes,Rivulidae,Garcialebias,peixes
Megalobulimus lopesi,Árua-do-Mato,Animalia,Mollusca,Gastropoda,Stylommatophora,Strophocheilidae,Megalobulimus,moluscos
Eigenmannia vicentespelaea,Ituí-de-caverna,Animalia,Chordata,Actinopterygii,Gymnotiformes,Sternopygidae,Eigenmannia,peixes
Thoropa lutzi,,Animalia,Chordata,Amphibia,Anura,Cycloramphidae,Thoropa,anfibios
Megascops alagoensis,corujinha-de-alagoas,Animalia,Chordata,Aves,Strigiformes,Strigidae,Megascops,aves
Psophia interjecta,Jacamins,Animalia,Chordata,Aves,Gruiformes,Psophiidae,Psophia,aves
Parotocinclus spilosoma,Cascudinho de pinta dourada,Animalia,Chordata,Actinopterygii,Siluriformes,Loricariidae,Parotocinclus,peixes
Cacicus koepckeae,cacique-de-koepcke,Animalia,Chordata,Aves,Passeriformes,Icteridae,Cacicus,aves
Ituglanis mambai,bagrinho-de-caverna,Animalia,Chordata,Actinopterygii,Siluriformes,Trichomycteridae,Ituglanis,peixes
Glaucomastix abaetensis,Lagartinho-de-Abaeté,Animalia,Chordata,Reptilia,Squamata,Teiidae,Glaucomastix,repteis
Schizogenius ocellatus,,Animalia,Arthropoda,Insecta,Coleoptera,Carabidae,Schizogenius,insetos
Phaethon aethereus,Rabijunco,Animalia,Chordata,Aves,Phaethontiformes,Phaethontidae,Phaethon,aves
Charinus asturius,,Animalia,Arthropoda,Arachnida,Amblypygi,Charinidae,Charinus,aracnideos
Nothura minor,codorna-mineira,Animalia,Chordata,Aves,Tinamiformes,Tinamidae,Nothura,aves
Carcharhinus falciformis,Marracho-luzidio,Animalia,Chordata,Elasmobranchii,Carcharhiniformes,Carcharhinidae,Carcharhinus,peixes
Carcharhinus plumbeus,Tubarão-corre-costa,Animalia,Chordata,Elasmobranchii,Carcharhiniformes,Carcharhinidae,Carcharhinus,peixes
Pteronura brasiliensis,Ariranha,Animalia,Chordata,Mammalia,Carnivora,Mustelidae,Pteronura,mamiferos
Xiphocolaptes falcirostris,arapaçu-do-nordeste,Animalia,Chordata,Aves,Passeriformes,Dendrocolaptidae,Xiphocolaptes,aves
Cyanocyclas guahybensis,Bivalve,Animalia,Mollusca,Bivalvia,Venerida,Cyrenidae,Cyanocyclas,moluscos
Matilebias ibicuiensis,Peixe-anual,Animalia,Chordata,Actinopterygii,Cyprinodontiformes,Rivulidae,Matilebias,peixes
Archolaemus ferreirai,,Animalia,Chordata,Actinopterygii,Gymnotiformes,Sternopygidae,Archolaemus,peixes
Melanorivulus egens,Peixe-anual,Animalia,Chordata,Actinopterygii,Cyprinodontiformes,Rivulidae,Melanorivulus,peixes
Nemosia rourei,saíra-apunhalada,Animalia,Chordata,Aves,Passeriformes,Thraupidae,Nemosia,aves
Sphyrna lewini,Cambeva,Animalia,Chordata,Elasmobranchii,Carcharhiniformes,Sphyrnidae,Sphyrna,peixes
Mussismilia braziliensis,Coral Cérebro da Bahia,Animalia,Cnidaria,Anthozoa,Scleractinia,Faviidae,Mussismilia,outros
Dichotomius eucranioides,,Animalia,Arthropoda,Insecta,Coleoptera,Scarabaeidae,Dichotomius,insetos
Linckia guildingi,Estrela-cometa,Animalia,Echinodermata,Asteroidea,Valvatida,Ophidiasteridae,Linckia,outros
Alouatta ululata,Guariba-da-Caatinga,Animalia,Chordata,Mammalia,Primates,Atelidae,Alouatta,mamiferos
Leposoma sinepollex,,Animalia,Chordata,Reptilia,Squamata,Gymnophthalmidae,Leposoma,repteis
Eudolichotis lacerta,,Animalia,Mollusca,Gastropoda,Pulmonata,Bulimulidae,Eudolichotis,moluscos
Lepidothrix iris iris,,Animalia,Chordata,Aves,Passeriformes,Pipridae,Lepidothrix,aves
Pterodroma arminjoniana,Freira da Trindade,Animalia,Chordata,Aves,Procellariiformes,Procellariidae,Pterodroma,aves
Mirinaba curytibana,,Animalia,Mollusca,Gastropoda,Stylommatophora,Strophocheilidae,Mirinaba,moluscos
Plesiophysa dolichomastix,,Animalia,Mollusca,Gastropoda,Pulmonata,Planorbidae,Plesiophysa,moluscos
Troglorhopalurus translucidus,,Animalia,Arthropoda,Arachnida,Scorpiones,Buthidae,Troglorhopalurus,aracnideos
Ochyrocera ritxoo,,Animalia,Arthropoda,Arachnida,Araneae,Ochyroceratidae,Ochyrocera,aracnideos
Amphisbaena ridleyi,Cobra-Cega,Animalia,Chordata,Reptilia,Squamata,Amphisbaenidae,Amphisbaena,repteis
Phaethornis margarettae camargoi,Rabo-brancos,Animalia,Chordata,Aves,Apodiformes,Trochilidae,Phaethornis,aves
Arrhopalites heteroculatus,,Animalia,Arthropoda,Entognatha,Symphypleona,Arrhopalitidae,Arrhopalites,outros
Micrastur mintoni,falcão-críptico,Animalia,Chordata,Aves,Falconiformes,Falconidae,Micrastur,aves
Leopardus wiedii,Gato-maracajá,Animalia,Chordata,Mammalia,Carnivora,Felidae,Leopardus,mamiferos
Eufriesea brasilianorum,,Animalia,Arthropoda,Insecta,Hymenoptera,Apidae,Eufriesea,insetos
Sternarchorhynchus mareikeae,Sarapó,Animalia,Chordata,Actinopterygii,Gymnotiformes,Apteronotidae,Sternarchorhynchus,peixes
Columbina cyanopis,rolinha-d'olho-azul,Animalia,Chordata,Aves,Columbiformes,Columbidae,Columbina,aves
Melanophryniscus cambaraensis,,Animalia,Chordata,Amphibia,Anura,Bufonidae,Melanophryniscus,anfibios
Harttia panara,,Animalia,Chordata,Actinopterygii,Siluriformes,Loricariidae,Harttia,peixes
Marinussaurus curupira,,Animalia,Chordata,Reptilia,Squamata,Gymnophthalmidae,Marinussaurus,repteis
Pseudosinella brumadinhoensis,,Animalia,Arthropoda,Entognatha,Entomobryomorpha,Entomobryidae,Pseudosinella,outros
Calidris subruficollis,maçarico-acanelado,Animalia,Chordata,Aves,Charadriiformes,Scolopacidae,Calidris,aves
Otaria flavescens,Leão marinho sul-americano,Animalia,Chordata,Mammalia,Carnivora,Otariidae,Otaria,mamiferos
Carcharias taurus,Tubarão-,Animalia,Chordata,Elasmobranchii,Lamniformes,Carchariidae,Carcharias,peixes
Inia geoffrensis,Boto,Animalia,Chordata,Mammalia,Artiodactyla,Iniidae,Inia,mamiferos
Potamolithus troglobius,Caramujo-de-caverna,Animalia,Mollusca,Gastropoda,Caenogastropoda,Hydrobiidae,Potamolithus,moluscos
Baryancistrus niveatus,Acari,Animalia,Chordata,Actinopterygii,Siluriformes,Loricariidae,Baryancistrus,peixes
Xiphorhynchus guttatoides gracilirostris,arapaçu-de-lafresnaye,Animalia,Chordata,Aves,Passeriformes,Dendrocolaptidae,Xiphorhynchus,aves
Canthon quadripunctatus,,Animalia,Arthropoda,Insecta,Coleoptera,Scarabaeidae,Canthon,insetos
Iansaoniscus paulae,Tatuzinho-de-jardim,Animalia,Arthropoda,Malacostraca,Isopoda,Pudeoniscidae,Iansaoniscus,crustaceos
Pulsatrix perspicillata pulsatrix,,Animalia,Chordata,Aves,Strigiformes,Strigidae,Pulsatrix,aves
Pontoporia blainvillei,Toninha,Animalia,Chordata,Mammalia,Artiodactyla,Pontoporiidae,Pontoporia,mamiferos
Herpailurus yagouaroundi,Gato Azul,Animalia,Chordata,Mammalia,Carnivora,Felidae,Herpailurus,mamiferos
Boana buriti,Perereca-Buriti,Animalia,Chordata,Amphibia,Anura,Hylidae,Boana,anfibios
Camelobaetidius spinosus,,Animalia,Arthropoda,Insecta,Ephemeroptera,Baetidae,Camelobaetidius,insetos
Enyalius brasiliensis,Camaleãozinho,Animalia,Chordata,Reptilia,Squamata,Leiosauridae,Enyalius,repteis
Harttia villasboas,,Animalia,Chordata,Actinopterygii,Siluriformes,Loricariidae,Harttia,peixes
Thripophaga macroura,cauda-suave-estriado,Animalia,Chordata,Aves,Passeriformes,Furnariidae,Thripophaga,aves
Sterna hirundinacea,andorinha-do-mar-sul-americana,Animalia,Chordata,Aves,Charadriiformes,Laridae,Sterna,aves
Pyrilia vulturina,curica-urubu,Animalia,Chordata,Aves,Psittaciformes,Psittacidae,Pyrilia,aves
Alopias vulpinus,Cação-pena,Animalia,Chordata,Elasmobranchii,Lamniformes,Alopiidae,Alopias,peixes
Kiautagrion acutum,,Animalia,Arthropoda,Insecta,Odonata,Coenagrionidae,Kiautagrion,insetos
Partamona littoralis,,Animalia,Arthropoda,Insecta,Hymenoptera,Apidae,Partamona,insetos
Ferricixius michaeli,,Animalia,Arthropoda,Insecta,Hemiptera,Cixiidae,Ferricixius,insetos
Charinus caatingae,,Animalia,Arthropoda,Arachnida,Amblypygi,Charinidae,Charinus,aracnideos
Pampasatyrus glaucope glaucope,borboleta,Animalia,Arthropoda,Insecta,Lepidoptera,Nymphalidae,Pampasatyrus,insetos
Hypostomus subcarinatus,Cascudo,Animalia,Chordata,Actinopterygii,Siluriformes,Loricariidae,Hypostomus,peixes
Atractus thalesdelemai,Cobra-da-Terra-do-Sul,Animalia,Chordata,Reptilia,Squamata,Dipsadidae,Atractus,repteis
Pseudobatos lentiginosus,Raia-viola-do-Atlântico,Animalia,Chordata,Elasmobranchii,Rajiformes,Rhinobatidae,Pseudobatos,peixes
Balistes capriscus,Cangulo-branco,Animalia,Chordata,Actinopterygii,Tetraodontiformes,Balistidae,Balistes,peixes
Nematolebias catimbau,Peixe-anual,Animalia,Chordata,Actinopterygii,Cyprinodontiformes,Rivulidae,Nematolebias,peixes
Copelatus cessaima,,Animalia,Arthropoda,Insecta,Coleoptera,Dytiscidae,Copelatus,insetos
Cerradomys goytaca,Rato-Goytacá,Animalia,Chordata,Mammalia,Rodentia,Cricetidae,Cerradomys,mamiferos
Amphisbaena uroxena,Cobra-de-duas-cabeças,Animalia,Chordata,Reptilia,Squamata,Amphisbaenidae,Amphisbaena,repteis
Odontostomus dautzenbergianus,,Animalia,Mollusca,Gastropoda,Pulmonata,Odontostomidae,Odontostomus,moluscos
Tropidurus chromatops,Calango,Animalia,Chordata,Reptilia,Squamata,Tropiduridae,Tropidurus,repteis
Cycloramphus diringshofeni,,Animalia,Chordata,Amphibia,Anura,Cycloramphidae,Cycloramphus,anfibios
Cayenniola albaserrata,,Animalia,Arthropoda,Diplopoda,Polydesmida,Chelodesmidae,Cayenniola,outros
Formicivora grantsaui,formigueirinho-do-sincorá,Animalia,Chordata,Aves,Passeriformes,Thamnophilidae,Formicivora,aves
Mobula mobular,Jamanta,Animalia,Chordata,Elasmobranchii,Myliobatiformes,Mobulidae,Mobula,peixes
Pseudosinella cearensis,,Animalia,Arthropoda,Entognatha,Entomobryomorpha,Entomobryidae,Pseudosinella,outros
Calyptommatus sinebrachiatus,,Animalia,Chordata,Reptilia,Squamata,Gymnophthalmidae,Calyptommatus,repteis
Lycomorphon brasiliense,,Animalia,Arthropoda,Insecta,Coleoptera,Lycidae,Lycomorphon,insetos
Dendrexetastes paraensis paraensis,,Animalia,Chordata,Aves,Passeriformes,Dendrocolaptidae,Dendrexetastes,aves
Hypocnemis striata,cantador-estriado,Animalia,Chordata,Aves,Passeriformes,Thamnophilidae,Hypocnemis,aves
Hyphessobrycon flammeus,Tetra-vermelho,Animalia,Chordata,Actinopterygii,Characiformes,Acestrorhamphidae,Hyphessobrycon,peixes
Ituglanis epikarsticus,Bagrinho-de-caverna,Animalia,Chordata,Actinopterygii,Siluriformes,Trichomycteridae,Ituglanis,peixes
Squatina argentina,Cação Anjo de Asa Longa,Animalia,Chordata,Elasmobranchii,Squatiniformes,Squatinidae,Squatina,peixes
Hypsolebias trilineatus,Peixe-anual,Animalia,Chordata,Actinopterygii,Cyprinodontiformes,Rivulidae,Hypsolebias,peixes
Ololygon alcatraz,Perereca-de-Alcatrazes,Animalia,Chordata,Amphibia,Anura,Hylidae,Ololygon,anfibios
Megalops atlanticus,Peixe-prata-do-atlântico,Animalia,Chordata,Actinopterygii,Elopiformes,Megalopidae,Megalops,peixes
Alouatta guariba,Barbado,Animalia,Chordata,Mammalia,Primates,Atelidae,Alouatta,mamiferos
Gonycranaus pluto,opilião,Animalia,Arthropoda,Arachnida,Opiliones,Gerdesiidae,Gonycranaus,aracnideos
Hypocnemis ochrogyna,cantador-ocráceo,Animalia,Chordata,Aves,Passeriformes,Thamnophilidae,Hypocnemis,aves
Xipholena atropurpurea,Bacacu-de-asa-branca,Animalia,Chordata,Aves,Passeriformes,Cotingidae,Xipholena,aves
Nyctimantis pomba,Perereca-de-capacete-do-Rio-Pomba,Animalia,Chordata,Amphibia,Anura,Hylidae,Nyctimantis,anfibios
Formicivora iheringi,formigueirinho-de-bico-fino,Animalia,Chordata,Aves,Passeriformes,Thamnophilidae,Formicivora,aves
Liolaemus lutzae,Lagartinho-Branco-da-Areia,Animalia,Chordata,Reptilia,Squamata,Liolaemidae,Liolaemus,repteis
Miroculis stenopterus,,Animalia,Arthropoda,Insecta,Ephemeroptera,Leptophlebiidae,Miroculis,insetos
Liolaemus arambarensis,Lagartixa-das-Dunas,Animalia,Chordata,Reptilia,Squamata,Liolaemidae,Liolaemus,repteis
Coarazuphium spinifemur,,Animalia,Arthropoda,Insecta,Coleoptera,Carabidae,Coarazuphium,insetos
Sternarchorhynchus jaimei,Sarapó,Animalia,Chordata,Actinopterygii,Gymnotiformes,Apteronotidae,Sternarchorhynchus,peixes
Fregata trinitatis,Fragatas,Animalia,Chordata,Aves,Suliformes,Fregatidae,Fregata,aves
Apostolepis gaboi,Cobra-rainha das dunas,Animalia,Chordata,Reptilia,Squamata,Dipsadidae,Apostolepis,repteis
Garcialebias pelotapes,,Animalia,Chordata,Actinopterygii,Cyprinodontiformes,Rivulidae,Garcialebias,peixes
Ischnocnema karst,,Animalia,Chordata,Amphibia,Anura,Brachycephalidae,Ischnocnema,anfibios
Hyphessobrycon veredus,,Animalia,Chordata,Actinopterygii,Characiformes,Acestrorhamphidae,Hyphessobrycon,peixes
Mimagoniates lateralis,Lambari-azul-listrado,Animalia,Chordata,Actinopterygii,Characiformes,Stevardiidae,Mimagoniates,peixes
Cetorhinus maximus,Albafar,Animalia,Chordata,Elasmobranchii,Lamniformes,Cetorhinidae,Cetorhinus,peixes
Balaenoptera physalus,Baleia-comum,Animalia,Chordata,Mammalia,Artiodactyla,Balaenopteridae,Balaenoptera,mamiferos
Cambeva crassicaudata,Candiru,Animalia,Chordata,Actinopterygii,Siluriformes,Trichomycteridae,Cambeva,peixes
Hypsolebias fasciatus,Peixe-anual,Animalia,Chordata,Actinopterygii,Cyprinodontiformes,Rivulidae,Hypsolebias,peixes
Hyporthodus flavolimbatus,Cherne amarelo,Animalia,Chordata,Actinopterygii,Perciformes,Epinephelidae,Hyporthodus,peixes
Arhysosage cactorum,,Animalia,Arthropoda,Insecta,Hymenoptera,Andrenidae,Arhysosage,insetos
Neopelma aurifrons,fruxu-baiano,Animalia,Chordata,Aves,Passeriformes,Pipridae,Neopelma,aves
Charinus spelaeus,,Animalia,Arthropoda,Arachnida,Amblypygi,Charinidae,Charinus,aracnideos
Prochilodus vimboides,Grumatã,Animalia,Chordata,Actinopterygii,Characiformes,Prochilodontidae,Prochilodus,peixes
Alopias superciliosus,Cação-raposa-olho-grande,Animalia,Chordata,Elasmobranchii,Lamniformes,Alopiidae,Alopias,peixes
Leptokoenenia thalassophobica,,Animalia,Arthropoda,Arachnida,Palpigradi,Eukoeneniidae,Leptokoenenia,aracnideos
Rioraja agassizii,Raia-santa,Animalia,Chordata,Elasmobranchii,Rajiformes,Arhynchobatidae,Rioraja,peixes
Neoplecostomus botucatu,Cascudo,Animalia,Chordata,Actinopterygii,Siluriformes,Loricariidae,Neoplecostomus,peixes
Kinnapotiguara troglobia,,Animalia,Arthropoda,Insecta,Hemiptera,Kinnaridae,Kinnapotiguara,insetos
Hypsolebias notatus,Peixe-anual,Animalia,Chordata,Actinopterygii,Cyprinodontiformes,Rivulidae,Hypsolebias,peixes
Amphisbaena carli,Cobra-Cega,Animalia,Chordata,Reptilia,Squamata,Amphisbaenidae,Amphisbaena,repteis
Euparkerella robusta,,Animalia,Chordata,Amphibia,Anura,Strabomantidae,Euparkerella,anfibios
Capito dayi,capitão-cintado,Animalia,Chordata,Aves,Piciformes,Capitonidae,Capito,aves
Grallaria varia intercedens,Tovacuçu-malhado,Animalia,Chordata,Aves,Passeriformes,Grallariidae,Grallaria,aves
Negaprion brevirostris,Tubarão-limão,Animalia,Chordata,Elasmobranchii,Carcharhiniformes,Carcharhinidae,Negaprion,peixes
Bathygobius brasiliensis,Bimba de Nego,Animalia,Chordata,Actinopterygii,Perciformes,Gobiidae,Bathygobius,peixes
Parathyone surinamensis,,Animalia,Echinodermata,Holothuroidea,Dendrochirotida,Cucumariidae,Parathyone,outros
Potamolithus karsticus,Caramujo-de-caverna,Animalia,Mollusca,Gastropoda,Caenogastropoda,Tateidae,Potamolithus,moluscos
Tangara fastuosa,pintor,Animalia,Chordata,Aves,Passeriformes,Thraupidae,Tangara,aves
Tolypeutes tricinctus,Tatu-Bola,Animalia,Chordata,Mammalia,Cingulata,Chlamyphoridae,Tolypeutes,mamiferos
Pyrrhura molinae,Periquito-de-cauda-vermelha,Animalia,Chordata,Aves,Psittaciformes,Psittacidae,Pyrrhura,aves
Loxosceles troglobia,,Animalia,Arthropoda,Arachnida,Araneae,Sicariidae,Loxosceles,aracnideos
Leporinus guttatus,Aracu,Animalia,Chordata,Actinopterygii,Characiformes,Anostomidae,Leporinus,peixes
Myrmotherula fluminensis,choquinha-fluminense,Animalia,Chordata,Aves,Passeriformes,Thamnophilidae,Myrmotherula,aves
Mycteroperca bonaci,Badejo,Animalia,Chordata,Actinopterygii,Perciformes,Epinephelidae,Mycteroperca,peixes
Cambeva igobi,Candiru,Animalia,Chordata,Actinopterygii,Siluriformes,Trichomycteridae,Cambeva,peixes
Melanophryniscus formosus,,Animalia,Chordata,Amphibia,Anura,Bufonidae,Melanophryniscus,anfibios
Friesea noronhaensis,,Animalia,Arthropoda,Entognatha,Collembola,Neanuridae,Friesea,outros
Ischnocnema garciai,,Animalia,Chordata,Amphibia,Anura,Brachycephalidae,Ischnocnema,anfibios
Glossoscolex lutocolus,Minhoca,Animalia,Annelida,Clitellata,Haplotaxida,Glossoscolecidae,Glossoscolex,outros
Ituglanis ramiroi,Bagrinho-de-caverna,Animalia,Chordata,Actinopterygii,Siluriformes,Trichomycteridae,Ituglanis,peixes
Trogolaphysa aelleni,,Animalia,Arthropoda,Entognatha,Entomobryomorpha,Paronellidae,Trogolaphysa,outros
Sporophila melanogaster,Caboclinho-de-barriga-preta,Animalia,Chordata,Aves,Passeriformes,Thraupidae,Sporophila,aves
Leptopanchax opalescens,Peixe-anual,Animalia,Chordata,Actinopterygii,Cyprinodontiformes,Rivulidae,Leptopanchax,peixes
Coarazuphium ricardoi,,Animalia,Arthropoda,Insecta,Coleoptera,Carabidae,Coarazuphium,insetos
Eukoenenia spelunca,,Animalia,Arthropoda,Arachnida,Palpigradi,Eukoeneniidae,Eukoenenia,aracnideos
Relictopiolus galadriel,opilião,Animalia,Arthropoda,Arachnida,Opiliones,Kimulidae,Relictopiolus,aracnideos
Brycon vermelha,Vermelha,Animalia,Chordata,Actinopterygii,Characiformes,Bryconidae,Brycon,peixes
Ditaxodon taeniatus,Parelheira-listrada do campo,Animalia,Chordata,Reptilia,Squamata,Dipsadidae,Ditaxodon,repteis
Onychorhynchus swainsoni,caça-moscas-real-atlântico,Animalia,Chordata,Aves,Passeriformes,Onychorhynchidae,Onychorhynchus,aves
Cryptops spelaeoraptor,,Animalia,Arthropoda,Chilopoda,Scolopendromorpha,Cryptopidae,Cryptops,outros
Falsocaenia santatereza,,Animalia,Arthropoda,Insecta,Coleoptera,Lycidae,Falsocaenia,insetos
Anablepsoides cearensis,,Animalia,Chordata,Actinopterygii,Cyprinodontiformes,Rivulidae,Anablepsoides,peixes
Anisolepis undulatus,,Animalia,Chordata,Reptilia,Squamata,Leiosauridae,Anisolepis,repteis
Dysithamnus plumbeus,choquinha-chumbo,Animalia,Chordata,Aves,Passeriformes,Thamnophilidae,Dysithamnus,aves
Thespieus maacki,borboleta,Animalia,Arthropoda,Insecta,Lepidoptera,Hesperiidae,Thespieus,insetos
Brycon orbignyanus,Piracanjuba,Animalia,Chordata,Actinopterygii,Characiformes,Bryconidae,Brycon,peixes
Parotocinclus seridoensis,,Animalia,Chordata,Actinopterygii,Siluriformes,Loricariidae,Parotocinclus,peixes
Brycon dulcis,Piabanha,Animalia,Chordata,Actinopterygii,Characiformes,Bryconidae,Brycon,peixes
Aegla camargoi,Egla,Animalia,Arthropoda,Malacostraca,Decapoda,Aeglidae,Aegla,crustaceos
Glaucomastix itabaianensis,Calango,Animalia,Chordata,Reptilia,Squamata,Teiidae,Glaucomastix,repteis
Crypturellus zabele,,Animalia,Chordata,Aves,Tinamiformes,Tinamidae,Crypturellus,aves
Touit melanonotus,apuim-de-costas-pretas,Animalia,Chordata,Aves,Psittaciformes,Psittacidae,Touit,aves
Anabazenops dorsalis,barranqueiro-de-topete,Animalia,Chordata,Aves,Passeriformes,Furnariidae,Anabazenops,aves
Amphisbaena bahiana,Cobra-de-duas-cabeças,Animalia,Chordata,Reptilia,Squamata,Amphisbaenidae,Amphisbaena,repteis
Spaeleoleptes spaeleus,opilião,Animalia,Arthropoda,Arachnida,Opiliones,Escadabiidae,Spaeleoleptes,aracnideos
Arremonops conirostris,tico-tico-cantor,Animalia,Chordata,Aves,Passeriformes,Passerellidae,Arremonops,aves
Baryancistrus longipinnis,Acari,Animalia,Chordata,Actinopterygii,Siluriformes,Loricariidae,Baryancistrus,peixes
Balaenoptera musculus,Baleia-azul,Animalia,Chordata,Mammalia,Artiodactyla,Balaenopteridae,Balaenoptera,mamiferos
Chrysocyon brachyurus,Guará,Animalia,Chordata,Mammalia,Carnivora,Canidae,Chrysocyon,mamiferos
Stenocercus azureus,Iguaninha-Azul,Animalia,Chordata,Reptilia,Squamata,Tropiduridae,Stenocercus,repteis
Glomeridesmus spelaeus,,Animalia,Arthropoda,Diplopoda,Glomeridesmida,Glomerodesmidae,Glomeridesmus,outros
Ybyrapora gamba,,Animalia,Arthropoda,Arachnida,Araneae,Theraphosidae,Ybyrapora,aracnideos
Anomaloglossus tepequem,,Animalia,Chordata,Amphibia,Anura,Aromobatidae,Anomaloglossus,anfibios
Saimiri vanzolinii,Macaco-de-cheiro,Animalia,Chordata,Mammalia,Primates,Cebidae,Saimiri,mamiferos
Ateles chamek,Coatá-preto,Animalia,Chordata,Mammalia,Primates,Atelidae,Ateles,mamiferos
Pseudosinella paraensis,,Animalia,Arthropoda,Entognatha,Entomobryomorpha,Entomobryidae,Pseudosinella,outros
Lonchophylla dekeyseri,,Animalia,Chordata,Mammalia,Chiroptera,Phyllostomidae,Lonchophylla,mamiferos
Haasica balzani,Bivalve,Animalia,Mollusca,Bivalvia,Unionida,Mycetopodidae,Haasica,moluscos
Aegla leptochela,Egla,Animalia,Arthropoda,Malacostraca,Decapoda,Aeglidae,Aegla,crustaceos
Camelobaetidius maranhensis,,Animalia,Arthropoda,Insecta,Ephemeroptera,Baetidae,Camelobaetidius,insetos
Penelope pileata,Jscu-do-norte,Animalia,Chordata,Aves,Galliformes,Cracidae,Penelope,aves
Ridleyconcha quinquelirata,,Animalia,Mollusca,Gastropoda,Pulmonata,Scolodontidae,Ridleyconcha,moluscos
Touit surdus,apuim-de-cauda-amarela,Animalia,Chordata,Aves,Psittaciformes,Psittacidae,Touit,aves
Cynolebias parnaibensis,,Animalia,Chordata,Actinopterygii,Cyprinodontiformes,Rivulidae,Cynolebias,peixes
Isotomiella uai,,Animalia,Arthropoda,Entognatha,Entomobryomorpha,Isotomidae,Isotomiella,outros
Melanophryniscus biancae,,Animalia,Chordata,Amphibia,Anura,Bufonidae,Melanophryniscus,anfibios
Melanorivulus interruptus,,Animalia,Chordata,Actinopterygii,Cyprinodontiformes,Rivulidae,Melanorivulus,peixes
Metopiellus painensis,,Animalia,Arthropoda,Insecta,Coleoptera,Staphylinidae,Metopiellus,insetos
Ololygon faivovichi,,Animalia,Chordata,Amphibia,Anura,Hylidae,Ololygon,anfibios
Crax fasciolata pinima,Mutum-Pinima,Animalia,Chordata,Aves,Galliformes,Cracidae,Crax,aves
Prognathodes obliquus,Peixe-borboleta-de-São-Paulo,Animalia,Chordata,Actinopterygii,Perciformes,Chaetodontidae,Prognathodes,peixes
Myliobatis ridens,Raia-falcão-do-Atlântico,Animalia,Chordata,Elasmobranchii,Myliobatiformes,Myliobatidae,Myliobatis,peixes
Psophia dextralis,jacamim-de-costas-marrons,Animalia,Chordata,Aves,Gruiformes,Psophiidae,Psophia,aves
Plecturocebus brunneus,Zogue-zogue,Animalia,Chordata,Mammalia,Primates,Pitheciidae,Plecturocebus,mamiferos
Spelaeobochica allodentatus,falso escorpião,Animalia,Arthropoda,Arachnida,Pseudoscorpiones,Bochicidae,Spelaeobochica,aracnideos
Matilebias cyaneus,Peixe-anual,Animalia,Chordata,Actinopterygii,Cyprinodontiformes,Rivulidae,Matilebias,peixes
Simpulopsis wiebesi,,Animalia,Mollusca,Gastropoda,Pulmonata,Simpulopsidae,Simpulopsis,moluscos
Sluysia triapertura,,Animalia,Platyhelminthes,Rhabditophora,Tricladida,Uteriporidae,Sluysia,outros
Coarazuphium lundi,,Animalia,Arthropoda,Insecta,Coleoptera,Carabidae,Coarazuphium,insetos
Hypanus marianae,Raia-mariquita,Animalia,Chordata,Elasmobranchii,Myliobatiformes,Dasyatidae,Hypanus,peixes
Mycteroperca interstitialis,Badejo-amarelo,Animalia,Chordata,Actinopterygii,Perciformes,Epinephelidae,Mycteroperca,peixes
Cynolebias elegans,,Animalia,Chordata,Actinopterygii,Cyprinodontiformes,Rivulidae,Cynolebias,peixes
Cylindroniscus platoi,Tatuzinho-de-jardim,Animalia,Arthropoda,Malacostraca,Isopoda,Styloniscidae,Cylindroniscus,crustaceos
Dendrocolaptes retentus,arapaçu-barrado-do-xingu,Animalia,Chordata,Aves,Passeriformes,Dendrocolaptidae,Dendrocolaptes,aves
Brasiliscincus caissara,Calango-liso-da-restinga,Animalia,Chordata,Reptilia,Squamata,Mabuyidae,Brasiliscincus,repteis
Melanophryniscus macrogranulosus,Sapinho-Narigudo-de-Barriga-Vermelha,Animalia,Chordata,Amphibia,Anura,Bufonidae,Melanophryniscus,anfibios
Hydropsalis candicans,,Animalia,Chordata,Aves,Caprimulgiformes,Caprimulgidae,Hydropsalis,aves
Hypsolebias ghisolfii,Peixe-anual,Animalia,Chordata,Actinopterygii,Cyprinodontiformes,Rivulidae,Hypsolebias,peixes
Euglossa cyanochlora,,Animalia,Arthropoda,Insecta,Hymenoptera,Apidae,Euglossa,insetos
Rhegmatorhina gymnops,formigueiro-d'olho-calvo,Animalia,Chordata,Aves,Passeriformes,Thamnophilidae,Rhegmatorhina,aves
Bothrops otavioi,Jararaca-de-Vitória,Animalia,Chordata,Reptilia,Squamata,Viperidae,Bothrops,repteis
Lonchophylla bokermanni,Morcego-beija-flor,Animalia,Chordata,Mammalia,Chiroptera,Phyllostomidae,Lonchophylla,mamiferos
Spelaeobochica muchmorei,falso escorpião,Animalia,Arthropoda,Arachnida,Pseudoscorpiones,Bochicidae,Spelaeobochica,aracnideos
Megalobulimus proclivis,Árua-do-Mato,Animalia,Mollusca,Gastropoda,Stylommatophora,Strophocheilidae,Megalobulimus,moluscos
Simpsonichthys punctulatus,Peixe-anual,Animalia,Chordata,Actinopterygii,Cyprinodontiformes,Rivulidae,Simpsonichthys,peixes
Fimoscolex sporadochaetus,Minhoca-branca,Animalia,Annelida,Clitellata,Haplotaxida,Glossoscolecidae,Fimoscolex,outros
Listrura nematopteryx,,Animalia,Chordata,Actinopterygii,Siluriformes,Trichomycteridae,Listrura,peixes
Mobula tarapacana,Jamanta,Animalia,Chordata,Elasmobranchii,Myliobatiformes,Mobulidae,Mobula,peixes
Acrolebias carvalhoi,,Animalia,Chordata,Actinopterygii,Cyprinodontiformes,Rivulidae,Acrolebias,peixes
Lophornis gouldii,colibri-de-leque-pintalgado,Animalia,Chordata,Aves,Apodiformes,Trochilidae,Lophornis,aves
Colibri delphinae greenewalti,beija-flor-marrom,Animalia,Chordata,Aves,Apodiformes,Trochilidae,Colibri,aves
Sphyrna gilberti,Tubarão-martelo-da-Carolina,Animalia,Chordata,Elasmobranchii,Carcharhiniformes,Sphyrnidae,Sphyrna,peixes
Garcialebias botocudo,,Animalia,Chordata,Actinopterygii,Cyprinodontiformes,Rivulidae,Garcialebias,peixes
Potamotrygon marquesi,,Animalia,Chordata,Elasmobranchii,Myliobatiformes,Potamotrygonidae,Potamotrygon,peixes
Hypsolebias picturatus,Peixe-anual,Animalia,Chordata,Actinopterygii,Cyprinodontiformes,Rivulidae,Hypsolebias,peixes
Potamotrygon leopoldi,Arraia-Xingu,Animalia,Chordata,Elasmobranchii,Myliobatiformes,Potamotrygonidae,Potamotrygon,peixes
Leopardus colocola,,Animalia,Chordata,Mammalia,Carnivora,Felidae,Leopardus,mamiferos
Melanorivulus amambaiensis,,Animalia,Chordata,Actinopterygii,Cyprinodontiformes,Rivulidae,Melanorivulus,peixes
Simpsonichthys parallelus,Peixe-anual,Animalia,Chordata,Actinopterygii,Cyprinodontiformes,Rivulidae,Simpsonichthys,peixes
Arrhopalites glabrofasciatus,,Animalia,Arthropoda,Entognatha,Symphypleona,Arrhopalitidae,Arrhopalites,outros
Hypsolebias macaubensis,Peixe-anual,Animalia,Chordata,Actinopterygii,Cyprinodontiformes,Rivulidae,Hypsolebias,peixes
Troglobius ferroicus,,Animalia,Arthropoda,Entognatha,Entomobryomorpha,Paronellidae,Troglobius,outros
Thaumastus lundi,,Animalia,Mollusca,Gastropoda,Pulmonata,Bulimulidae,Thaumastus,moluscos
Diplodon fontainianus,Bivalve,Animalia,Mollusca,Bivalvia,Unionida,Hyriidae,Diplodon,moluscos
Ctenomys ibicuiensis,Tuco-tuco do Ibicuí,Animalia,Chordata,Mammalia,Rodentia,Ctenomyidae,Ctenomys,mamiferos
Hyalella formosa,,Animalia,Arthropoda,Malacostraca,Amphipoda,Hyalellidae,Hyalella,crustaceos
Simpsonichthys espinhacensis,,Animalia,Chordata,Actinopterygii,Cyprinodontiformes,Rivulidae,Simpsonichthys,peixes
Cassidulus mitis,,Animalia,Echinodermata,Echinoidea,Cassiduloida,Cassidulidae,Cassidulus,outros
Hypancistrus zebra,Cascudo-zebra-imperial,Animalia,Chordata,Actinopterygii,Siluriformes,Loricariidae,Hypancistrus,peixes
Notholebias fractifasciatus,Peixe-anual,Animalia,Chordata,Actinopterygii,Cyprinodontiformes,Rivulidae,Notholebias,peixes
Stegastes rocasensis,Donzela-de-Rocas,Animalia,Chordata,Actinopterygii,Perciformes,Pomacentridae,Stegastes,peixes
Cypholebias cinereus,,Animalia,Chordata,Actinopterygii,Cyprinodontiformes,Rivulidae,Cypholebias,peixes
Campellolebias brucei,Peixe-anual,Animalia,Chordata,Actinopterygii,Cyprinodontiformes,Rivulidae,Campellolebias,peixes
Heterodactylus lundii,Briba,Animalia,Chordata,Reptilia,Squamata,Gymnophthalmidae,Heterodactylus,repteis
Dichotomius mysticus,,Animalia,Arthropoda,Insecta,Coleoptera,Scarabaeidae,Dichotomius,insetos
Melipona capixaba,,Animalia,Arthropoda,Insecta,Hymenoptera,Apidae,Melipona,insetos
Blastocerus dichotomus,Cervo do Pantanal,Animalia,Chordata,Mammalia,Artiodactyla,Cervidae,Blastocerus,mamiferos
Seborgia potiguar,,Animalia,Arthropoda,Malacostraca,Amphipoda,Seborgiidae,Seborgia,crustaceos
Altitatiayus godinhorum,,Animalia,Arthropoda,Insecta,Coleoptera,Lucanidae,Altitatiayus,insetos
Hasemania maxillaris,Lambari,Animalia,Chordata,Actinopterygii,Characiformes,Acestrorhamphidae,Hasemania,peixes
Stichelia pelotensis,,Animalia,Arthropoda,Insecta,Lepidoptera,Riodinidae,Stichelia,insetos
Leopardus braccatus,Gato-do-Pantanal,Animalia,Chordata,Mammalia,Carnivora,Felidae,Leopardus,mamiferos
Synallaxis kollari,joão-de-barba-grisalha,Animalia,Chordata,Aves,Passeriformes,Furnariidae,Synallaxis,aves
Xylophanes mielkei,mariposa,Animalia,Arthropoda,Insecta,Lepidoptera,Sphingidae,Xylophanes,insetos
Coarazuphium cessaima,,Animalia,Arthropoda,Insecta,Coleoptera,Carabidae,Coarazuphium,insetos
Gonyostomus insularis,,Animalia,Mollusca,Gastropoda,Stylommatophora,Strophocheilidae,Gonyostomus,moluscos
Pararrhopalites papaveroi,,Animalia,Arthropoda,Entognatha,Symphypleona,Sminthuridae,Pararrhopalites,outros
Rhopalothrix plaumanni,,Animalia,Arthropoda,Insecta,Hymenoptera,Formicidae,Rhopalothrix,insetos
Leptopanchax itanhaensis,Peixe-anual,Animalia,Chordata,Actinopterygii,Cyprinodontiformes,Rivulidae,Leptopanchax,peixes
Hyperaulax ridleyi,,Animalia,Mollusca,Gastropoda,Stylommatophora,Odontostomidae,Hyperaulax,moluscos
Conopophaga cearae,Cuspidor-do-nordeste,Animalia,Chordata,Aves,Passeriformes,Conopophagidae,Conopophaga,aves
Notorynchus cepedianus,Cação-bruxa,Animalia,Chordata,Elasmobranchii,Hexanchiformes,Hexanchidae,Notorynchus,peixes
Cnipodectes superrufus,caça-moscas-do-manu,Animalia,Chordata,Aves,Passeriformes,Rhynchocyclidae,Cnipodectes,aves
Trogolaphysa barroca,,Animalia,Arthropoda,Entognatha,Entomobryomorpha,Paronellidae,Trogolaphysa,outros
Hippocampus reidi,Cavalo-marinho,Animalia,Chordata,Actinopterygii,Syngnathiformes,Syngnathidae,Hippocampus,peixes
Scarus trispinosus,Bico Verde,Animalia,Chordata,Actinopterygii,Perciformes,Scaridae,Scarus,peixes
Campylopterus calcirupicola,Asa-de-sabre-da-mata-seca,Animalia,Chordata,Aves,Apodiformes,Trochilidae,Campylopterus,aves
Crossodactylus dispar,,Animalia,Chordata,Amphibia,Anura,Hylodidae,Crossodactylus,anfibios
Hypsolebias fulminantis,Peixe-anual,Animalia,Chordata,Actinopterygii,Cyprinodontiformes,Rivulidae,Hypsolebias,peixes
Phalloptychus iheringii,Barrigudinho-riscado,Animalia,Chordata,Actinopterygii,Cyprinodontiformes,Poeciliidae,Phalloptychus,peixes
Ybyrapora diversipes,,Animalia,Arthropoda,Arachnida,Araneae,Theraphosidae,Ybyrapora,aracnideos
Typhochlaena seladonia,Caranguejeira-joia-brasileira,Animalia,Arthropoda,Arachnida,Araneae,Theraphosidae,Typhochlaena,aracnideos
Lepidocharax diamantina,,Animalia,Chordata,Actinopterygii,Characiformes,Stevardiidae,Lepidocharax,peixes
Parides ascanius,borboleta,Animalia,Arthropoda,Insecta,Lepidoptera,Papilionidae,Parides,insetos
Matilebias paucisquama,Peixe-anual,Animalia,Chordata,Actinopterygii,Cyprinodontiformes,Rivulidae,Matilebias,peixes
Myrmoderus ruficauda,Formigueiro de cauda ruiva,Animalia,Chordata,Aves,Passeriformes,Thamnophilidae,Myrmoderus,aves
Tayassu pecari,Porcão,Animalia,Chordata,Mammalia,Artiodactyla,Tayassuidae,Tayassu,mamiferos
Epiperipatus ohausi,,Animalia,Onychophora,Onychophora,Euonychophora,Peripatidae,Epiperipatus,outros
Nematocharax varii,,Animalia,Chordata,Actinopterygii,Characiformes,Acestrorhamphidae,Nematocharax,peixes
Cycloramphus faustoi,rã-achatada-de-Alcatrazes-de-Fausto,Animalia,Chordata,Amphibia,Anura,Cycloramphidae,Cycloramphus,anfibios
Trigonectes strigabundus,,Animalia,Chordata,Actinopterygii,Cyprinodontiformes,Rivulidae,Trigonectes,peixes
Hypsolebias alternatus,Peixe-anual,Animalia,Chordata,Actinopterygii,Cyprinodontiformes,Rivulidae,Hypsolebias,peixes
Matilebias camaquensis,,Animalia,Chordata,Actinopterygii,Cyprinodontiformes,Rivulidae,Matilebias,peixes
Pseudonannolene lundi,,Animalia,Arthropoda,Diplopoda,Spirostreptida,Pseudonannolenidae,Pseudonannolene,outros
Hippocampus erectus,Cavalinho-do-mar,Animalia,Chordata,Actinopterygii,Syngnathiformes,Syngnathidae,Hippocampus,peixes
Phyllomys centralis,Rato-da-árvore-Atlântico,Animalia,Chordata,Mammalia,Rodentia,Echimyidae,Phyllomys,mamiferos
Atractus caete,Cobra-da-terra da floresta,Animalia,Chordata,Reptilia,Squamata,Dipsadidae,Atractus,repteis
Arlea arenicola,,Animalia,Arthropoda,Entognatha,Entomobryomorpha,Isotomidae,Arlea,outros
Sparisoma frondosum,Bobo,Animalia,Chordata,Actinopterygii,Perciformes,Scaridae,Sparisoma,peixes
Hypsolebias hamadryades,,Animalia,Chordata,Actinopterygii,Cyprinodontiformes,Rivulidae,Hypsolebias,peixes
Brycon vonoi,Piabanha,Animalia,Chordata,Actinopterygii,Characiformes,Bryconidae,Brycon,peixes
Spelunconiscus castroi,Tatuzinho-de-jardim,Animalia,Arthropoda,Malacostraca,Isopoda,Styloniscidae,Spelunconiscus,crustaceos
Megalobulimus fragilior,Árua-do-Mato,Animalia,Mollusca,Gastropoda,Stylommatophora,Strophocheilidae,Megalobulimus,moluscos
Amphisbaena persephone,Cobra-de-Duas-Cabeças-da-Terra,Animalia,Chordata,Reptilia,Squamata,Amphisbaenidae,Amphisbaena,repteis
Physalaemus soaresi,,Animalia,Chordata,Amphibia,Anura,Leptodactylidae,Physalaemus,anfibios
Psilops mucugensis,,Animalia,Chordata,Reptilia,Squamata,Gymnophthalmidae,Psilops,repteis
Calyptommatus leiolepis,,Animalia,Chordata,Reptilia,Squamata,Gymnophthalmidae,Calyptommatus,repteis
Alexandresaurus camacan,,Animalia,Chordata,Reptilia,Squamata,Gymnophthalmidae,Alexandresaurus,repteis
Procellaria aequinoctialis,Pardela-preta,Animalia,Chordata,Aves,Procellariiformes,Procellariidae,Procellaria,aves
Elacatinus figaro,Góbio-neon-brasileiro,Animalia,Chordata,Actinopterygii,Perciformes,Gobiidae,Elacatinus,peixes
Coarazuphium xikrin,,Animalia,Arthropoda,Insecta,Coleoptera,Carabidae,Coarazuphium,insetos
Pyrrhura perlata,Tiriba-pérola,Animalia,Chordata,Aves,Psittaciformes,Psittacidae,Pyrrhura,aves
Pyrrhura coerulescens,Tiribas,Animalia,Chordata,Aves,Psittaciformes,Psittacidae,Pyrrhura,aves
Alouatta guariba clamitans,Barbado,Animalia,Chordata,Mammalia,Primates,Atelidae,Alouatta,mamiferos
Anodorhynchus hyacinthinus,Arara-jacinta,Animalia,Chordata,Aves,Psittaciformes,Psittacidae,Anodorhynchus,aves
Aegla cavernicola,Egla,Animalia,Arthropoda,Malacostraca,Decapoda,Aeglidae,Aegla,crustaceos
Thalassarche chlororhynchos,Albatroz-de-bico-amarelo-do-atlântico,Animalia,Chordata,Aves,Procellariiformes,Diomedeidae,Thalassarche,aves
Cynolebias gorutuba,,Animalia,Chordata,Actinopterygii,Cyprinodontiformes,Rivulidae,Cynolebias,peixes
Granatellus pelzelni paraensis,,Animalia,Chordata,Aves,Passeriformes,Cardinalidae,Granatellus,aves
Altitatiayus dulceae,,Animalia,Arthropoda,Insecta,Coleoptera,Lucanidae,Altitatiayus,insetos
Alouatta belzebul,Guariba-de-mãos-ruivas,Animalia,Chordata,Mammalia,Primates,Atelidae,Alouatta,mamiferos
Diopatra victoriae,,Animalia,Annelida,Polychaeta,Eunicida,Onuphidae,Diopatra,outros
Hylopezus paraensis,pita-formigueira-paraense,Animalia,Chordata,Aves,Passeriformes,Grallariidae,Hylopezus,aves
Trinomys yonenagae,Rato-de-espinho-cauda-de-facho,Animalia,Chordata,Mammalia,Rodentia,Echimyidae,Trinomys,mamiferos
Lepidochelys olivacea,Tartaruga-comum,Animalia,Chordata,Reptilia,Testudines,Cheloniidae,Lepidochelys,repteis
Pterodroma incerta,freira-de-barriga-branca-do-atlântico,Animalia,Chordata,Aves,Procellariiformes,Procellariidae,Pterodroma,aves
Otophidium chickcharney,,Animalia,Chordata,Actinopterygii,Ophidiiformes,Ophidiidae,Otophidium,peixes
Austrolebias ephemerus,Rivúlo-olho-de-ouro,Animalia,Chordata,Actinopterygii,Cyprinodontiformes,Rivulidae,Austrolebias,peixes
Eukoenenia virgemdalapa,,Animalia,Arthropoda,Arachnida,Palpigradi,Eukoeneniidae,Eukoenenia,aracnideos
Garcialebias lourenciano,,Animalia,Chordata,Actinopterygii,Cyprinodontiformes,Rivulidae,Garcialebias,peixes
Hypsolebias gibberatus,Peixe-anual,Animalia,Chordata,Actinopterygii,Cyprinodontiformes,Rivulidae,Hypsolebias,peixes
Pteroglossus bitorquatus bitorquatus,Araçari-de-pescoço-vermelho,Animalia,Chordata,Aves,Piciformes,Ramphastidae,Pteroglossus,aves
Pectenoniscus sepultus,Tatuzinho-de-jardim,Animalia,Arthropoda,Malacostraca,Isopoda,Styloniscidae,Pectenoniscus,crustaceos
Synapterpes hanleyi,,Animalia,Mollusca,Gastropoda,Pulmonata,Subulinidae,Synapterpes,moluscos
Hypsolebias flammeus,Peixe-anual,Animalia,Chordata,Actinopterygii,Cyprinodontiformes,Rivulidae,Hypsolebias,peixes
Amphisbaena heathi,Cobra-de-duas-cabeças,Animalia,Chordata,Reptilia,Squamata,Amphisbaenidae,Amphisbaena,repteis
Archisotoma arariboia,,Animalia,Arthropoda,Entognatha,Collembola,Isotomidae,Archisotoma,outros
Carcharhinus acronotus,Cação-lombo-preto,Animalia,Chordata,Elasmobranchii,Carcharhiniformes,Carcharhinidae,Carcharhinus,peixes
Hyphessobrycon duragenys,Lambari,Animalia,Chordata,Actinopterygii,Characiformes,Acestrorhamphidae,Hyphessobrycon,peixes
Scartella poiti,Blênio-de-Trindade,Animalia,Chordata,Actinopterygii,Perciformes,Blenniidae,Scartella,peixes
Ochyrocera ibitipoca,,Animalia,Arthropoda,Arachnida,Araneae,Ochyroceratidae,Ochyrocera,aracnideos
Ololygon peixotoi,,Animalia,Chordata,Amphibia,Anura,Hylidae,Ololygon,anfibios
Leposoma nanodactylus,,Animalia,Chordata,Reptilia,Squamata,Gymnophthalmidae,Leposoma,repteis
Phaethornis margarettae,Rabo-brancos,Animalia,Chordata,Aves,Apodiformes,Trochilidae,Phaethornis,aves
Hypsolebias mediopapillatus,Peixe-anual,Animalia,Chordata,Actinopterygii,Cyprinodontiformes,Rivulidae,Hypsolebias,peixes
Guaruba guarouba,Periquito-dourado,Animalia,Chordata,Aves,Psittaciformes,Psittacidae,Guaruba,aves
Celeus flavus subflavus,,Animalia,Chordata,Aves,Piciformes,Picidae,Celeus,aves
Thunnus thynnus,Atum,Animalia,Chordata,Actinopterygii,Scombriformes,Scombridae,Thunnus,peixes
Trichogenes claviger,bagrinho-de-kaetés,Animalia,Chordata,Actinopterygii,Siluriformes,Trichomycteridae,Trichogenes,peixes
Eukoenenia jequitinhonha,,Animalia,Arthropoda,Arachnida,Palpigradi,Eukoeneniidae,Eukoenenia,aracnideos
Pimelodella kronei,Bagre-cego-de-iporanga,Animalia,Chordata,Actinopterygii,Siluriformes,Heptapteridae,Pimelodella,peixes
Pseudochthonius limettioides,falso escorpião,Animalia,Arthropoda,Arachnida,Pseudoscorpiones,Chthoniidae,Pseudochthonius,aracnideos
Hollandichthys taramandahy,Lambari-listrado,Animalia,Chordata,Actinopterygii,Characiformes,Acestrorhamphidae,Hollandichthys,peixes
Xenurolebias myersi,Peixe-anual,Animalia,Chordata,Actinopterygii,Cyprinodontiformes,Rivulidae,Xenurolebias,peixes
Brachycephalus mirissimus,,Animalia,Chordata,Amphibia,Anura,Brachycephalidae,Brachycephalus,anfibios
Trogolaphysa chapelensis,,Animalia,Arthropoda,Entognatha,Entomobryomorpha,Paronellidae,Trogolaphysa,outros
Monasa morphoeus morphoeus,,Animalia,Chordata,Aves,Galbuliformes,Bucconidae,Monasa,aves
Antilophia bokermanni,soldadinho-do-araripe,Animalia,Chordata,Aves,Passeriformes,Pipridae,Antilophia,aves
Enyalius erythroceneus,Papa-vento-da-chapada,Animalia,Chordata,Reptilia,Squamata,Leiosauridae,Enyalius,repteis
Iodopleura pipra pipra,,Animalia,Chordata,Aves,Passeriformes,Tityridae,Iodopleura,aves
Arhysosage flava,,Animalia,Arthropoda,Insecta,Hymenoptera,Andrenidae,Arhysosage,insetos
Cyclopes rufus,Tamanduaí vermelho,Animalia,Chordata,Mammalia,Pilosa,Cyclopedidae,Cyclopes,mamiferos
Hypsolebias longignatus,Peixe-anual,Animalia,Chordata,Actinopterygii,Cyprinodontiformes,Rivulidae,Hypsolebias,peixes
Laterallus xenopterus,sanã-de-cara-ruiva,Animalia,Chordata,Aves,Gruiformes,Rallidae,Laterallus,aves
Astyanax brucutu,Lambari-da-chapada,Animalia,Chordata,Actinopterygii,Characiformes,Acestrorhamphidae,Astyanax,peixes
Coleodactylus natalensis,Lagartinho-de-folhiço-natalense,Animalia,Chordata,Reptilia,Squamata,Sphaerodactylidae,Coleodactylus,repteis
Coryphistera alaudina,corredor-crestudo,Animalia,Chordata,Aves,Passeriformes,Furnariidae,Coryphistera,aves
Proceratophrys ararype,,Animalia,Chordata,Amphibia,Anura,Odontophrynidae,Proceratophrys,anfibios
Leposternon mineiro,Cobra-Cega,Animalia,Chordata,Reptilia,Squamata,Amphisbaenidae,Leposternon,repteis
Piculus polyzonus,Pica-paus,Animalia,Chordata,Aves,Piciformes,Picidae,Piculus,aves
Bothrops itapetiningae,Boipeva,Animalia,Chordata,Reptilia,Squamata,Viperidae,Bothrops,repteis
Morpho epistrophus nikolajewna,borboleta,Animalia,Arthropoda,Insecta,Lepidoptera,Nymphalidae,Morpho,insetos
Ateles marginatus,Cuamba,Animalia,Chordata,Mammalia,Primates,Atelidae,Ateles,mamiferos
Rhipidomys cariri,Rato-da-árvore-do-Cariri,Animalia,Chordata,Mammalia,Rodentia,Cricetidae,Rhipidomys,mamiferos
Isotogastrura mucrospatulata,,Animalia,Arthropoda,Entognatha,Symphypleona,Arrhopalitidae,Isotogastrura,outros
Myrmotherula urosticta,choquinha-de-rabo-cintado,Animalia,Chordata,Aves,Passeriformes,Thamnophilidae,Myrmotherula,aves
Cynopoecilus multipapillatus,,Animalia,Chordata,Actinopterygii,Cyprinodontiformes,Rivulidae,Cynopoecilus,peixes
Pyrrhura anerythra,Tiribas,Animalia,Chordata,Aves,Psittaciformes,Psittacidae,Pyrrhura,aves
Melanorivulus rutilicaudus,,Animalia,Chordata,Actinopterygii,Cyprinodontiformes,Rivulidae,Melanorivulus,peixes
Pempheris gasparinii,Piaba-de-Trindade,Animalia,Chordata,Actinopterygii,Perciformes,Pempheridae,Pempheris,peixes
Minagrion canaanense,libélula,Animalia,Arthropoda,Insecta,Odonata,Coenagrionidae,Minagrion,insetos
Crossodactylus boulengeri,,Animalia,Chordata,Amphibia,Anura,Hylodidae,Crossodactylus,anfibios
Trinomys moojeni,Rato-de-espinho,Animalia,Chordata,Mammalia,Rodentia,Echimyidae,Trinomys,mamiferos
Arrhopalites paranaensis,,Animalia,Arthropoda,Entognatha,Symphypleona,Arrhopalitidae,Arrhopalites,outros
Ophthalmolebias constanciae,Peixe-anual,Animalia,Chordata,Actinopterygii,Cyprinodontiformes,Rivulidae,Ophthalmolebias,peixes
Hypsolebias rufus,Peixe-anual,Animalia,Chordata,Actinopterygii,Cyprinodontiformes,Rivulidae,Hypsolebias,peixes
Attila spadiceus uropygiatus,,Animalia,Chordata,Aves,Passeriformes,Tyrannidae,Attila,aves
Metopioxys carajas,,Animalia,Arthropoda,Insecta,Coleoptera,Staphylinidae,Metopioxys,insetos
Epinephelus marginatus,Garoupa-verdadeira,Animalia,Chordata,Actinopterygii,Perciformes,Epinephelidae,Epinephelus,peixes
Corallus cropanii,Jibóia amarela,Animalia,Chordata,Reptilia,Squamata,Boidae,Corallus,repteis
Parotocinclus spilurus,Cascudinho,Animalia,Chordata,Actinopterygii,Siluriformes,Loricariidae,Parotocinclus,peixes
Arrhopalites gnaspinii,,Animalia,Arthropoda,Entognatha,Symphypleona,Arrhopalitidae,Arrhopalites,outros
Cavia intermedia,Preá-de-Moleques-do-Sul,Animalia,Chordata,Mammalia,Rodentia,Caviidae,Cavia,mamiferos
Carcharhinus signatus,Tubarão-toninha,Animalia,Chordata,Elasmobranchii,Carcharhiniformes,Carcharhinidae,Carcharhinus,peixes
Bothrops insularis,Jararaca-ilhôa,Animalia,Chordata,Reptilia,Squamata,Viperidae,Bothrops,repteis
Enneanectes smithi,Blênio-de-São-Paulo,Animalia,Chordata,Actinopterygii,Blenniiformes,Tripterygiidae,Enneanectes,peixes
Trinomys eliasi,Rato-de-espinho,Animalia,Chordata,Mammalia,Rodentia,Echimyidae,Trinomys,mamiferos
Pristis pristis,Espadarte-serra,Animalia,Chordata,Elasmobranchii,Rhinopristiformes,Pristidae,Pristis,peixes
Castalia martensi,Bivalve,Animalia,Mollusca,Bivalvia,Unionida,Hyriidae,Castalia,moluscos
Pseudonannolene tocaiensis,,Animalia,Arthropoda,Diplopoda,Spirostreptida,Pseudonannolenidae,Pseudonannolene,outros
Ancistrus formoso,cascudo-cego,Animalia,Chordata,Actinopterygii,Siluriformes,Loricariidae,Ancistrus,peixes
Parides bunichus chamissonia,borboleta,Animalia,Arthropoda,Insecta,Lepidoptera,Papilionidae,Parides,insetos
Leila blainvilliana,Bivalve,Animalia,Mollusca,Bivalvia,Unionida,Mycetopodidae,Leila,moluscos
Cyphorhinus griseolateralis,,Animalia,Chordata,Aves,Passeriformes,Troglodytidae,Cyphorhinus,aves
Arrhopalites amorimi,,Animalia,Arthropoda,Entognatha,Symphypleona,Arrhopalitidae,Arrhopalites,outros
Glaucomastix cyanura,Calango,Animalia,Chordata,Reptilia,Squamata,Teiidae,Glaucomastix,repteis
Hyalella imbya,,Animalia,Arthropoda,Malacostraca,Amphipoda,Hyalellidae,Hyalella,crustaceos
Bradypus torquatus,Preguiça-de-coleira do Nordeste,Animalia,Chordata,Mammalia,Pilosa,Bradypodidae,Bradypus,mamiferos
Eukoenenia potiguar,,Animalia,Arthropoda,Arachnida,Palpigradi,Eukoeneniidae,Eukoenenia,aracnideos
Ozotoceros bezoarticus bezoarticus,Veado,Animalia,Chordata,Mammalia,Artiodactyla,Cervidae,Ozotoceros,mamiferos
Macrostrombus costatus,,Animalia,Mollusca,Gastropoda,Littorinimorpha,Strombidae,Macrostrombus,moluscos
Lagothrix lagothricha cana,Macaco-barrigudo-cinza,Animalia,Chordata,Mammalia,Primates,Atelidae,Lagothrix,mamiferos
Eretmochelys imbricata,Tartaruga-Verdadeira,Animalia,Chordata,Reptilia,Testudines,Cheloniidae,Eretmochelys,repteis
Urubitinga coronata,,Animalia,Chordata,Aves,Accipitriformes,Accipitridae,Urubitinga,aves
Diomedea dabbenena,albatroz-da-tristão-da-cunha,Animalia,Chordata,Aves,Procellariiformes,Diomedeidae,Diomedea,aves
Parides panthonus castilhoi,borboleta,Animalia,Arthropoda,Insecta,Lepidoptera,Papilionidae,Parides,insetos
Whiteheadiana thaisae,,Animalia,Arthropoda,Insecta,Coleoptera,Carabidae,Whiteheadiana,insetos
Sphyrna tiburo,,Animalia,Chordata,Elasmobranchii,Carcharhiniformes,Sphyrnidae,Sphyrna,peixes
Saguinus bicolor,Sagui-bicolor,Animalia,Chordata,Mammalia,Primates,Callitrichidae,Saguinus,mamiferos
Celeus torquatus tinnunculus,Pica-pau-de-coleira-do-sudeste,Animalia,Chordata,Aves,Piciformes,Picidae,Celeus,aves
Proceratophrys palustris,,Animalia,Chordata,Amphibia,Anura,Odontophrynidae,Proceratophrys,anfibios
Hypomasticus santanai,Piau,Animalia,Chordata,Actinopterygii,Characiformes,Anostomidae,Hypomasticus,peixes
Aegla rosanae,Egla,Animalia,Arthropoda,Malacostraca,Decapoda,Aeglidae,Aegla,crustaceos
Ateles belzebuth,Coatá,Animalia,Chordata,Mammalia,Primates,Atelidae,Ateles,mamiferos
Cichlopsis leucogenys,Sabiá-castanha,Animalia,Chordata,Aves,Passeriformes,Turdidae,Cichlopsis,aves
Astropecten marginatus,,Animalia,Echinodermata,Asteroidea,Paxillosida,Astropectinidae,Astropecten,outros
Sporophila maximiliani,bicudo,Animalia,Chordata,Aves,Passeriformes,Thraupidae,Sporophila,aves
