nome_cientifico,reino,filo,classe,ordem,familia,genero,grupo_taxonomico
Aegla violacea,Animalia,Arthropoda,Malacostraca,Decapoda,Aeglidae,Aegla,crustaceos
Spelaeogammarus spinilacertus,Animalia,Arthropoda,Malacostraca,Amphipoda,Artesiidae,Spelaeogammarus,crustaceos
Notholebias vermiculatus,Animalia,Chordata,Actinopterygii,Cyprinodontiformes,Rivulidae,Notholebias,peixes
Simpsonichthys nigromaculatus,Animalia,Chordata,Actinopterygii,Cyprinodontiformes,Rivulidae,Simpsonichthys,peixes
Amazona pretrei,Animalia,Chordata,Aves,Psittaciformes,Psittacidae,Amazona,aves
Pectenoniscus montalvaniensis,Animalia,Arthropoda,Malacostraca,Isopoda,Styloniscidae,Pectenoniscus,crustaceos
Schwarziana bocainensis,Animalia,Arthropoda,Insecta,Hymenoptera,Apidae,Schwarziana,insetos
Ardistomis ferreirai,Animalia,Arthropoda,Insecta,Coleoptera,Carabidae,Ardistomis,insetos
Maricaella duna,Animalia,Arthropoda,Entognatha,Symphypleona,Arrhopalitidae,Maricaella,outros
Iandumoema smeagol,Animalia,Arthropoda,Arachnida,Opiliones,Gonyleptidae,Iandumoema,aracnideos
Mobula thurstoni,Animalia,Chordata,Elasmobranchii,Myliobatiformes,Mobulidae,Mobula,peixes
Myrmotherula oreni,Animalia,Chordata,Aves,Passeriformes,Thamnophilidae,Myrmotherula,aves
Atlantirivulus simplicis,Animalia,Chordata,Actinopterygii,Cyprinodontiformes,Rivulidae,Atlantirivulus,peixes
Isogomphodon oxyrhynchus,Animalia,Chordata,Elasmobranchii,Carcharhiniformes,Carcharhinidae,Isogomphodon,peixes
Eupera troglobia,Animalia,Mollusca,Bivalvia,Sphaeriida,Sphaeriidae,Eupera,moluscos
Pseudoplatystoma corruscans,Animalia,Chordata,Actinopterygii,Siluriformes,Pimelodidae,Pseudoplatystoma,peixes
Charinus eleonorae,Animalia,Arthropoda,Arachnida,Amblypygi,Charinidae,Charinus,aracnideos
Bombus bahiensis,Animalia,Arthropoda,Insecta,Hymenoptera,Apidae,Bombus,insetos
Pithecopus rusticus,Animalia,Chordata,Amphibia,Anura,Phyllomedusidae,Pithecopus,anfibios
Cubacubana spelaea,Animalia,Arthropoda,Insecta,Zygentoma,Nicoletiidae,Cubacubana,insetos
Hypsolebias adornatus,Animalia,Chordata,Actinopterygii,Cyprinodontiformes,Rivulidae,Hypsolebias,peixes
Cnesterodon omorgmatos,Animalia,Chordata,Actinopterygii,Cyprinodontiformes,Poeciliidae,Cnesterodon,peixes
Acratosaura spinosa,Animalia,Chordata,Reptilia,Squamata,Gymnophthalmidae,Acratosaura,repteis
Anotosaura collaris,Animalia,Chordata,Reptilia,Squamata,Gymnophthalmidae,Anotosaura,repteis
Ophthalmolebias bokermanni,Animalia,Chordata,Actinopterygii,Cyprinodontiformes,Rivulidae,Ophthalmolebias,peixes
Ortalis remota,Animalia,Chordata,Aves,Galliformes,Cracidae,Ortalis,aves
Harttia depressa,Animalia,Chordata,Actinopterygii,Siluriformes,Loricariidae,Harttia,peixes
Calyptommatus nicterus,Animalia,Chordata,Reptilia,Squamata,Gymnophthalmidae,Calyptommatus,repteis
Garcialebias bagual,Animalia,Chordata,Actinopterygii,Cyprinodontiformes,Rivulidae,Garcialebias,peixes
Piculus paraensis,Animalia,Chordata,Aves,Piciformes,Picidae,Piculus,aves
Alouatta caraya,Animalia,Chordata,Mammalia,Primates,Atelidae,Alouatta,mamiferos
Newportia spelaea,Animalia,Arthropoda,Chilopoda,Scolopendromorpha,Scolopocryptopidae,Newportia,outros
Lepidothrix iris,Animalia,Chordata,Aves,Passeriformes,Pipridae,Lepidothrix,aves
Hypsolebias nudiorbitatus,Animalia,Chordata,Actinopterygii,Cyprinodontiformes,Rivulidae,Hypsolebias,peixes
Hypsolebias brunoi,Animalia,Chordata,Actinopterygii,Cyprinodontiformes,Rivulidae,Hypsolebias,peixes
Serpophaga hypoleuca pallida,Animalia,Chordata,Aves,Passeriformes,Tyrannidae,Serpophaga,aves
Leposternon maximus,Animalia,Chordata,Reptilia,Squamata,Amphisbaenidae,Leposternon,repteis
Parotocinclus cesarpintoi,Animalia,Chordata,Actinopterygii,Siluriformes,Loricariidae,Parotocinclus,peixes
Rhipidodonta koseritzi,Animalia,Mollusca,Bivalvia,Unionida,Hyriidae,Rhipidodonta,moluscos
Melanorivulus vittatus,Animalia,Chordata,Actinopterygii,Cyprinodontiformes,Rivulidae,Melanorivulus,peixes
Phaenomys ferrugineus,Animalia,Chordata,Mammalia,Rodentia,Cricetidae,Phaenomys,mamiferos
Gymnura altavela,Animalia,Chordata,Elasmobranchii,Myliobatiformes,Gymnuridae,Gymnura,peixes
Cyanopsitta spixii,Animalia,Chordata,Aves,Psittaciformes,Psittacidae,Cyanopsitta,aves
Leptopanchax sanguineus,Animalia,Chordata,Actinopterygii,Cyprinodontiformes,Rivulidae,Leptopanchax,peixes
Plesiolebias xavantei,Animalia,Chordata,Actinopterygii,Cyprinodontiformes,Rivulidae,Plesiolebias,peixes
Tosanoides aphrodite,Animalia,Chordata,Actinopterygii,Perciformes,Anthiadidae,Tosanoides,peixes
Matilebias litzi,Animalia,Chordata,Actinopterygii,Cyprinodontiformes,Rivulidae,Matilebias,peixes
Contopus nigrescens,Animalia,Chordata,Aves,Passeriformes,Tyrannidae,Contopus,aves
Amphisbaena carvalhoi,Animalia,Chordata,Reptilia,Squamata,Amphisbaenidae,Amphisbaena,repteis
Diomedea exulans,Animalia,Chordata,Aves,Procellariiformes,Diomedeidae,Diomedea,aves
Microspathodon chrysurus,Animalia,Chordata,Actinopterygii,Perciformes,Pomacentridae,Microspathodon,peixes
Lipaugus conditus,Animalia,Chordata,Aves,Passeriformes,Cotingidae,Lipaugus,aves
Astyanax eremus,Animalia,Chordata,Actinopterygii,Characiformes,Acestrorhamphidae,Astyanax,peixes
Plecturocebus bernhardi,Animalia,Chordata,Mammalia,Primates,Pitheciidae,Plecturocebus,mamiferos
Simpsonichthys zonatus,Animalia,Chordata,Actinopterygii,Cyprinodontiformes,Rivulidae,Simpsonichthys,peixes
Xangoniscus aganju,Animalia,Arthropoda,Malacostraca,Isopoda,Styloniscidae,Xangoniscus,crustaceos
Plexaurella obesa,Animalia,Cnidaria,Anthozoa,Alcyonacea,Plexauridae,Plexaurella,outros
Coarazuphium amazonicus,Animalia,Arthropoda,Insecta,Coleoptera,Carabidae,Coarazuphium,insetos
Aegla ludwigi,Animalia,Arthropoda,Malacostraca,Decapoda,Aeglidae,Aegla,crustaceos
Charinus taboa,Animalia,Arthropoda,Arachnida,Amblypygi,Charinidae,Charinus,aracnideos
Rhamdiopsis krugi,Animalia,Chordata,Actinopterygii,Siluriformes,Heptapteridae,Rhamdiopsis,peixes
Notholebias cruzi,Animalia,Chordata,Actinopterygii,Cyprinodontiformes,Rivulidae,Notholebias,peixes
Actinote zikani,Animalia,Arthropoda,Insecta,Lepidoptera,Nymphalidae,Actinote,insetos
Microlepidogaster perforata,Animalia,Chordata,Actinopterygii,Siluriformes,Loricariidae,Microlepidogaster,peixes
Lutjanus cyanopterus,Animalia,Chordata,Actinopterygii,Perciformes,Lutjanidae,Lutjanus,peixes
Leposternon kisteumacheri,Animalia,Chordata,Reptilia,Squamata,Amphisbaenidae,Leposternon,repteis
Alouatta discolor,Animalia,Chordata,Mammalia,Primates,Atelidae,Alouatta,mamiferos
Coarazuphium tessai,Animalia,Arthropoda,Insecta,Coleoptera,Carabidae,Coarazuphium,insetos
Amphisbaena acangaoba,Animalia,Chordata,Reptilia,Squamata,Amphisbaenidae,Amphisbaena,repteis
Thamnophilus caerulescens pernambucensis,Animalia,Chordata,Aves,Passeriformes,Thamnophilidae,Thamnophilus,aves
Choranthias salmopunctatus,Animalia,Chordata,Actinopterygii,Perciformes,Anthiadidae,Choranthias,peixes
Thamnomanes caesius caesius,Animalia,Chordata,Aves,Passeriformes,Thamnophilidae,Thamnomanes,aves
Simpsonichthys cholopteryx,Animalia,Chordata,Actinopterygii,Cyprinodontiformes,Rivulidae,Simpsonichthys,peixes
Kolpotocheirodon figueiredoi,Animalia,Chordata,Actinopterygii,Characiformes,Characidae,Kolpotocheirodon,peixes
Myrmotherula snowi,Animalia,Chordata,Aves,Passeriformes,Thamnophilidae,Myrmotherula,aves
Willemia zeppelinii,Animalia,Arthropoda,Entognatha,Symphypleona,Arrhopalitidae,Willemia,outros
Sparisoma rocha,Animalia,Chordata,Actinopterygii,Perciformes,Scaridae,Sparisoma,peixes
Leptopanchax splendens,Animalia,Chordata,Actinopterygii,Cyprinodontiformes,Rivulidae,Leptopanchax,peixes
Trachylepis atlantica,Animalia,Chordata,Reptilia,Squamata,Mabuyidae,Trachylepis,repteis
Potamotrygon signata,Animalia,Chordata,Elasmobranchii,Myliobatiformes,Potamotrygonidae,Potamotrygon,peixes
Scolopocryptops troglocaudatus,Animalia,Arthropoda,Chilopoda,Scolopendromorpha,Scolopocryptopidae,Scolopocryptops,outros
Paraclaravis geoffroyi,Animalia,Chordata,Aves,Columbiformes,Columbidae,Paraclaravis,aves
Pseudobatos percellens,Animalia,Chordata,Elasmobranchii,Rhinopristiformes,Rhinobatidae,Pseudobatos,peixes
Amphisbaena kiriri,Animalia,Chordata,Reptilia,Squamata,Amphisbaenidae,Amphisbaena,repteis
Gabunillo enfurnado,Animalia,Arthropoda,Malacostraca,Isopoda,Armadillidae,Gabunillo,crustaceos
Sternarchogiton zuanoni,Animalia,Chordata,Actinopterygii,Gymnotiformes,Apteronotidae,Sternarchogiton,peixes
Atractus ronnie,Animalia,Chordata,Reptilia,Squamata,Dipsadidae,Atractus,repteis
Eustrombus goliath,Animalia,Mollusca,Gastropoda,Littorinimorpha,Strombidae,Eustrombus,moluscos
Deltamys araucaria,Animalia,Chordata,Mammalia,Rodentia,Cricetidae,Deltamys,mamiferos
Knodus dorsomaculatus,Animalia,Chordata,Actinopterygii,Characiformes,Characidae,Knodus,peixes
Lachlania aldinae,Animalia,Arthropoda,Insecta,Ephemeroptera,Oligoneuriidae,Lachlania,insetos
Arinosaster patriciae,Animalia,Porifera,Demospongiae,Incertae Sedis,Incertae Sedis,Arinosaster,outros
Eurolophosaurus amathites,Animalia,Chordata,Reptilia,Squamata,Tropiduridae,Eurolophosaurus,repteis
Aegla itacolomiensis,Animalia,Arthropoda,Malacostraca,Decapoda,Aeglidae,Aegla,crustaceos
Xenurolebias pataxo,Animalia,Chordata,Actinopterygii,Cyprinodontiformes,Rivulidae,Xenurolebias,peixes
Leodesmus yporangae,Animalia,Arthropoda,Diplopoda,Polydesmida,Chelodesmidae,Leodesmus,outros
Speocera eleonorae,Animalia,Arthropoda,Arachnida,Araneae,Ochyroceratidae,Speocera,aracnideos
Leptagrion bocainense,Animalia,Arthropoda,Insecta,Odonata,Coenagrionidae,Leptagrion,insetos
Hypsolebias marginatus,Animalia,Chordata,Actinopterygii,Cyprinodontiformes,Rivulidae,Hypsolebias,peixes
Cerdale fasciata,Animalia,Chordata,Actinopterygii,Gobiiformes,Gobiidae,Cerdale,peixes
Phlegopsis borbae,Animalia,Chordata,Aves,Passeriformes,Thamnophilidae,Phlegopsis,aves
Brachyteles arachnoides,Animalia,Chordata,Mammalia,Primates,Atelidae,Brachyteles,mamiferos
Amatolebias varzeae,Animalia,Chordata,Actinopterygii,Cyprinodontiformes,Rivulidae,Amatolebias,peixes
Hylodes glaber,Animalia,Chordata,Amphibia,Anura,Hylodidae,Hylodes,anfibios
Cotinga maculata,Animalia,Chordata,Aves,Passeriformes,Cotingidae,Cotinga,aves
Tricongius ybyguara,Animalia,Arthropoda,Arachnida,Araneae,Gnaphosidae,Tricongius,aracnideos
Chamaeza nobilis fulvipectus,Animalia,Chordata,Aves,Passeriformes,Formicariidae,Chamaeza,aves
Simothraulopsis eurybasis,Animalia,Arthropoda,Insecta,Ephemeroptera,Leptophlebiidae,Simothraulopsis,insetos
Cambeva papillifera,Animalia,Chordata,Actinopterygii,Siluriformes,Trichomycteridae,Cambeva,peixes
Moenkhausia parecis,Animalia,Chordata,Actinopterygii,Characiformes,Characidae,Moenkhausia,peixes
Praepedaliodes sequeirae,Animalia,Arthropoda,Insecta,Lepidoptera,Nymphalidae,Praepedaliodes,insetos
Arrhopalites botuveraensis,Animalia,Arthropoda,Entognatha,Symphypleona,Arrhopalitidae,Arrhopalites,outros
Discosura langsdorffi langsdorffi,Animalia,Chordata,Aves,Apodiformes,Trochilidae,Discosura,aves
Brycon gouldingi,Animalia,Chordata,Actinopterygii,Characiformes,Bryconidae,Brycon,peixes
Leposoma annectans,Animalia,Chordata,Reptilia,Squamata,Gymnophthalmidae,Leposoma,repteis
Phlegopsis nigromaculata confinis,Animalia,Chordata,Aves,Passeriformes,Thamnophilidae,Phlegopsis,aves
Gyldenstolpia planaltensis,Animalia,Chordata,Mammalia,Rodentia,Cricetidae,Gyldenstolpia,mamiferos
Paragenidens grandoculis,Animalia,Chordata,Actinopterygii,Siluriformes,Ariidae,Paragenidens,peixes
Hypsolebias multiradiatus,Animalia,Chordata,Actinopterygii,Cyprinodontiformes,Rivulidae,Hypsolebias,peixes
Pseudosinella guanhaensis,Animalia,Arthropoda,Entognatha,Entomobryomorpha,Entomobryidae,Pseudosinella,outros
Ameiva jacuba,Animalia,Chordata,Reptilia,Squamata,Teiidae,Ameiva,repteis
Girardia paucipunctata,Animalia,Platyhelminthes,Rhabditophora,Tricladida,Dugesiidae,Girardia,outros
Bothrops jabrensis,Animalia,Chordata,Reptilia,Squamata,Viperidae,Bothrops,repteis
Millepora braziliensis,Animalia,Cnidaria,Hydrozoa,Anthoathecata,Milleporidae,Millepora,outros
Condylactis gigantea,Animalia,Cnidaria,Anthozoa,Actiniaria,Actiniidae,Condylactis,outros
Elacatinus phthirophagus,Animalia,Chordata,Actinopterygii,Perciformes,Gobiidae,Elacatinus,peixes
Oligoneuria macabaiba,Animalia,Arthropoda,Insecta,Ephemeroptera,Oligoneuriidae,Oligoneuria,insetos
Euryoryzomys lamia,Animalia,Chordata,Mammalia,Rodentia,Cricetidae,Euryoryzomys,mamiferos
Acanthochelys macrocephala,Animalia,Chordata,Reptilia,Testudines,Chelidae,Acanthochelys,repteis
Aegla obstipa,Animalia,Arthropoda,Malacostraca,Decapoda,Aeglidae,Aegla,crustaceos
Microglanis maculatus,Animalia,Chordata,Actinopterygii,Siluriformes,Pseudopimelodidae,Microglanis,peixes
Amazoniscus leistikowi,Animalia,Arthropoda,Malacostraca,Isopoda,Scleropactidae,Amazoniscus,crustaceos
Amphisbaena littoralis,Animalia,Chordata,Reptilia,Squamata,Amphisbaenidae,Amphisbaena,repteis
Maratecoara splendida,Animalia,Chordata,Actinopterygii,Cyprinodontiformes,Rivulidae,Maratecoara,peixes
Eleoscytalopus psychopompus,Animalia,Chordata,Aves,Passeriformes,Rhinocryptidae,Eleoscytalopus,aves
Formicivora acutirostris,Animalia,Chordata,Aves,Passeriformes,Thamnophilidae,Formicivora,aves
Cambeva pascuali,Animalia,Chordata,Actinopterygii,Siluriformes,Trichomycteridae,Cambeva,peixes
Pimelodella spelaea,Animalia,Chordata,Actinopterygii,Siluriformes,Heptapteridae,Pimelodella,peixes
Lebiasina minuta,Animalia,Chordata,Actinopterygii,Characiformes,Lebiasinidae,Lebiasina,peixes
Epiperipatus diadenoproctus,Animalia,Onychophora,Onychophora,Euonychophora,Peripatidae,Epiperipatus,outros
Progarypus nigrimanus,Animalia,Arthropoda,Arachnida,Pseudoscorpiones,Olpiidae,Progarypus,aracnideos
Leopardus guttulus,Animalia,Chordata,Mammalia,Carnivora,Felidae,Leopardus,mamiferos
Amadonastur lacernulatus,Animalia,Chordata,Aves,Accipitriformes,Accipitridae,Amadonastur,aves
Campylorhamphus trochilirostris trochilirostris,Animalia,Chordata,Aves,Passeriformes,Dendrocolaptidae,Campylorhamphus,aves
Juscelinomys candango,Animalia,Chordata,Mammalia,Rodentia,Cricetidae,Juscelinomys,mamiferos
Mustelus schmitti,Animalia,Chordata,Elasmobranchii,Carcharhiniformes,Triakidae,Mustelus,peixes
Xangoniscus itacarambiensis,Animalia,Arthropoda,Malacostraca,Isopoda,Styloniscidae,Xangoniscus,crustaceos
Garcialebias reicherti,Animalia,Chordata,Actinopterygii,Cyprinodontiformes,Rivulidae,Garcialebias,peixes
Sterna dougallii,Animalia,Chordata,Aves,Charadriiformes,Laridae,Sterna,aves
Pseudosinella neriae,Animalia,Arthropoda,Entognatha,Entomobryomorpha,Entomobryidae,Pseudosinella,outros
Stigmatura napensis napensis,Animalia,Chordata,Aves,Passeriformes,Tyrannidae,Stigmatura,aves
Mobula rochebrunei,Animalia,Chordata,Elasmobranchii,Rajiformes,Myliobatidae,Mobula,peixes
Pectenoniscus monsviridis,Animalia,Arthropoda,Malacostraca,Isopoda,Styloniscidae,Pectenoniscus,crustaceos
Spinopilar moria,Animalia,Arthropoda,Arachnida,Opiliones,Cryptogeobiidae,Spinopilar,aracnideos
Paracymbiomma caecus,Animalia,Arthropoda,Arachnida,Araneae,Prodidomidae,Paracymbiomma,aracnideos
Callithrix flaviceps,Animalia,Chordata,Mammalia,Primates,Callitrichidae,Callithrix,mamiferos
Apostolepis thalesdelemai,Animalia,Chordata,Reptilia,Squamata,Dipsadidae,Apostolepis,repteis
Mussismilia harttii,Animalia,Cnidaria,Anthozoa,Scleractinia,Faviidae,Mussismilia,outros
Bombus bellicosus,Animalia,Arthropoda,Insecta,Hymenoptera,Apidae,Bombus,insetos
Hasemania melanura,Animalia,Chordata,Actinopterygii,Characiformes,Acestrorhamphidae,Hasemania,peixes
Phalotris lativittatus,Animalia,Chordata,Reptilia,Squamata,Dipsadidae,Phalotris,repteis
Aeria olena tiuma,Animalia,Arthropoda,Insecta,Lepidoptera,Nymphalidae,Aeria,insetos
Jenynsia sanctaecatarinae,Animalia,Chordata,Actinopterygii,Cyprinodontiformes,Anablepidae,Jenynsia,peixes
Heterodactylus septentrionalis,Animalia,Chordata,Reptilia,Squamata,Gymnophthalmidae,Heterodactylus,repteis
Sapajus robustus,Animalia,Chordata,Mammalia,Primates,Cebidae,Sapajus,mamiferos
Megalobulimus parafragilior,Animalia,Mollusca,Gastropoda,Stylommatophora,Strophocheilidae,Megalobulimus,moluscos
Xiphocolaptes carajaensis,Animalia,Chordata,Aves,Passeriformes,Dendrocolaptidae,Xiphocolaptes,aves
Biotocus turbinatus,Animalia,Mollusca,Gastropoda,Pulmonata,Bulimulidae,Biotocus,moluscos
Eukoenenia sagarana,Animalia,Arthropoda,Arachnida,Palpigradi,Eukoeneniidae,Eukoenenia,aracnideos
Mustelus fasciatus,Animalia,Chordata,Elasmobranchii,Carcharhiniformes,Triakidae,Mustelus,peixes
Iuiuniscus iuiuensis,Animalia,Arthropoda,Malacostraca,Isopoda,Styloniscidae,Iuiuniscus,crustaceos
Clytoctantes atrogularis,Animalia,Chordata,Aves,Passeriformes,Thamnophilidae,Clytoctantes,aves
Sapajus libidinosus,Animalia,Chordata,Mammalia,Primates,Cebidae,Sapajus,mamiferos
Pionus reichenowi,Animalia,Chordata,Aves,Psittaciformes,Psittacidae,Pionus,aves
Sternarchorhynchus caboclo,Animalia,Chordata,Actinopterygii,Gymnotiformes,Apteronotidae,Sternarchorhynchus,peixes
Succinea lopesi,Animalia,Mollusca,Gastropoda,Pulmonata,Succineidae,Succinea,moluscos
Forsterinaria itatiaia,Animalia,Arthropoda,Insecta,Lepidoptera,Nymphalidae,Forsterinaria,insetos
Carcharhinus galapagensis,Animalia,Chordata,Elasmobranchii,Carcharhiniformes,Carcharhinidae,Carcharhinus,peixes
Aegla oblata,Animalia,Arthropoda,Malacostraca,Decapoda,Aeglidae,Aegla,crustaceos
Augastes lumachella,Animalia,Chordata,Aves,Apodiformes,Trochilidae,Augastes,aves
Leposternon octostegum,Animalia,Chordata,Reptilia,Squamata,Amphisbaenidae,Leposternon,repteis
Hypsolebias guanambi,Animalia,Chordata,Actinopterygii,Cyprinodontiformes,Rivulidae,Hypsolebias,peixes
Garcialebias pongondo,Animalia,Chordata,Actinopterygii,Cyprinodontiformes,Rivulidae,Garcialebias,peixes
Thamnophilus caerulescens cearensis,Animalia,Chordata,Aves,Passeriformes,Thamnophilidae,Thamnophilus,aves
Tangara velia signata,Animalia,Chordata,Aves,Passeriformes,Thraupidae,Tangara,aves
Genidens barbus,Animalia,Chordata,Actinopterygii,Siluriformes,Ariidae,Genidens,peixes
Diomedea epomophora,Animalia,Chordata,Aves,Procellariiformes,Diomedeidae,Diomedea,aves
Eulaema felipei,Animalia,Arthropoda,Insecta,Hymenoptera,Apidae,Eulaema,insetos
Laniisoma elegans,Animalia,Chordata,Aves,Passeriformes,Tityridae,Laniisoma,aves
Xiphorhynchus atlanticus,Animalia,Chordata,Aves,Passeriformes,Dendrocolaptidae,Xiphorhynchus,aves
Phalloptychus eigenmanni,Animalia,Chordata,Actinopterygii,Cyprinodontiformes,Poeciliidae,Phalloptychus,peixes
Euglossa avicula,Animalia,Arthropoda,Insecta,Hymenoptera,Apidae,Euglossa,insetos
Coarazuphium xingu,Animalia,Arthropoda,Insecta,Coleoptera,Carabidae,Coarazuphium,insetos
Thalasseus maximus,Animalia,Chordata,Aves,Charadriiformes,Laridae,Thalasseus,aves
Spelaeometra hypogea,Animalia,Arthropoda,Insecta,Hemiptera,Hydrometridae,Spelaeometra,insetos
Epinephelus itajara,Animalia,Chordata,Actinopterygii,Perciformes,Epinephelidae,Epinephelus,peixes
Mazama nana,Animalia,Chordata,Mammalia,Artiodactyla,Cervidae,Mazama,mamiferos
Odontanthias cauoh,Animalia,Chordata,Actinopterygii,Perciformes,Anthiadidae,Odontanthias,peixes
Crossodactylus dantei,Animalia,Chordata,Amphibia,Anura,Hylodidae,Crossodactylus,anfibios
Sternarchorhynchus inpai,Animalia,Chordata,Actinopterygii,Gymnotiformes,Apteronotidae,Sternarchorhynchus,peixes
Arraia nelmae,Animalia,Annelida,Clitellata,Haplotaxida,Ocnerodrilidae,Arraia,outros
Rhipidodonta iheringi,Animalia,Mollusca,Bivalvia,Unionida,Hyriidae,Rhipidodonta,moluscos
Hyalella epikarstica,Animalia,Arthropoda,Malacostraca,Amphipoda,Hyalellidae,Hyalella,crustaceos
Leontopithecus caissara,Animalia,Chordata,Mammalia,Primates,Callitrichidae,Leontopithecus,mamiferos
Ferricixius goliathi,Animalia,Arthropoda,Insecta,Hemiptera,Cixiidae,Ferricixius,insetos
Stenocercus quinarius,Animalia,Chordata,Reptilia,Squamata,Tropiduridae,Stenocercus,repteis
Pararrhopalites wallacei,Animalia,Arthropoda,Entognatha,Symphypleona,Sminthuridae,Pararrhopalites,outros
Tityus kuryi,Animalia,Arthropoda,Arachnida,Scorpiones,Buthidae,Tityus,aracnideos
Hypsolebias magnificus,Animalia,Chordata,Actinopterygii,Cyprinodontiformes,Rivulidae,Hypsolebias,peixes
Newportia potiguar,Animalia,Arthropoda,Chilopoda,Scolopendromorpha,Scolopocryptopidae,Newportia,outros
Amazona vinacea,Animalia,Chordata,Aves,Psittaciformes,Psittacidae,Amazona,aves
Tursiops gephyreus,Animalia,Chordata,Mammalia,Artiodactyla,Delphinidae,Tursiops,mamiferos
Scytalopus diamantinensis,Animalia,Chordata,Aves,Passeriformes,Rhinocryptidae,Scytalopus,aves
Anomaloglossus apiau,Animalia,Chordata,Amphibia,Anura,Aromobatidae,Anomaloglossus,anfibios
Spiripockia punctata,Animalia,Mollusca,Gastropoda,Littorinimorpha,Pomatiopsidae,Spiripockia,moluscos
Ophthalmolebias perpendicularis,Animalia,Chordata,Actinopterygii,Cyprinodontiformes,Rivulidae,Ophthalmolebias,peixes
Aburria cujubi,Animalia,Chordata,Aves,Galliformes,Cracidae,Aburria,aves
Formicivora littoralis,Animalia,Chordata,Aves,Passeriformes,Thamnophilidae,Formicivora,aves
Iansaoniscus iraquara,Animalia,Arthropoda,Malacostraca,Isopoda,Pudeoniscidae,Iansaoniscus,crustaceos
Iandumoema uai,Animalia,Arthropoda,Arachnida,Opiliones,Gonyleptidae,Iandumoema,aracnideos
Adebrotus lugoi,Animalia,Arthropoda,Insecta,Ephemeroptera,Baetidae,Adebrotus,insetos
Millepora laboreli,Animalia,Cnidaria,Hydrozoa,Anthoathecata,Milleporidae,Millepora,outros
Caretta caretta,Animalia,Chordata,Reptilia,Testudines,Cheloniidae,Caretta,repteis
Natalus macrourus,Animalia,Chordata,Mammalia,Chiroptera,Natalidae,Natalus,mamiferos
Thalurania watertonii,Animalia,Chordata,Aves,Apodiformes,Trochilidae,Thalurania,aves
Benthanoides amazonicus,Animalia,Arthropoda,Malacostraca,Isopoda,Philosciidae,Benthanoides,crustaceos
Garcialebias nubium,Animalia,Chordata,Actinopterygii,Cyprinodontiformes,Rivulidae,Garcialebias,peixes
Garcialebias arachan,Animalia,Chordata,Actinopterygii,Cyprinodontiformes,Rivulidae,Garcialebias,peixes
Carcharhinus brevipinna,Animalia,Chordata,Elasmobranchii,Carcharhiniformes,Carcharhinidae,Carcharhinus,peixes
Coarazuphium formoso,Animalia,Arthropoda,Insecta,Coleoptera,Carabidae,Coarazuphium,insetos
Carcharhinus porosus,Animalia,Chordata,Elasmobranchii,Carcharhiniformes,Carcharhinidae,Carcharhinus,peixes
Ophiodes enso,Animalia,Chordata,Reptilia,Squamata,Diploglossidae,Ophiodes,repteis
Urotrygon microphthalmum,Animalia,Chordata,Elasmobranchii,Myliobatiformes,Urotrygonidae,Urotrygon,peixes
Sternarchorhynchus villasboasi,Animalia,Chordata,Actinopterygii,Gymnotiformes,Apteronotidae,Sternarchorhynchus,peixes
Genidens planifrons,Animalia,Chordata,Actinopterygii,Siluriformes,Ariidae,Genidens,peixes
Kryptolebias gracilis,Animalia,Chordata,Actinopterygii,Cyprinodontiformes,Rivulidae,Kryptolebias,peixes
Atlantirivulus nudiventris,Animalia,Chordata,Actinopterygii,Cyprinodontiformes,Rivulidae,Atlantirivulus,peixes
Nematolebias papilliferus,Animalia,Chordata,Actinopterygii,Cyprinodontiformes,Rivulidae,Nematolebias,peixes
Odontophorus capueira plumbeicollis,Animalia,Chordata,Aves,Galliformes,Odontophoridae,Odontophorus,aves
Troglobentosminthurus luridus,Animalia,Arthropoda,Entognatha,Symphypleona,Sminthuridae,Troglobentosminthurus,outros
Callicebus coimbrai,Animalia,Chordata,Mammalia,Primates,Pitheciidae,Callicebus,mamiferos
Cynopoecilus feltrini,Animalia,Chordata,Actinopterygii,Cyprinodontiformes,Rivulidae,Cynopoecilus,peixes
Scytalopus novacapitalis,Animalia,Chordata,Aves,Passeriformes,Rhinocryptidae,Scytalopus,aves
Spelaeogammarus trajanoae,Animalia,Arthropoda,Malacostraca,Amphipoda,Artesiidae,Spelaeogammarus,crustaceos
Pectenoniscus pankaru,Animalia,Arthropoda,Malacostraca,Isopoda,Styloniscidae,Pectenoniscus,crustaceos
Chasmocranus brachynema,Animalia,Chordata,Actinopterygii,Siluriformes,Heptapteridae,Chasmocranus,peixes
Apostolepis striata,Animalia,Chordata,Reptilia,Squamata,Dipsadidae,Apostolepis,repteis
Echinanthera cephalomaculata,Animalia,Chordata,Reptilia,Squamata,Dipsadidae,Echinanthera,repteis
Neomorphus geoffroyi amazonicus,Animalia,Chordata,Aves,Cuculiformes,Cuculidae,Neomorphus,aves
Hemitriccus mirandae,Animalia,Chordata,Aves,Passeriformes,Rhynchocyclidae,Hemitriccus,aves
Aegla georginae,Animalia,Arthropoda,Malacostraca,Decapoda,Aeglidae,Aegla,crustaceos
Iodopleura pipra leucopygia,Animalia,Chordata,Aves,Passeriformes,Tityridae,Iodopleura,aves
Spelaeogammarus santanensis,Animalia,Arthropoda,Malacostraca,Amphipoda,Artesiidae,Spelaeogammarus,crustaceos
Megalobulimus rolandianus,Animalia,Mollusca,Gastropoda,Stylommatophora,Strophocheilidae,Megalobulimus,moluscos
Dendrocolaptes transfasciatus,Animalia,Chordata,Aves,Passeriformes,Dendrocolaptidae,Dendrocolaptes,aves
Eusarcus elinae,Animalia,Arthropoda,Arachnida,Opiliones,Gonyleptidae,Eusarcus,aracnideos
Anodorhynchus leari,Animalia,Chordata,Aves,Psittaciformes,Psittacidae,Anodorhynchus,aves
Coarazuphium caatinga,Animalia,Arthropoda,Insecta,Coleoptera,Carabidae,Coarazuphium,insetos
Sclerurus cearensis,Animalia,Chordata,Aves,Passeriformes,Scleruridae,Sclerurus,aves
Bothrops muriciensis,Animalia,Chordata,Reptilia,Squamata,Viperidae,Bothrops,repteis
Arlesia intermedia,Animalia,Arthropoda,Entognatha,Symphypleona,Arrhopalitidae,Arlesia,outros
Anumara forbesi,Animalia,Chordata,Aves,Passeriformes,Icteridae,Anumara,aves
Hylexetastes brigidai,Animalia,Chordata,Aves,Passeriformes,Dendrocolaptidae,Hylexetastes,aves
Placosoma cipoense,Animalia,Chordata,Reptilia,Squamata,Gymnophthalmidae,Placosoma,repteis
Phylloscartes ceciliae,Animalia,Chordata,Aves,Passeriformes,Rhynchocyclidae,Phylloscartes,aves
Adelophryne maranguapensis,Animalia,Chordata,Amphibia,Anura,Eleutherodactylidae,Adelophryne,anfibios
Puffinus lherminieri,Animalia,Chordata,Aves,Procellariiformes,Procellariidae,Puffinus,aves
Dendrocolaptes medius,Animalia,Chordata,Aves,Passeriformes,Dendrocolaptidae,Dendrocolaptes,aves
Aegla manuinflata,Animalia,Arthropoda,Malacostraca,Decapoda,Aeglidae,Aegla,crustaceos
Sphaenorhynchus bromelicola,Animalia,Chordata,Amphibia,Anura,Hylidae,Sphaenorhynchus,anfibios
Helicops boitata,Animalia,Chordata,Reptilia,Squamata,Dipsadidae,Helicops,repteis
Franciscobasis franciscoi,Animalia,Arthropoda,Insecta,Odonata,Coenagrionidae,Franciscobasis,insetos
Aegla brevipalma,Animalia,Arthropoda,Malacostraca,Decapoda,Aeglidae,Aegla,crustaceos
Furipterus horrens,Animalia,Chordata,Mammalia,Chiroptera,Furipteridae,Furipterus,mamiferos
Pachylospeleus strinatii,Animalia,Arthropoda,Arachnida,Opiliones,Gonyleptidae,Pachylospeleus,aracnideos
Circus cinereus,Animalia,Chordata,Aves,Accipitriformes,Accipitridae,Circus,aves
Titanolebias cheradophilus,Animalia,Chordata,Actinopterygii,Cyprinodontiformes,Rivulidae,Titanolebias,peixes
Homonota uruguayensis,Animalia,Chordata,Reptilia,Squamata,Phyllodactylidae,Homonota,repteis
Garcialebias nigrofasciatus,Animalia,Chordata,Actinopterygii,Cyprinodontiformes,Rivulidae,Garcialebias,peixes
Nematolebias whitei,Animalia,Chordata,Actinopterygii,Cyprinodontiformes,Rivulidae,Nematolebias,peixes
Pseudosinella ambigua,Animalia,Arthropoda,Entognatha,Entomobryomorpha,Entomobryidae,Pseudosinella,outros
Carcharhinus longimanus,Animalia,Chordata,Elasmobranchii,Carcharhiniformes,Carcharhinidae,Carcharhinus,peixes
Amphisbaena arda,Animalia,Chordata,Reptilia,Squamata,Amphisbaenidae,Amphisbaena,repteis
Mimagoniates sylvicola,Animalia,Chordata,Actinopterygii,Characiformes,Stevardiidae,Mimagoniates,peixes
Euvola ziczac,Animalia,Mollusca,Bivalvia,Pectinida,Pectinidae,Euvola,moluscos
Rodriguesophis chui,Animalia,Chordata,Reptilia,Squamata,Dipsadidae,Rodriguesophis,repteis
Amphisbaena metallurga,Animalia,Chordata,Reptilia,Squamata,Amphisbaenidae,Amphisbaena,repteis
Cynolebias akroa,Animalia,Chordata,Actinopterygii,Cyprinodontiformes,Rivulidae,Cynolebias,peixes
Leptokoenenia pelada,Animalia,Arthropoda,Arachnida,Palpigradi,Eukoeneniidae,Leptokoenenia,aracnideos
Moema piriana,Animalia,Chordata,Actinopterygii,Cyprinodontiformes,Rivulidae,Moema,peixes
Hyperaulax ramagei,Animalia,Mollusca,Gastropoda,Stylommatophora,Odontostomidae,Hyperaulax,moluscos
Pogonopoma obscurum,Animalia,Chordata,Actinopterygii,Siluriformes,Loricariidae,Pogonopoma,peixes
Podocnemis sextuberculata,Animalia,Chordata,Reptilia,Testudines,Podocnemididae,Podocnemis,repteis
Myliobatis freminvillei,Animalia,Chordata,Elasmobranchii,Myliobatiformes,Myliobatidae,Myliobatis,peixes
Metagonia potiguar,Animalia,Arthropoda,Arachnida,Araneae,Pholcidae,Metagonia,aracnideos
Amphisbaena saxosa,Animalia,Chordata,Reptilia,Squamata,Amphisbaenidae,Amphisbaena,repteis
Colossoma macropomum,Animalia,Chordata,Actinopterygii,Characiformes,Serrasalmidae,Colossoma,peixes
Pseudotocinclus tietensis,Animalia,Chordata,Actinopterygii,Siluriformes,Loricariidae,Pseudotocinclus,peixes
Orobrassolis ornamentalis,Animalia,Arthropoda,Insecta,Lepidoptera,Nymphalidae,Orobrassolis,insetos
Ophthalmolebias suzarti,Animalia,Chordata,Actinopterygii,Cyprinodontiformes,Rivulidae,Ophthalmolebias,peixes
Psammisotoma restingae,Animalia,Arthropoda,Entognatha,Entomobryomorpha,Isotomidae,Psammisotoma,outros
Mycetagroicus urbanus,Animalia,Arthropoda,Insecta,Hymenoptera,Formicidae,Mycetagroicus,insetos
Tomigerus gibberulus,Animalia,Mollusca,Gastropoda,Stylommatophora,Odontostomidae,Tomigerus,moluscos
Benthana alba,Animalia,Arthropoda,Malacostraca,Isopoda,Philosciidae,Benthana,crustaceos
Diomedea sanfordi,Animalia,Chordata,Aves,Procellariiformes,Diomedeidae,Diomedea,aves
Sphyrna tudes,Animalia,Chordata,Elasmobranchii,Carcharhiniformes,Sphyrnidae,Sphyrna,peixes
Campellolebias chrysolineatus,Animalia,Chordata,Actinopterygii,Cyprinodontiformes,Rivulidae,Campellolebias,peixes
Phrynomedusa marginata,Animalia,Chordata,Amphibia,Anura,Phyllomedusidae,Phrynomedusa,anfibios
Mustelus canis,Animalia,Chordata,Elasmobranchii,Carcharhiniformes,Triakidae,Mustelus,peixes
Rachoviscus crassiceps,Animalia,Chordata,Actinopterygii,Characiformes,Acestrorhamphidae,Rachoviscus,peixes
Rhegmatorhina hoffmannsi,Animalia,Chordata,Aves,Passeriformes,Thamnophilidae,Rhegmatorhina,aves
Hypsolebias tocantinensis,Animalia,Chordata,Actinopterygii,Cyprinodontiformes,Rivulidae,Hypsolebias,peixes
Prochilodus harttii,Animalia,Chordata,Actinopterygii,Characiformes,Prochilodontidae,Prochilodus,peixes
Hylopezus whittakeri,Animalia,Chordata,Aves,Passeriformes,Grallariidae,Hylopezus,aves
Machadagrion garbei,Animalia,Arthropoda,Insecta,Odonata,Coenagrionidae,Machadagrion,insetos
Aegla charon,Animalia,Arthropoda,Malacostraca,Decapoda,Aeglidae,Aegla,crustaceos
Hypsolebias harmonicus,Animalia,Chordata,Actinopterygii,Cyprinodontiformes,Rivulidae,Hypsolebias,peixes
Girardia multidiverticulata,Animalia,Platyhelminthes,Rhabditophora,Tricladida,Dugesiidae,Girardia,outros
Plecturocebus grovesi,Animalia,Chordata,Mammalia,Primates,Pitheciidae,Plecturocebus,mamiferos
Chlorosoma laticeps,Animalia,Chordata,Reptilia,Squamata,Dipsadidae,Chlorosoma,repteis
Elaenia ridleyana,Animalia,Chordata,Aves,Passeriformes,Tyrannidae,Elaenia,aves
Centris hyptidoides,Animalia,Arthropoda,Insecta,Hymenoptera,Apidae,Centris,insetos
Aegla loyolai,Animalia,Arthropoda,Malacostraca,Decapoda,Aeglidae,Aegla,crustaceos
Lepidothrix vilasboasi,Animalia,Chordata,Aves,Passeriformes,Pipridae,Lepidothrix,aves
Thamnophilus aethiops distans,Animalia,Chordata,Aves,Passeriformes,Thamnophilidae,Thamnophilus,aves
Hypsolebias splendissimus,Animalia,Chordata,Actinopterygii,Cyprinodontiformes,Rivulidae,Hypsolebias,peixes
Cyanocorax hafferi,Animalia,Chordata,Aves,Passeriformes,Corvidae,Cyanocorax,aves
Kerodon acrobata,Animalia,Chordata,Mammalia,Rodentia,Caviidae,Kerodon,mamiferos
Brachyteles hypoxanthus,Animalia,Chordata,Mammalia,Primates,Atelidae,Brachyteles,mamiferos
Hylodes mertensi,Animalia,Chordata,Amphibia,Anura,Hylodidae,Hylodes,anfibios
Anthus nattereri,Animalia,Chordata,Aves,Passeriformes,Motacillidae,Anthus,aves
Gymnolebias jaegari,Animalia,Chordata,Actinopterygii,Cyprinodontiformes,Rivulidae,Gymnolebias,peixes
Carcharhinus obscurus,Animalia,Chordata,Elasmobranchii,Carcharhiniformes,Carcharhinidae,Carcharhinus,peixes
Isoctenus corymbus,Animalia,Arthropoda,Arachnida,Araneae,Ctenidae,Isoctenus,aracnideos
Crossodactylodes izecksohni,Animalia,Chordata,Amphibia,Anura,Leptodactylidae,Crossodactylodes,anfibios
Amazona rhodocorytha,Animalia,Chordata,Aves,Psittaciformes,Psittacidae,Amazona,aves
Physeter macrocephalus,Animalia,Chordata,Mammalia,Artiodactyla,Physeteridae,Physeter,mamiferos
Ameivula cipoensis,Animalia,Chordata,Reptilia,Squamata,Teiidae,Ameivula,repteis
Leptopanchax citrinipinnis,Animalia,Chordata,Actinopterygii,Cyprinodontiformes,Rivulidae,Leptopanchax,peixes
Drepanotrema pileatum,Animalia,Mollusca,Gastropoda,Pulmonata,Planorbidae,Drepanotrema,moluscos
Seira mataraquensis,Animalia,Arthropoda,Entognatha,Entomobryomorpha,Entomobryidae,Seira,outros
Campylorhamphus multostriatus,Animalia,Chordata,Aves,Passeriformes,Dendrocolaptidae,Campylorhamphus,aves
Phaethon lepturus,Animalia,Chordata,Aves,Phaethontiformes,Phaethontidae,Phaethon,aves
Leptodon forbesi,Animalia,Chordata,Aves,Accipitriformes,Accipitridae,Leptodon,aves
Sporophila frontalis,Animalia,Chordata,Aves,Passeriformes,Thraupidae,Sporophila,aves
Endecous peruassuensis,Animalia,Arthropoda,Insecta,Orthoptera,Phalangopsidae,Endecous,insetos
Celeus galeatus,Animalia,Chordata,Aves,Piciformes,Picidae,Celeus,aves
Hermanella nigra,Animalia,Arthropoda,Insecta,Ephemeroptera,Leptophlebiidae,Hermanella,insetos
Aegla franca,Animalia,Arthropoda,Malacostraca,Decapoda,Aeglidae,Aegla,crustaceos
Ischnocnema epipeda,Animalia,Chordata,Amphibia,Anura,Brachycephalidae,Ischnocnema,anfibios
Oxymycterus caparaoe,Animalia,Chordata,Mammalia,Rodentia,Cricetidae,Oxymycterus,mamiferos
Halichoeres rubrovirens,Animalia,Chordata,Actinopterygii,Perciformes,Labridae,Halichoeres,peixes
Chiropotes utahicki,Animalia,Chordata,Mammalia,Primates,Pitheciidae,Chiropotes,mamiferos
Formicivora erythronotos,Animalia,Chordata,Aves,Passeriformes,Thamnophilidae,Formicivora,aves
Phyllomyias reiseri,Animalia,Chordata,Aves,Passeriformes,Tyrannidae,Phyllomyias,aves
Johngarthia lagostoma,Animalia,Arthropoda,Malacostraca,Decapoda,Gecarcinidae,Johngarthia,crustaceos
Forcepsioneura machadorum,Animalia,Arthropoda,Insecta,Odonata,Coenagrionidae,Forcepsioneura,insetos
Matilebias alexandri,Animalia,Chordata,Actinopterygii,Cyprinodontiformes,Rivulidae,Matilebias,peixes
Phyllocaulis renschi,Animalia,Mollusca,Gastropoda,Gymnomorpha,Veronicellidae,Phyllocaulis,moluscos
Cassis tuberosa,Animalia,Mollusca,Gastropoda,Littorinimorpha,Cassidae,Cassis,moluscos
Synaptula secreta,Animalia,Echinodermata,Holothuroidea,Apodida,Synaptidae,Synaptula,outros
Isbrueckerichthys saxicola,Animalia,Chordata,Actinopterygii,Siluriformes,Loricariidae,Isbrueckerichthys,peixes
Aegla renana,Animalia,Arthropoda,Malacostraca,Decapoda,Aeglidae,Aegla,crustaceos
Rowlandius ubajara,Animalia,Arthropoda,Arachnida,Schizomida,Hubbardiidae,Rowlandius,aracnideos
Coleodactylus elizae,Animalia,Chordata,Reptilia,Squamata,Sphaerodactylidae,Coleodactylus,repteis
Cinclodes espinhacensis,Animalia,Chordata,Aves,Passeriformes,Furnariidae,Cinclodes,aves
Dobrodesmus mirabilis,Animalia,Arthropoda,Diplopoda,Polydesmida,Dobrodesmidae,Dobrodesmus,outros
Epinecrophylla dentei,Animalia,Chordata,Aves,Passeriformes,Thamnophilidae,Epinecrophylla,aves
Iuiuia caeca,Animalia,Arthropoda,Insecta,Hemiptera,Kinnaridae,Iuiuia,insetos
Tropidurus mucujensis,Animalia,Chordata,Reptilia,Squamata,Tropiduridae,Tropidurus,repteis
Brasileirinho cavaticus,Animalia,Arthropoda,Malacostraca,Isopoda,Brasileirinidae,Brasileirinho,crustaceos
Terenura sicki,Animalia,Chordata,Aves,Passeriformes,Thamnophilidae,Terenura,aves
Steindachneridion melanodermatum,Animalia,Chordata,Actinopterygii,Siluriformes,Pimelodidae,Steindachneridion,peixes
Amphisbaena nigricauda,Animalia,Chordata,Reptilia,Squamata,Amphisbaenidae,Amphisbaena,repteis
Holoaden bradei,Animalia,Chordata,Amphibia,Anura,Strabomantidae,Holoaden,anfibios
Lagothrix lagothricha lagothricha,Animalia,Chordata,Mammalia,Primates,Atelidae,Lagothrix,mamiferos
Charinus potiguar,Animalia,Arthropoda,Arachnida,Amblypygi,Charinidae,Charinus,aracnideos
Squatina occulta,Animalia,Chordata,Elasmobranchii,Squatiniformes,Squatinidae,Squatina,peixes
Hyalella veredae,Animalia,Arthropoda,Malacostraca,Amphipoda,Hyalellidae,Hyalella,crustaceos
Monocondylaea franciscana,Animalia,Mollusca,Bivalvia,Unionida,Mycetopodidae,Monocondylaea,moluscos
Hypsolebias hellneri,Animalia,Chordata,Actinopterygii,Cyprinodontiformes,Rivulidae,Hypsolebias,peixes
Acrobatornis fonsecai,Animalia,Chordata,Aves,Passeriformes,Furnariidae,Acrobatornis,aves
Sclerurus macconnelli bahiae,Animalia,Chordata,Aves,Passeriformes,Scleruridae,Sclerurus,aves
Scytalopus iraiensis,Animalia,Chordata,Aves,Passeriformes,Rhinocryptidae,Scytalopus,aves
Ancistrus minutus,Animalia,Chordata,Actinopterygii,Siluriformes,Loricariidae,Ancistrus,peixes
Alectrurus tricolor,Animalia,Chordata,Aves,Passeriformes,Tyrannidae,Alectrurus,aves
Selenidera gouldii baturitensis,Animalia,Chordata,Aves,Piciformes,Ramphastidae,Selenidera,aves
Hypsolebias delucai,Animalia,Chordata,Actinopterygii,Cyprinodontiformes,Rivulidae,Hypsolebias,peixes
Squatina guggenheim,Animalia,Chordata,Elasmobranchii,Squatiniformes,Squatinidae,Squatina,peixes
Synallaxis infuscata,Animalia,Chordata,Aves,Passeriformes,Furnariidae,Synallaxis,aves
Rhopornis ardesiacus,Animalia,Chordata,Aves,Passeriformes,Thamnophilidae,Rhopornis,aves
Parastacus tuerkayi,Animalia,Arthropoda,Malacostraca,Decapoda,Parastacidae,Parastacus,crustaceos
Hypsolebias shibattai,Animalia,Chordata,Actinopterygii,Cyprinodontiformes,Rivulidae,Hypsolebias,peixes
Hypsolebias flavicaudatus,Animalia,Chordata,Actinopterygii,Cyprinodontiformes,Rivulidae,Hypsolebias,peixes
Glossoscolex matogrossensis,Animalia,Annelida,Clitellata,Haplotaxida,Glossoscolecidae,Glossoscolex,outros
Callicebus nigrifrons,Animalia,Chordata,Mammalia,Primates,Pitheciidae,Callicebus,mamiferos
Leontopithecus chrysomelas,Animalia,Chordata,Mammalia,Primates,Callitrichidae,Leontopithecus,mamiferos
Ameiva parecis,Animalia,Chordata,Reptilia,Squamata,Teiidae,Ameiva,repteis
Philodryas livida,Animalia,Chordata,Reptilia,Squamata,Dipsadidae,Philodryas,repteis
Thamnophilus nigrocinereus huberi,Animalia,Chordata,Aves,Passeriformes,Thamnophilidae,Thamnophilus,aves
Inia araguaiaensis,Animalia,Chordata,Mammalia,Artiodactyla,Iniidae,Inia,mamiferos
Spelaeochernes gracilipalpus,Animalia,Arthropoda,Arachnida,Pseudoscorpiones,Chernetidae,Spelaeochernes,aracnideos
Melanorivulus leali,Animalia,Chordata,Actinopterygii,Cyprinodontiformes,Rivulidae,Melanorivulus,peixes
Leposoma puk,Animalia,Chordata,Reptilia,Squamata,Gymnophthalmidae,Leposoma,repteis
Hypsolebias lopesi,Animalia,Chordata,Actinopterygii,Cyprinodontiformes,Rivulidae,Hypsolebias,peixes
Ginglymostoma cirratum,Animalia,Chordata,Elasmobranchii,Orectolobiformes,Ginglymostomatidae,Ginglymostoma,peixes
Ozotoceros bezoarticus leucogaster,Animalia,Chordata,Mammalia,Artiodactyla,Cervidae,Ozotoceros,mamiferos
Chiasmocleis alagoana,Animalia,Chordata,Amphibia,Anura,Microhylidae,Chiasmocleis,anfibios
Scriptosaura catimbau,Animalia,Chordata,Reptilia,Squamata,Gymnophthalmidae,Scriptosaura,repteis
Tinamus tao,Animalia,Chordata,Aves,Tinamiformes,Tinamidae,Tinamus,aves
Trichomycterus dali,Animalia,Chordata,Actinopterygii,Siluriformes,Trichomycteridae,Trichomycterus,peixes
Ophthalmolebias rosaceus,Animalia,Chordata,Actinopterygii,Cyprinodontiformes,Rivulidae,Ophthalmolebias,peixes
Bothrops sazimai,Animalia,Chordata,Reptilia,Squamata,Viperidae,Bothrops,repteis
Glossoscolex riograndensis,Animalia,Annelida,Clitellata,Haplotaxida,Glossoscolecidae,Glossoscolex,outros
Sapajus cay,Animalia,Chordata,Mammalia,Primates,Cebidae,Sapajus,mamiferos
Coarazuphium kayapo,Animalia,Arthropoda,Insecta,Coleoptera,Carabidae,Coarazuphium,insetos
Atlantodesmus pickeli,Animalia,Arthropoda,Diplopoda,Polydesmida,Chelodesmidae,Atlantodesmus,outros
Penelope jacucaca,Animalia,Chordata,Aves,Galliformes,Cracidae,Penelope,aves
Malacoptila minor,Animalia,Chordata,Aves,Galbuliformes,Bucconidae,Malacoptila,aves
Ctenomys flamarioni,Animalia,Chordata,Mammalia,Rodentia,Ctenomyidae,Ctenomys,mamiferos
Chelonoidis carbonarius,Animalia,Chordata,Reptilia,Testudines,Testudinidae,Chelonoidis,repteis
Crenicichla jupiaensis,Animalia,Chordata,Actinopterygii,Cichliformes,Cichlidae,Crenicichla,peixes
Neomorphus squamiger,Animalia,Chordata,Aves,Cuculiformes,Cuculidae,Neomorphus,aves
Indiani gaspar,Animalia,Arthropoda,Arachnida,Araneae,Gnaphosidae,Indiani,aracnideos
Crax blumenbachii,Animalia,Chordata,Aves,Galliformes,Cracidae,Crax,aves
Macrobrachium denticulatum,Animalia,Arthropoda,Malacostraca,Decapoda,Palaemonidae,Macrobrachium,crustaceos
Amphisbaena tiaraju,Animalia,Chordata,Reptilia,Squamata,Amphisbaenidae,Amphisbaena,repteis
Xipholena lamellipennis,Animalia,Chordata,Aves,Passeriformes,Cotingidae,Xipholena,aves
Atlantirivulus maricensis,Animalia,Chordata,Actinopterygii,Cyprinodontiformes,Rivulidae,Atlantirivulus,peixes
Phrynops williamsi,Animalia,Chordata,Reptilia,Testudines,Chelidae,Phrynops,repteis
Mycetopoda legumen,Animalia,Mollusca,Bivalvia,Unionida,Mycetopodidae,Mycetopoda,moluscos
Myliobatis goodei,Animalia,Chordata,Elasmobranchii,Myliobatiformes,Myliobatidae,Myliobatis,peixes
Microglanis robustus,Animalia,Chordata,Actinopterygii,Siluriformes,Pseudopimelodidae,Microglanis,peixes
Makaira nigricans,Animalia,Chordata,Actinopterygii,Perciformes,Istiophoridae,Makaira,peixes
Phyllomys brasiliensis,Animalia,Chordata,Mammalia,Rodentia,Echimyidae,Phyllomys,mamiferos
Ferricixius davidi,Animalia,Arthropoda,Insecta,Hemiptera,Cixiidae,Ferricixius,insetos
Crax globulosa,Animalia,Chordata,Aves,Galliformes,Cracidae,Crax,aves
Scytalopus gonzagai,Animalia,Chordata,Aves,Passeriformes,Rhinocryptidae,Scytalopus,aves
Burhinus bistriatus,Animalia,Chordata,Aves,Charadriiformes,Burhinidae,Burhinus,aves
Lavajatus moroi,Animalia,Mollusca,Gastropoda,Stylommatophora,Achatinidae,Lavajatus,moluscos
Xenohyla truncata,Animalia,Chordata,Amphibia,Anura,Hylidae,Xenohyla,anfibios
Eukoenenia neytiri,Animalia,Arthropoda,Arachnida,Palpigradi,Eukoeneniidae,Eukoenenia,aracnideos
Trinomys minor,Animalia,Chordata,Mammalia,Rodentia,Echimyidae,Trinomys,mamiferos
Apostolepis arenaria,Animalia,Chordata,Reptilia,Squamata,Dipsadidae,Apostolepis,repteis
Cyphocharax jagunco,Animalia,Chordata,Actinopterygii,Characiformes,Curimatidae,Cyphocharax,peixes
Lopholatilus villarii,Animalia,Chordata,Actinopterygii,Acanthuriformes,Latilidae,Lopholatilus,peixes
Pterodroma madeira,Animalia,Chordata,Aves,Procellariiformes,Procellariidae,Pterodroma,aves
Spelaeogammarus ginae,Animalia,Arthropoda,Malacostraca,Amphipoda,Artesiidae,Spelaeogammarus,crustaceos
Callithrix aurita,Animalia,Chordata,Mammalia,Primates,Callitrichidae,Callithrix,mamiferos
Sparisoma axillare,Animalia,Chordata,Actinopterygii,Perciformes,Scaridae,Sparisoma,peixes
Lebiasina marilynae,Animalia,Chordata,Actinopterygii,Characiformes,Lebiasinidae,Lebiasina,peixes
Trogon muriciensis,Animalia,Chordata,Aves,Trogoniformes,Trogonidae,Trogon,aves
Ideoroncus cavicola,Animalia,Arthropoda,Arachnida,Pseudoscorpiones,Ideoroncidae,Ideoroncus,aracnideos
Limnodromus griseus,Animalia,Chordata,Aves,Charadriiformes,Scolopacidae,Limnodromus,aves
Pyrrhura cruentata,Animalia,Chordata,Aves,Psittaciformes,Psittacidae,Pyrrhura,aves
Austrolebias univentripinnis,Animalia,Chordata,Actinopterygii,Cyprinodontiformes,Rivulidae,Austrolebias,peixes
Listrura depinnai,Animalia,Chordata,Actinopterygii,Siluriformes,Trichomycteridae,Listrura,peixes
Rachoviscus graciliceps,Animalia,Chordata,Actinopterygii,Characiformes,Acestrorhamphidae,Rachoviscus,peixes
Sphaenorhynchus cammaeus,Animalia,Chordata,Amphibia,Anura,Hylidae,Sphaenorhynchus,anfibios
Conopophaga lineata lineata,Animalia,Chordata,Aves,Passeriformes,Conopophagidae,Conopophaga,aves
Panthera onca,Animalia,Chordata,Mammalia,Carnivora,Felidae,Panthera,mamiferos
Conothraupis mesoleuca,Animalia,Chordata,Aves,Passeriformes,Thraupidae,Conothraupis,aves
Ariadna aurea,Animalia,Arthropoda,Arachnida,Araneae,Segestriidae,Ariadna,aracnideos
Geositta poeciloptera,Animalia,Chordata,Aves,Passeriformes,Scleruridae,Geositta,aves
Amphisbaena arenaria,Animalia,Chordata,Reptilia,Squamata,Amphisbaenidae,Amphisbaena,repteis
Bokermannohyla napolii,Animalia,Chordata,Amphibia,Anura,Hylidae,Bokermannohyla,anfibios
Archolaemus santosi,Animalia,Chordata,Actinopterygii,Gymnotiformes,Sternopygidae,Archolaemus,peixes
Atlantoraja castelnaui,Animalia,Chordata,Elasmobranchii,Rajiformes,Arhynchobatidae,Atlantoraja,peixes
Cephalometra pallida,Animalia,Arthropoda,Insecta,Hemiptera,Hydrometridae,Cephalometra,insetos
Dolichothele diamantinensis,Animalia,Arthropoda,Arachnida,Araneae,Theraphosidae,Dolichothele,aracnideos
Fregata minor,Animalia,Chordata,Aves,Suliformes,Fregatidae,Fregata,aves
Sporophila nigrorufa,Animalia,Chordata,Aves,Passeriformes,Thraupidae,Sporophila,aves
Pampasatyrus reticulata gagarini,Animalia,Arthropoda,Insecta,Lepidoptera,Nymphalidae,Pampasatyrus,insetos
Cephalotes liviaprado,Animalia,Arthropoda,Insecta,Hymenoptera,Formicidae,Cephalotes,insetos
Kryptolebias brasiliensis,Animalia,Chordata,Actinopterygii,Cyprinodontiformes,Rivulidae,Kryptolebias,peixes
Glaucomastix littoralis,Animalia,Chordata,Reptilia,Squamata,Teiidae,Glaucomastix,repteis
Pyrrhura lepida,Animalia,Chordata,Aves,Psittaciformes,Psittacidae,Pyrrhura,aves
Crossodactylus franciscanus,Animalia,Chordata,Amphibia,Anura,Hylodidae,Crossodactylus,anfibios
Priodontes maximus,Animalia,Chordata,Mammalia,Cingulata,Chlamyphoridae,Priodontes,mamiferos
Heteroxolmis dominicanus,Animalia,Chordata,Aves,Passeriformes,Tyrannidae,Heteroxolmis,aves
Tapirus terrestris,Animalia,Chordata,Mammalia,Perissodactyla,Tapiridae,Tapirus,mamiferos
Rhipidodonta garbei,Animalia,Mollusca,Bivalvia,Unionida,Hyriidae,Rhipidodonta,moluscos
Psalidodon crenuchoides,Animalia,Chordata,Actinopterygii,Characiformes,Acestrorhamphidae,Psalidodon,peixes
Arhysosage biguttulata,Animalia,Arthropoda,Insecta,Hymenoptera,Andrenidae,Arhysosage,insetos
Pogonias courbina,Animalia,Chordata,Actinopterygii,Acanthuriformes,Sciaenidae,Pogonias,peixes
Pampasatyrus glaucope eberti,Animalia,Arthropoda,Insecta,Lepidoptera,Nymphalidae,Pampasatyrus,insetos
Sternarchorhynchus kokraimoro,Animalia,Chordata,Actinopterygii,Gymnotiformes,Apteronotidae,Sternarchorhynchus,peixes
Apostolepis quirogai,Animalia,Chordata,Reptilia,Squamata,Dipsadidae,Apostolepis,repteis
Arlea psammophila,Animalia,Arthropoda,Entognatha,Entomobryomorpha,Isotomidae,Arlea,outros
Pampasatyrus glaucope boenninghauseni,Animalia,Arthropoda,Insecta,Lepidoptera,Nymphalidae,Pampasatyrus,insetos
Isotomurus riparius,Animalia,Arthropoda,Entognatha,Entomobryomorpha,Isotomidae,Isotomurus,outros
Starksia multilepis,Animalia,Chordata,Actinopterygii,Perciformes,Labrisomidae,Starksia,peixes
Ctenomys lami,Animalia,Chordata,Mammalia,Rodentia,Ctenomyidae,Ctenomys,mamiferos
Coarazuphium pains,Animalia,Arthropoda,Insecta,Coleoptera,Carabidae,Coarazuphium,insetos
Cartagonum apiuba,Animalia,Arthropoda,Insecta,Coleoptera,Lycidae,Cartagonum,insetos
Oreaster reticulatus,Animalia,Echinodermata,Asteroidea,Valvatida,Oreasteridae,Oreaster,outros
Sclerurus caudacutus umbretta,Animalia,Chordata,Aves,Passeriformes,Scleruridae,Sclerurus,aves
Sternarchorhynchus higuchii,Animalia,Chordata,Actinopterygii,Gymnotiformes,Apteronotidae,Sternarchorhynchus,peixes
Pterodroma deserta,Animalia,Chordata,Aves,Procellariiformes,Procellariidae,Pterodroma,aves
Steindachneridion scriptum,Animalia,Chordata,Actinopterygii,Siluriformes,Pimelodidae,Steindachneridion,peixes
Campellolebias intermedius,Animalia,Chordata,Actinopterygii,Cyprinodontiformes,Rivulidae,Campellolebias,peixes
Oligoneuria amandae,Animalia,Arthropoda,Insecta,Ephemeroptera,Oligoneuriidae,Oligoneuria,insetos
Ctenomys minutus,Animalia,Chordata,Mammalia,Rodentia,Ctenomyidae,Ctenomys,mamiferos
Formicivora paludicola,Animalia,Chordata,Aves,Passeriformes,Thamnophilidae,Formicivora,aves
Hemitriccus kaempferi,Animalia,Chordata,Aves,Passeriformes,Rhynchocyclidae,Hemitriccus,aves
Bokermannohyla vulcaniae,Animalia,Chordata,Amphibia,Anura,Hylidae,Bokermannohyla,anfibios
Ischnotelson guanambiensis,Animalia,Arthropoda,Arachnida,Scorpiones,Buthidae,Ischnotelson,aracnideos
Hyphessobrycon taurocephalus,Animalia,Chordata,Actinopterygii,Characiformes,Acestrorhamphidae,Hyphessobrycon,peixes
Stegastes trindadensis,Animalia,Chordata,Actinopterygii,Perciformes,Pomacentridae,Stegastes,peixes
Phrynomedusa vanzolinii,Animalia,Chordata,Amphibia,Anura,Phyllomedusidae,Phrynomedusa,anfibios
Aegla okora,Animalia,Arthropoda,Malacostraca,Decapoda,Aeglidae,Aegla,crustaceos
Odontesthes bicudo,Animalia,Chordata,Actinopterygii,Atheriniformes,Atherinopsidae,Odontesthes,peixes
Monomorium delabiei,Animalia,Arthropoda,Insecta,Hymenoptera,Formicidae,Monomorium,insetos
Mobula birostris,Animalia,Chordata,Elasmobranchii,Myliobatiformes,Mobulidae,Mobula,peixes
Arhinolemur gaiero,Animalia,Chordata,Actinopterygii,Characiformes,Anostomidae,Arhinolemur,peixes
Steindachneridion parahybae,Animalia,Chordata,Actinopterygii,Siluriformes,Pimelodidae,Steindachneridion,peixes
Dermochelys coriacea,Animalia,Chordata,Reptilia,Testudines,Dermochelyidae,Dermochelys,repteis
Pseudobatos horkelii,Animalia,Chordata,Elasmobranchii,Rhinopristiformes,Rhinobatidae,Pseudobatos,peixes
Myrmotherula minor,Animalia,Chordata,Aves,Passeriformes,Thamnophilidae,Myrmotherula,aves
Syndactyla ucayalae,Animalia,Chordata,Aves,Passeriformes,Furnariidae,Syndactyla,aves
Epiperipatus adenocryptus,Animalia,Onychophora,Onychophora,Euonychophora,Peripatidae,Epiperipatus,outros
Ololygon muriciensis,Animalia,Chordata,Amphibia,Anura,Hylidae,Ololygon,anfibios
Aspidoras mephisto,Animalia,Chordata,Actinopterygii,Siluriformes,Callichthyidae,Aspidoras,peixes
Hypsolebias faouri,Animalia,Chordata,Actinopterygii,Cyprinodontiformes,Rivulidae,Hypsolebias,peixes
Discocyrtus pedrosoi,Animalia,Arthropoda,Arachnida,Opiliones,Gonyleptidae,Discocyrtus,aracnideos
Alouatta guariba guariba,Animalia,Chordata,Mammalia,Primates,Atelidae,Alouatta,mamiferos
Epiperipatus paurognostus,Animalia,Onychophora,Onychophora,Euonychophora,Peripatidae,Epiperipatus,outros
Pseudochthonius koinopoliteia,Animalia,Arthropoda,Arachnida,Pseudoscorpiones,Chthoniidae,Pseudochthonius,aracnideos
Sparisoma amplum,Animalia,Chordata,Actinopterygii,Perciformes,Scaridae,Sparisoma,peixes
Trichomycterus itacarambiensis,Animalia,Chordata,Actinopterygii,Siluriformes,Trichomycteridae,Trichomycterus,peixes
Atelocynus microtis,Animalia,Chordata,Mammalia,Carnivora,Canidae,Atelocynus,mamiferos
Spelaeogammarus bahiensis,Animalia,Arthropoda,Malacostraca,Amphipoda,Artesiidae,Spelaeogammarus,crustaceos
Hippocampus patagonicus,Animalia,Chordata,Actinopterygii,Syngnathiformes,Syngnathidae,Hippocampus,peixes
Brachycephalus pernix,Animalia,Chordata,Amphibia,Anura,Brachycephalidae,Brachycephalus,anfibios
Currhaeus polegattoi,Animalia,Arthropoda,Insecta,Coleoptera,Lycidae,Currhaeus,insetos
Circoniscus mendesi,Animalia,Arthropoda,Malacostraca,Isopoda,Scleropactidae,Circoniscus,crustaceos
Spelaeogammarus titan,Animalia,Arthropoda,Malacostraca,Amphipoda,Artesiidae,Spelaeogammarus,crustaceos
Ituglanis passensis,Animalia,Chordata,Actinopterygii,Siluriformes,Trichomycteridae,Ituglanis,peixes
Camelobaetidius juparana,Animalia,Arthropoda,Insecta,Ephemeroptera,Baetidae,Camelobaetidius,insetos
Coendou speratus,Animalia,Chordata,Mammalia,Rodentia,Erethizontidae,Coendou,mamiferos
Hypsolebias radiseriatus,Animalia,Chordata,Actinopterygii,Cyprinodontiformes,Rivulidae,Hypsolebias,peixes
Megalobulimus cardosoi,Animalia,Mollusca,Gastropoda,Stylommatophora,Strophocheilidae,Megalobulimus,moluscos
Hypsolebias nielseni,Animalia,Chordata,Actinopterygii,Cyprinodontiformes,Rivulidae,Hypsolebias,peixes
Hypsolebias auratus,Animalia,Chordata,Actinopterygii,Cyprinodontiformes,Rivulidae,Hypsolebias,peixes
Callicebus barbarabrownae,Animalia,Chordata,Mammalia,Primates,Pitheciidae,Callicebus,mamiferos
Charadrius wilsonia,Animalia,Chordata,Aves,Charadriiformes,Charadriidae,Charadrius,aves
Penelope superciliaris alagoensis,Animalia,Chordata,Aves,Galliformes,Cracidae,Penelope,aves
Lagothrix lagothricha,Animalia,Chordata,Mammalia,Primates,Atelidae,Lagothrix,mamiferos
Stegastes sanctipauli,Animalia,Chordata,Actinopterygii,Perciformes,Pomacentridae,Stegastes,peixes
Melanophryniscus montevidensis,Animalia,Chordata,Amphibia,Anura,Bufonidae,Melanophryniscus,anfibios
Sphyrna zygaena,Animalia,Chordata,Elasmobranchii,Carcharhiniformes,Sphyrnidae,Sphyrna,peixes
Pararrhopalites ubiquum,Animalia,Arthropoda,Entognatha,Symphypleona,Sminthuridae,Pararrhopalites,outros
Girardia spelaea,Animalia,Platyhelminthes,Rhabditophora,Tricladida,Dugesiidae,Girardia,outros
Hylodes sazimai,Animalia,Chordata,Amphibia,Anura,Hylodidae,Hylodes,anfibios
Celeus obrieni,Animalia,Chordata,Aves,Piciformes,Picidae,Celeus,aves
Harmonicon cerberus,Animalia,Arthropoda,Arachnida,Araneae,Dipluridae,Harmonicon,aracnideos
Apostolepis phillipsi,Animalia,Chordata,Reptilia,Squamata,Dipsadidae,Apostolepis,repteis
Ophthalmolebias ilheusensis,Animalia,Chordata,Actinopterygii,Cyprinodontiformes,Rivulidae,Ophthalmolebias,peixes
Mesaphorura maricaensis,Animalia,Arthropoda,Entognatha,Symphypleona,Arrhopalitidae,Mesaphorura,outros
Hasemania piatan,Animalia,Chordata,Actinopterygii,Characiformes,Acestrorhamphidae,Hasemania,peixes
Maxchernes iporangae,Animalia,Arthropoda,Arachnida,Pseudoscorpiones,Chernetidae,Maxchernes,aracnideos
Pristis pectinata,Animalia,Chordata,Elasmobranchii,Rhinopristiformes,Pristidae,Pristis,peixes
Melanorivulus pinima,Animalia,Chordata,Actinopterygii,Cyprinodontiformes,Rivulidae,Melanorivulus,peixes
Colobodactylus dalcyanus,Animalia,Chordata,Reptilia,Squamata,Gymnophthalmidae,Colobodactylus,repteis
Allokoenenia canhembora,Animalia,Arthropoda,Arachnida,Palpigradi,Eukoeneniidae,Allokoenenia,aracnideos
Hypleurochilus brasil,Animalia,Chordata,Actinopterygii,Perciformes,Blenniidae,Hypleurochilus,peixes
Trichechus manatus,Animalia,Chordata,Mammalia,Sirenia,Trichechidae,Trichechus,mamiferos
Leposoma baturitensis,Animalia,Chordata,Reptilia,Squamata,Gymnophthalmidae,Leposoma,repteis
Endecous apterus,Animalia,Arthropoda,Insecta,Orthoptera,Phalangopsidae,Endecous,insetos
Eukoenenia cavatica,Animalia,Arthropoda,Arachnida,Palpigradi,Eukoeneniidae,Eukoenenia,aracnideos
Amphisbaena supernumeraria,Animalia,Chordata,Reptilia,Squamata,Amphisbaenidae,Amphisbaena,repteis
Aburria jacutinga,Animalia,Chordata,Aves,Galliformes,Cracidae,Aburria,aves
Hyporthodus nigritus,Animalia,Chordata,Actinopterygii,Perciformes,Epinephelidae,Hyporthodus,peixes
Centris thelyopsis,Animalia,Arthropoda,Insecta,Hymenoptera,Apidae,Centris,insetos
Garcialebias cheffei,Animalia,Chordata,Actinopterygii,Cyprinodontiformes,Rivulidae,Garcialebias,peixes
Oncinocampa trajanoae,Animalia,Arthropoda,Entognatha,Diplura,Campodeidae,Oncinocampa,outros
Eukoenenia maquinensis,Animalia,Arthropoda,Arachnida,Palpigradi,Eukoeneniidae,Eukoenenia,aracnideos
Hylodes magalhaesi,Animalia,Chordata,Amphibia,Anura,Hylodidae,Hylodes,anfibios
Phaneromerium troglopterygotum,Animalia,Arthropoda,Diplopoda,Polydesmida,Trichopolydesmidae,Phaneromerium,outros
Garcialebias nachtigalli,Animalia,Chordata,Actinopterygii,Cyprinodontiformes,Rivulidae,Garcialebias,peixes
Trichechus inunguis,Animalia,Chordata,Mammalia,Sirenia,Trichechidae,Trichechus,mamiferos
Crossodactylodes itambe,Animalia,Chordata,Amphibia,Anura,Leptodactylidae,Crossodactylodes,anfibios
Coarazuphium tapiaguassu,Animalia,Arthropoda,Insecta,Coleoptera,Carabidae,Coarazuphium,insetos
Aegla inconspicua,Animalia,Arthropoda,Malacostraca,Decapoda,Aeglidae,Aegla,crustaceos
Psilops seductus,Animalia,Chordata,Reptilia,Squamata,Gymnophthalmidae,Psilops,repteis
Strix huhula albomarginata,Animalia,Chordata,Aves,Strigiformes,Strigidae,Strix,aves
Ancistrus cryptophthalmus,Animalia,Chordata,Actinopterygii,Siluriformes,Loricariidae,Ancistrus,peixes
Phalotris multipunctatus,Animalia,Chordata,Reptilia,Squamata,Dipsadidae,Phalotris,repteis
Ochyrocera ritxoco,Animalia,Arthropoda,Arachnida,Araneae,Ochyroceratidae,Ochyrocera,aracnideos
Sclerurus caudacutus caligineus,Animalia,Chordata,Aves,Passeriformes,Scleruridae,Sclerurus,aves
Callistomys pictus,Animalia,Chordata,Mammalia,Rodentia,Echimyidae,Callistomys,mamiferos
Cebus kaapori,Animalia,Chordata,Mammalia,Primates,Cebidae,Cebus,mamiferos
Amydetes bellorum,Animalia,Arthropoda,Insecta,Coleoptera,Lampyridae,Amydetes,insetos
Acantholebias quirogai,Animalia,Chordata,Actinopterygii,Cyprinodontiformes,Rivulidae,Acantholebias,peixes
Pseudochthonius diamachi,Animalia,Arthropoda,Arachnida,Pseudoscorpiones,Chthoniidae,Pseudochthonius,aracnideos
Drymusa spelunca,Animalia,Arthropoda,Arachnida,Araneae,Drymusidae,Drymusa,aracnideos
Rodriguesophis scriptorcibatus,Animalia,Chordata,Reptilia,Squamata,Dipsadidae,Rodriguesophis,repteis
Nyceryx mielkei,Animalia,Arthropoda,Insecta,Lepidoptera,Sphingidae,Nyceryx,insetos
Calidris canutus,Animalia,Chordata,Aves,Charadriiformes,Scolopacidae,Calidris,aves
Platyrinchus leucoryphus,Animalia,Chordata,Aves,Passeriformes,Platyrinchidae,Platyrinchus,aves
Neomorphus geoffroyi geoffroyi,Animalia,Chordata,Aves,Cuculiformes,Cuculidae,Neomorphus,aves
Erebonyx catacumbae,Animalia,Arthropoda,Insecta,Orthoptera,Phalangopsidae,Erebonyx,insetos
Cynolebias griseus,Animalia,Chordata,Actinopterygii,Cyprinodontiformes,Rivulidae,Cynolebias,peixes
Cryptops iporangensis,Animalia,Arthropoda,Chilopoda,Scolopendromorpha,Cryptopidae,Cryptops,outros
Altitatiayus campoi,Animalia,Arthropoda,Insecta,Coleoptera,Lucanidae,Altitatiayus,insetos
Carcharhinus leucas,Animalia,Chordata,Elasmobranchii,Carcharhiniformes,Carcharhinidae,Carcharhinus,peixes
Conorhynchos conirostris,Animalia,Chordata,Actinopterygii,Siluriformes,Pimelodidae,Conorhynchos,peixes
Phaethornis major,Animalia,Chordata,Aves,Apodiformes,Trochilidae,Phaethornis,aves
Hypsolebias stellatus,Animalia,Chordata,Actinopterygii,Cyprinodontiformes,Rivulidae,Hypsolebias,peixes
Steindachneridion amblyurum,Animalia,Chordata,Actinopterygii,Siluriformes,Pimelodidae,Steindachneridion,peixes
Tropidurus hygomi,Animalia,Chordata,Reptilia,Squamata,Tropiduridae,Tropidurus,repteis
Actenosigynes mantiqueirensis,Animalia,Arthropoda,Insecta,Hymenoptera,Colletidae,Actenosigynes,insetos
Hyphessobrycon cantoi,Animalia,Chordata,Actinopterygii,Characiformes,Characidae,Hyphessobrycon,peixes
Ochyrocera rosinha,Animalia,Arthropoda,Arachnida,Araneae,Ochyroceratidae,Ochyrocera,aracnideos
Hypanus berthalutzae,Animalia,Chordata,Elasmobranchii,Myliobatiformes,Dasyatidae,Hypanus,peixes
Pyrrhura amazonum,Animalia,Chordata,Aves,Psittaciformes,Psittacidae,Pyrrhura,aves
Trogon collaris eytoni,Animalia,Chordata,Aves,Trogoniformes,Trogonidae,Trogon,aves
Knipolegus franciscanus,Animalia,Chordata,Aves,Passeriformes,Tyrannidae,Knipolegus,aves
Schiffornis turdina intermedia,Animalia,Chordata,Aves,Passeriformes,Tityridae,Schiffornis,aves
Dactyloa pseudotigrina,Animalia,Chordata,Reptilia,Squamata,Dactyloidae,Dactyloa,repteis
Fluminagrion taxaense,Animalia,Arthropoda,Insecta,Odonata,Coenagrionidae,Fluminagrion,insetos
Leporinus pitingai,Animalia,Chordata,Actinopterygii,Characiformes,Anostomidae,Leporinus,peixes
Altitatiayus rotundatus,Animalia,Arthropoda,Insecta,Coleoptera,Lucanidae,Altitatiayus,insetos
Melanophryniscus admirabilis,Animalia,Chordata,Amphibia,Anura,Bufonidae,Melanophryniscus,anfibios
Achirus mucuri,Animalia,Chordata,Actinopterygii,Pleuronectiformes,Achiridae,Achirus,peixes
Teleocichla centisquama,Animalia,Chordata,Actinopterygii,Cichliformes,Cichlidae,Teleocichla,peixes
Bathytoshia centroura,Animalia,Chordata,Elasmobranchii,Myliobatiformes,Dasyatidae,Bathytoshia,peixes
Apostolepis vittata,Animalia,Chordata,Reptilia,Squamata,Dipsadidae,Apostolepis,repteis
Hypsolebias igneus,Animalia,Chordata,Actinopterygii,Cyprinodontiformes,Rivulidae,Hypsolebias,peixes
Eubalaena australis,Animalia,Chordata,Mammalia,Artiodactyla,Balaenidae,Eubalaena,mamiferos
Tangara cyanocephala cearensis,Animalia,Chordata,Aves,Passeriformes,Thraupidae,Tangara,aves
Thalasseus acuflavidus,Animalia,Chordata,Aves,Charadriiformes,Laridae,Thalasseus,aves
Poecilia pertapeh,Animalia,Chordata,Actinopterygii,Cyprinodontiformes,Poeciliidae,Poecilia,peixes
Hypsolebias gilbertobrasili,Animalia,Chordata,Actinopterygii,Cyprinodontiformes,Rivulidae,Hypsolebias,peixes
Bothrops germanoi,Animalia,Chordata,Reptilia,Squamata,Viperidae,Bothrops,repteis
Brasilomma enigmatica,Animalia,Arthropoda,Arachnida,Araneae,Gnaphosidae,Brasilomma,aracnideos
Characidium vestigipinne,Animalia,Chordata,Actinopterygii,Characiformes,Crenuchidae,Characidium,peixes
Girardia desiderensis,Animalia,Platyhelminthes,Rhabditophora,Tricladida,Dugesiidae,Girardia,outros
Cerradopatus sucuriuensis,Animalia,Onychophora,Not assigned,Not assigned,Peripatidae,Cerradopatus,outros
Scarus zelindae,Animalia,Chordata,Actinopterygii,Perciformes,Scaridae,Scarus,peixes
Seira arenicola,Animalia,Arthropoda,Entognatha,Entomobryomorpha,Entomobryidae,Seira,outros
Scartella itajobi,Animalia,Chordata,Actinopterygii,Perciformes,Blenniidae,Scartella,peixes
Megagidiella azul,Animalia,Arthropoda,Malacostraca,Amphipoda,Bogidiellidae,Megagidiella,crustaceos
Lepidocolaptes wagleri,Animalia,Chordata,Aves,Passeriformes,Dendrocolaptidae,Lepidocolaptes,aves
Lophiosilurus alexandri,Animalia,Chordata,Actinopterygii,Siluriformes,Pseudopimelodidae,Lophiosilurus,peixes
Merulaxis stresemanni,Animalia,Chordata,Aves,Passeriformes,Rhinocryptidae,Merulaxis,aves
Nyctibius leucopterus,Animalia,Chordata,Aves,Nyctibiiformes,Nyctibiidae,Nyctibius,aves
Parancistrus nudiventris,Animalia,Chordata,Actinopterygii,Siluriformes,Loricariidae,Parancistrus,peixes
Polyprion americanus,Animalia,Chordata,Actinopterygii,Acropomatiformes,Polyprionidae,Polyprion,peixes
Atlantirivulus lazzarotoi,Animalia,Chordata,Actinopterygii,Cyprinodontiformes,Rivulidae,Atlantirivulus,peixes
Ranacephala hogei,Animalia,Chordata,Reptilia,Testudines,Chelidae,Ranacephala,repteis
Procnias averano averano,Animalia,Chordata,Aves,Passeriformes,Cotingidae,Procnias,aves
Atlantoraja cyclophora,Animalia,Chordata,Elasmobranchii,Rajiformes,Arhynchobatidae,Atlantoraja,peixes
Carajas paraua,Animalia,Arthropoda,Arachnida,Araneae,Caponiidae,Carajas,aracnideos
Leptasthenura platensis,Animalia,Chordata,Aves,Passeriformes,Furnariidae,Leptasthenura,aves
Gubernatrix cristata,Animalia,Chordata,Aves,Passeriformes,Thraupidae,Gubernatrix,aves
Steindachneridion punctatum,Animalia,Chordata,Actinopterygii,Siluriformes,Pimelodidae,Steindachneridion,peixes
Neomorphus geoffroyi dulcis,Animalia,Chordata,Aves,Cuculiformes,Cuculidae,Neomorphus,aves
Pyrrhura pfrimeri,Animalia,Chordata,Aves,Psittaciformes,Psittacidae,Pyrrhura,aves
Pseudonannolene gogo,Animalia,Arthropoda,Diplopoda,Spirostreptida,Pseudonannolenidae,Pseudonannolene,outros
Cynolebias leptocephalus,Animalia,Chordata,Actinopterygii,Cyprinodontiformes,Rivulidae,Cynolebias,peixes
Aegla inermis,Animalia,Arthropoda,Malacostraca,Decapoda,Aeglidae,Aegla,crustaceos
Pseudosinella alfanjeunguiculata,Animalia,Arthropoda,Entognatha,Entomobryomorpha,Entomobryidae,Pseudosinella,outros
Kingsleya attenboroughi,Animalia,Arthropoda,Malacostraca,Decapoda,Pseudothelphusidae,Kingsleya,crustaceos
Sapajus flavius,Animalia,Chordata,Mammalia,Primates,Cebidae,Sapajus,mamiferos
Archisotoma catiae,Animalia,Arthropoda,Entognatha,Entomobryomorpha,Isotomidae,Archisotoma,outros
Eukoenenia navi,Animalia,Arthropoda,Arachnida,Palpigradi,Eukoeneniidae,Eukoenenia,aracnideos
Hypsolebias virgulatus,Animalia,Chordata,Actinopterygii,Cyprinodontiformes,Rivulidae,Hypsolebias,peixes
Iansaoniscus georginae,Animalia,Arthropoda,Malacostraca,Isopoda,Pudeoniscidae,Iansaoniscus,crustaceos
Sphyrna media,Animalia,Chordata,Elasmobranchii,Carcharhiniformes,Sphyrnidae,Sphyrna,peixes
Heptapterus multiradiatus,Animalia,Chordata,Actinopterygii,Siluriformes,Heptapteridae,Heptapterus,peixes
Petaloconchus myrakeenae,Animalia,Mollusca,Gastropoda,Littorinimorpha,Vermetidae,Petaloconchus,moluscos
Delturus parahybae,Animalia,Chordata,Actinopterygii,Siluriformes,Loricariidae,Delturus,peixes
Fontitrygon colarensis,Animalia,Chordata,Elasmobranchii,Myliobatiformes,Dasyatidae,Fontitrygon,peixes
Thoropa petropolitana,Animalia,Chordata,Amphibia,Anura,Cycloramphidae,Thoropa,anfibios
Anodontites iheringi,Animalia,Mollusca,Bivalvia,Unionida,Mycetopodidae,Anodontites,moluscos
Caaeteboia gaeli,Animalia,Chordata,Reptilia,Squamata,Dipsadidae,Caaeteboia,repteis
Metagonia diamantina,Animalia,Arthropoda,Arachnida,Araneae,Pholcidae,Metagonia,aracnideos
Poecilia akroa,Animalia,Chordata,Actinopterygii,Cyprinodontiformes,Poeciliidae,Poecilia,peixes
Psophia obscura,Animalia,Chordata,Aves,Gruiformes,Psophiidae,Psophia,aves
Myrmecophaga tridactyla,Animalia,Chordata,Mammalia,Pilosa,Myrmecophagidae,Myrmecophaga,mamiferos
Automolus lammi,Animalia,Chordata,Aves,Passeriformes,Furnariidae,Automolus,aves
Carcharodon carcharias,Animalia,Chordata,Elasmobranchii,Lamniformes,Lamnidae,Carcharodon,peixes
Stygichthys typhlops,Animalia,Chordata,Actinopterygii,Characiformes,Acestrorhamphidae,Stygichthys,peixes
Poneracantha wilsoni,Animalia,Arthropoda,Insecta,Hymenoptera,Formicidae,Poneracantha,insetos
Speothos venaticus,Animalia,Chordata,Mammalia,Carnivora,Canidae,Speothos,mamiferos
Eurolophosaurus divaricatus,Animalia,Chordata,Reptilia,Squamata,Tropiduridae,Eurolophosaurus,repteis
Balaenoptera borealis,Animalia,Chordata,Mammalia,Artiodactyla,Balaenopteridae,Balaenoptera,mamiferos
Crypturellus noctivagus noctivagus,Animalia,Chordata,Aves,Tinamiformes,Tinamidae,Crypturellus,aves
Calamodontophis ronaldoi,Animalia,Chordata,Reptilia,Squamata,Dipsadidae,Calamodontophis,repteis
Psalidodon uberaba,Animalia,Chordata,Actinopterygii,Characiformes,Acestrorhamphidae,Psalidodon,peixes
Pseudosinella serpentinensis,Animalia,Arthropoda,Entognatha,Entomobryomorpha,Entomobryidae,Pseudosinella,outros
Epinephelus morio,Animalia,Chordata,Actinopterygii,Perciformes,Epinephelidae,Epinephelus,peixes
Sphyrna mokarran,Animalia,Chordata,Elasmobranchii,Carcharhiniformes,Sphyrnidae,Sphyrna,peixes
Parapoynx restingalis,Animalia,Arthropoda,Insecta,Lepidoptera,Crambidae,Parapoynx,insetos
Proceratophrys sanctaritae,Animalia,Chordata,Amphibia,Anura,Odontophrynidae,Proceratophrys,anfibios
Mergus octosetaceus,Animalia,Chordata,Aves,Anseriformes,Anatidae,Mergus,aves
Enyalius capetinga,Animalia,Chordata,Reptilia,Squamata,Leiosauridae,Enyalius,repteis
Ceratophrys ornata,Animalia,Chordata,Amphibia,Anura,Ceratophryidae,Ceratophrys,anfibios
Rowlandius potiguar,Animalia,Arthropoda,Arachnida,Schizomida,Hubbardiidae,Rowlandius,aracnideos
Cnesterodon carnegiei,Animalia,Chordata,Actinopterygii,Cyprinodontiformes,Poeciliidae,Cnesterodon,peixes
Hypocnemis hypoxantha ochraceiventris,Animalia,Chordata,Aves,Passeriformes,Thamnophilidae,Hypocnemis,aves
Sphaenorhynchus canga,Animalia,Chordata,Amphibia,Anura,Hylidae,Sphaenorhynchus,anfibios
Cycloramphus stejnegeri,Animalia,Chordata,Amphibia,Anura,Cycloramphidae,Cycloramphus,anfibios
Leposternon scutigerum,Animalia,Chordata,Reptilia,Squamata,Amphisbaenidae,Leposternon,repteis
Leontopithecus rosalia,Animalia,Chordata,Mammalia,Primates,Callitrichidae,Leontopithecus,mamiferos
Monodelphis vossi,Animalia,Chordata,Mammalia,Didelphimorphia,Didelphidae,Monodelphis,mamiferos
Hypsolebias carlettoi,Animalia,Chordata,Actinopterygii,Cyprinodontiformes,Rivulidae,Hypsolebias,peixes
Leopardus munoai,Animalia,Chordata,Mammalia,Carnivora,Felidae,Leopardus,mamiferos
Coryphaspiza melanotis,Animalia,Chordata,Aves,Passeriformes,Thraupidae,Coryphaspiza,aves
Platyrinchus niveigularis,Animalia,Chordata,Aves,Passeriformes,Platyrinchidae,Platyrinchus,aves
Pyriglena pernambucensis,Animalia,Chordata,Aves,Passeriformes,Thamnophilidae,Pyriglena,aves
Cynopoecilus intimus,Animalia,Chordata,Actinopterygii,Cyprinodontiformes,Rivulidae,Cynopoecilus,peixes
Microakodontomys transitorius,Animalia,Chordata,Mammalia,Rodentia,Cricetidae,Microakodontomys,mamiferos
Chiropotes satanas,Animalia,Chordata,Mammalia,Primates,Pitheciidae,Chiropotes,mamiferos
Sula sula,Animalia,Chordata,Aves,Suliformes,Sulidae,Sula,aves
Hyalella caeca,Animalia,Arthropoda,Malacostraca,Amphipoda,Hyalellidae,Hyalella,crustaceos
Pyriglena atra,Animalia,Chordata,Aves,Passeriformes,Thamnophilidae,Pyriglena,aves
Galeorhinus galeus,Animalia,Chordata,Elasmobranchii,Carcharhiniformes,Triakidae,Galeorhinus,peixes
Spinus yarrellii,Animalia,Chordata,Aves,Passeriformes,Fringillidae,Spinus,aves
Sapajus xanthosternos,Animalia,Chordata,Mammalia,Primates,Cebidae,Sapajus,mamiferos
Monocondylaea paraguayana,Animalia,Mollusca,Bivalvia,Unionida,Mycetopodidae,Monocondylaea,moluscos
Garcialebias araucarianus,Animalia,Chordata,Actinopterygii,Cyprinodontiformes,Rivulidae,Garcialebias,peixes
Sympterygia acuta,Animalia,Chordata,Elasmobranchii,Rajiformes,Arhynchobatidae,Sympterygia,peixes
Dactyloa nasofrontalis,Animalia,Chordata,Reptilia,Squamata,Dactyloidae,Dactyloa,repteis
Trichomycterus rubbioli,Animalia,Chordata,Actinopterygii,Siluriformes,Trichomycteridae,Trichomycterus,peixes
Hylaeamys oniscus,Animalia,Chordata,Mammalia,Rodentia,Cricetidae,Hylaeamys,mamiferos
Callicebus personatus,Animalia,Chordata,Mammalia,Primates,Pitheciidae,Callicebus,mamiferos
Hermanella amere,Animalia,Arthropoda,Insecta,Ephemeroptera,Leptophlebiidae,Hermanella,insetos
Anthinus henselii,Animalia,Mollusca,Gastropoda,Pulmonata,Bulimulidae,Anthinus,moluscos
Ctenomys bicolor,Animalia,Chordata,Mammalia,Rodentia,Ctenomyidae,Ctenomys,mamiferos
Holoscolex dossantosi,Animalia,Annelida,Clitellata,Haplotaxida,Glossoscolecidae,Holoscolex,outros
Procellosaurinus tetradactylus,Animalia,Chordata,Reptilia,Squamata,Gymnophthalmidae,Procellosaurinus,repteis
Melanorivulus linearis,Animalia,Chordata,Actinopterygii,Cyprinodontiformes,Rivulidae,Melanorivulus,peixes
Aratinga solstitialis,Animalia,Chordata,Aves,Psittaciformes,Psittacidae,Aratinga,aves
Cacajao spp.,Animalia,Chordata,Mammalia,Primates,Cebidae,Cacajao,mamiferos
Grallaria varia distincta,Animalia,Chordata,Aves,Passeriformes,Grallariidae,Grallaria,aves
Pseudochthonius biseriatus,Animalia,Arthropoda,Arachnida,Pseudoscorpiones,Chthoniidae,Pseudochthonius,aracnideos
Pogonopoma parahybae,Animalia,Chordata,Actinopterygii,Siluriformes,Loricariidae,Pogonopoma,peixes
Celeus torquatus pieteroyensi,Animalia,Chordata,Aves,Piciformes,Picidae,Celeus,aves
Simpsonichthys santanae,Animalia,Chordata,Actinopterygii,Cyprinodontiformes,Rivulidae,Simpsonichthys,peixes
Placosoma limaverdorum,Animalia,Chordata,Reptilia,Squamata,Gymnophthalmidae,Placosoma,repteis
Hylopezus ochroleucus,Animalia,Chordata,Aves,Passeriformes,Grallariidae,Hylopezus,aves
Sporophila falcirostris,Animalia,Chordata,Aves,Passeriformes,Thraupidae,Sporophila,aves
Dichotomius schiffleri,Animalia,Arthropoda,Insecta,Coleoptera,Scarabaeidae,Dichotomius,insetos
Simpsonichthys boitonei,Animalia,Chordata,Actinopterygii,Cyprinodontiformes,Rivulidae,Simpsonichthys,peixes
Leptolebias marmoratus,Animalia,Chordata,Actinopterygii,Cyprinodontiformes,Rivulidae,Leptolebias,peixes
Cassidulus infidus,Animalia,Echinodermata,Echinoidea,Cassiduloida,Cassidulidae,Cassidulus,outros
Campylorhamphus cardosoi,Animalia,Chordata,Aves,Passeriformes,Dendrocolaptidae,Campylorhamphus,aves
Leontopithecus chrysopygus,Animalia,Chordata,Mammalia,Primates,Callitrichidae,Leontopithecus,mamiferos
Alopoglossus collii,Animalia,Chordata,Reptilia,Squamata,Alopoglossidae,Alopoglossus,repteis
Hausera hauseri,Animalia,Platyhelminthes,Rhabditophora,Tricladida,Dimarcusidae,Hausera,outros
Dendrocincla merula badia,Animalia,Chordata,Aves,Passeriformes,Dendrocolaptidae,Dendrocincla,aves
Campellolebias dorsimaculatus,Animalia,Chordata,Actinopterygii,Cyprinodontiformes,Rivulidae,Campellolebias,peixes
Aegla perobae,Animalia,Arthropoda,Malacostraca,Decapoda,Aeglidae,Aegla,crustaceos
Bothrops alcatraz,Animalia,Chordata,Reptilia,Squamata,Viperidae,Bothrops,repteis
Hypsolebias radiosus,Animalia,Chordata,Actinopterygii,Cyprinodontiformes,Rivulidae,Hypsolebias,peixes
Otothyris juquiae,Animalia,Chordata,Actinopterygii,Siluriformes,Loricariidae,Otothyris,peixes
Paratrygon aiereba,Animalia,Chordata,Elasmobranchii,Myliobatiformes,Potamotrygonidae,Paratrygon,peixes
Liolaemus occipitalis,Animalia,Chordata,Reptilia,Squamata,Liolaemidae,Liolaemus,repteis
Pseudonannolene spelaea,Animalia,Arthropoda,Diplopoda,Spirostreptida,Pseudonannolenidae,Pseudonannolene,outros
Iandumoema setimapocu,Animalia,Arthropoda,Arachnida,Opiliones,Gonyleptidae,Iandumoema,aracnideos
Caparaonia itaiquara,Animalia,Chordata,Reptilia,Squamata,Gymnophthalmidae,Caparaonia,repteis
Odontopeltis giganteus,Animalia,Arthropoda,Diplopoda,Polydesmida,Chelodesmidae,Odontopeltis,outros
Sotalia guianensis,Animalia,Chordata,Mammalia,Artiodactyla,Delphinidae,Sotalia,mamiferos
Perigona spelunca,Animalia,Arthropoda,Insecta,Coleoptera,Carabidae,Perigona,insetos
Arrhopalites lawrencei,Animalia,Arthropoda,Entognatha,Symphypleona,Arrhopalitidae,Arrhopalites,outros
Nyctibius aethereus aethereus,Animalia,Chordata,Aves,Nyctibiiformes,Nyctibiidae,Nyctibius,aves
Sotalia fluviatilis,Animalia,Chordata,Mammalia,Artiodactyla,Delphinidae,Sotalia,mamiferos
Contomastix vacariensis,Animalia,Chordata,Reptilia,Squamata,Teiidae,Contomastix,repteis
Pongycarcinia xiphidiourus,Animalia,Arthropoda,Malacostraca,Isopoda,Calabozoidae,Pongycarcinia,crustaceos
Plesioptopoma curvidens,Animalia,Chordata,Actinopterygii,Siluriformes,Loricariidae,Plesioptopoma,peixes
Rhincodon typus,Animalia,Chordata,Elasmobranchii,Orectolobiformes,Rhincodontidae,Rhincodon,peixes
Cambeva mboycy,Animalia,Chordata,Actinopterygii,Siluriformes,Trichomycteridae,Cambeva,peixes
Thalpomys lasiotis,Animalia,Chordata,Mammalia,Rodentia,Cricetidae,Thalpomys,mamiferos
Lagothrix lagothricha poeppigii,Animalia,Chordata,Mammalia,Primates,Atelidae,Lagothrix,mamiferos
Sternarchorhynchus severii,Animalia,Chordata,Actinopterygii,Gymnotiformes,Apteronotidae,Sternarchorhynchus,peixes
Thamnophilus nigrocinereus tschudii,Animalia,Chordata,Aves,Passeriformes,Thamnophilidae,Thamnophilus,aves
Chelonoidis denticulatus,Animalia,Chordata,Reptilia,Testudines,Testudinidae,Chelonoidis,repteis
Acyrtus pauciradiatus,Animalia,Chordata,Actinopterygii,Gobiesociformes,Gobiesocidae,Acyrtus,peixes
Prochilodus britskii,Animalia,Chordata,Actinopterygii,Characiformes,Prochilodontidae,Prochilodus,peixes
Hyalyris leptalina leptalina,Animalia,Arthropoda,Insecta,Lepidoptera,Nymphalidae,Hyalyris,insetos
Sartor tucuruiensis,Animalia,Chordata,Actinopterygii,Characiformes,Anostomidae,Sartor,peixes
Hypsolebias janaubensis,Animalia,Chordata,Actinopterygii,Cyprinodontiformes,Rivulidae,Hypsolebias,peixes
Chaimowiczia obybytyra,Animalia,Arthropoda,Malacostraca,Isopoda,Styloniscidae,Chaimowiczia,crustaceos
Pyrrhura leucotis,Animalia,Chordata,Aves,Psittaciformes,Psittacidae,Pyrrhura,aves
Characidium onca,Animalia,Chordata,Actinopterygii,Characiformes,Crenuchidae,Characidium,peixes
Oxyruncus cristatus tocantinsi,Animalia,Chordata,Aves,Passeriformes,Oxyruncidae,Oxyruncus,aves
Narcine brasiliensis,Animalia,Chordata,Elasmobranchii,Torpediniformes,Narcinidae,Narcine,peixes
Rhinoptera brasiliensis,Animalia,Chordata,Elasmobranchii,Myliobatiformes,Rhinopteridae,Rhinoptera,peixes
Notholebias minimus,Animalia,Chordata,Actinopterygii,Cyprinodontiformes,Rivulidae,Notholebias,peixes
Arrhopalites alambariensis,Animalia,Arthropoda,Entognatha,Symphypleona,Arrhopalitidae,Arrhopalites,outros
Taoniscus nanus,Animalia,Chordata,Aves,Tinamiformes,Tinamidae,Taoniscus,aves
Aegla meloi,Animalia,Arthropoda,Malacostraca,Decapoda,Aeglidae,Aegla,crustaceos
Pararrhopalites sideroicus,Animalia,Arthropoda,Entognatha,Symphypleona,Sminthuridae,Pararrhopalites,outros
Vireo gracilirostris,Animalia,Chordata,Aves,Passeriformes,Vireonidae,Vireo,aves
Phylloscartes roquettei,Animalia,Chordata,Aves,Passeriformes,Rhynchocyclidae,Phylloscartes,aves
Litoblatta camargoi,Animalia,Arthropoda,Insecta,Blattodea,Blattellidae,Litoblatta,insetos
Melanophryniscus setiba,Animalia,Chordata,Amphibia,Anura,Bufonidae,Melanophryniscus,anfibios
Hemiancistrus megalopteryx,Animalia,Chordata,Actinopterygii,Siluriformes,Loricariidae,Hemiancistrus,peixes
Psophia viridis,Animalia,Chordata,Aves,Gruiformes,Psophiidae,Psophia,aves
Aegla leachi,Animalia,Arthropoda,Malacostraca,Decapoda,Aeglidae,Aegla,crustaceos
Bachia psamophila,Animalia,Chordata,Reptilia,Squamata,Gymnophthalmidae,Bachia,repteis
Sciades parkeri,Animalia,Chordata,Actinopterygii,Siluriformes,Ariidae,Sciades,peixes
Iansaoniscus leilae,Animalia,Arthropoda,Malacostraca,Isopoda,Pudeoniscidae,Iansaoniscus,crustaceos
Spintherobolus ankoseion,Animalia,Chordata,Actinopterygii,Characiformes,Spintherobolidae,Spintherobolus,peixes
Poecilotriccus albifacies,Animalia,Chordata,Aves,Passeriformes,Rhynchocyclidae,Poecilotriccus,aves
Bachia didactyla,Animalia,Chordata,Reptilia,Squamata,Gymnophthalmidae,Bachia,repteis
Spelaeogammarus sanctus,Animalia,Arthropoda,Malacostraca,Amphipoda,Artesiidae,Spelaeogammarus,crustaceos
Leopardus geoffroyi,Animalia,Chordata,Mammalia,Carnivora,Felidae,Leopardus,mamiferos
Amphisbaena leucocephala,Animalia,Chordata,Reptilia,Squamata,Amphisbaenidae,Amphisbaena,repteis
Melanophryniscus klappenbachi,Animalia,Chordata,Amphibia,Anura,Bufonidae,Melanophryniscus,anfibios
Troglobius brasiliensis,Animalia,Arthropoda,Entognatha,Entomobryomorpha,Paronellidae,Troglobius,outros
Eufriesea pyrrhopyga,Animalia,Arthropoda,Insecta,Hymenoptera,Apidae,Eufriesea,insetos
Leopardus tigrinus,Animalia,Chordata,Mammalia,Carnivora,Felidae,Leopardus,mamiferos
Calyptura cristata,Animalia,Chordata,Aves,Passeriformes,Platyrinchidae,Calyptura,aves
Gymnodactylus vanzolinii,Animalia,Chordata,Reptilia,Squamata,Phyllodactylidae,Gymnodactylus,repteis
Lutjanus purpureus,Animalia,Chordata,Actinopterygii,Perciformes,Lutjanidae,Lutjanus,peixes
Aegla microphthalma,Animalia,Arthropoda,Malacostraca,Decapoda,Aeglidae,Aegla,crustaceos
Racekiela cavernicola,Animalia,Porifera,Demospongiae,Spongillida,Spongillidae,Racekiela,outros
Pyrrhura griseipectus,Animalia,Chordata,Aves,Psittaciformes,Psittacidae,Pyrrhura,aves
Dendrocincla taunayi,Animalia,Chordata,Aves,Passeriformes,Dendrocolaptidae,Dendrocincla,aves
Paratelmatobius lutzii,Animalia,Chordata,Amphibia,Anura,Leptodactylidae,Paratelmatobius,anfibios
Glaucis dohrnii,Animalia,Chordata,Aves,Apodiformes,Trochilidae,Glaucis,aves
Zapteryx brevirostris,Animalia,Chordata,Elasmobranchii,Rhinopristiformes,Trygonorhinidae,Zapteryx,peixes
Asthenes luizae,Animalia,Chordata,Aves,Passeriformes,Furnariidae,Asthenes,aves
Cardisoma guanhumi,Animalia,Arthropoda,Malacostraca,Decapoda,Gecarcinidae,Cardisoma,crustaceos
Melanorivulus paracatuensis,Animalia,Chordata,Actinopterygii,Cyprinodontiformes,Rivulidae,Melanorivulus,peixes
Heteragrion mantiqueirae,Animalia,Arthropoda,Insecta,Odonata,Megapodagrionidae,Heteragrion,insetos
Malacoctenus brunoi,Animalia,Chordata,Actinopterygii,Perciformes,Labrisomidae,Malacoctenus,peixes
Girardia arenicola,Animalia,Platyhelminthes,Rhabditophora,Tricladida,Dugesiidae,Girardia,outros
Sporophila beltoni,Animalia,Chordata,Aves,Passeriformes,Thraupidae,Sporophila,aves
Paracerura gandarela,Animalia,Arthropoda,Entognatha,Entomobryomorpha,Isotomidae,Paracerura,outros
Amphisbaena sanctaeritae,Animalia,Chordata,Reptilia,Squamata,Amphisbaenidae,Amphisbaena,repteis
Isurus oxyrinchus,Animalia,Chordata,Elasmobranchii,Lamniformes,Lamnidae,Isurus,peixes
Numenius hudsonicus,Animalia,Chordata,Aves,Charadriiformes,Scolopacidae,Numenius,aves
Wallaciia urosema,Animalia,Chordata,Actinopterygii,Cichliformes,Cichlidae,Wallaciia,peixes
Circoniscus buckupi,Animalia,Arthropoda,Malacostraca,Isopoda,Scleropactidae,Circoniscus,crustaceos
Hyporthodus niveatus,Animalia,Chordata,Actinopterygii,Perciformes,Epinephelidae,Hyporthodus,peixes
Hylexetastes uniformis,Animalia,Chordata,Aves,Passeriformes,Dendrocolaptidae,Hylexetastes,aves
Momotus momota marcgravianus,Animalia,Chordata,Aves,Coraciiformes,Momotidae,Momotus,aves
Xenops minutus alagoanus,Animalia,Chordata,Aves,Passeriformes,Xenopidae,Xenops,aves
Hypsolebias gardneri,Animalia,Chordata,Actinopterygii,Cyprinodontiformes,Rivulidae,Hypsolebias,peixes
Maratecoara formosa,Animalia,Chordata,Actinopterygii,Cyprinodontiformes,Rivulidae,Maratecoara,peixes
Steindachneridion doceanum,Animalia,Chordata,Actinopterygii,Siluriformes,Pimelodidae,Steindachneridion,peixes
Rhamdia enfurnada,Animalia,Chordata,Actinopterygii,Siluriformes,Heptapteridae,Rhamdia,peixes
Aylacostoma tenuilabris,Animalia,Mollusca,Gastropoda,Caenogastropoda,Thiaridae,Aylacostoma,moluscos
Tisentnops onix,Animalia,Arthropoda,Arachnida,Araneae,Caponiidae,Tisentnops,aracnideos
Calidris pusilla,Animalia,Chordata,Aves,Charadriiformes,Scolopacidae,Calidris,aves
Scada karschina delicata,Animalia,Arthropoda,Insecta,Lepidoptera,Nymphalidae,Scada,insetos
Ischnocnema manezinho,Animalia,Chordata,Amphibia,Anura,Brachycephalidae,Ischnocnema,anfibios
Cambeva tropeiro,Animalia,Chordata,Actinopterygii,Siluriformes,Trichomycteridae,Cambeva,peixes
Brachycephalus quiririensis,Animalia,Chordata,Amphibia,Anura,Brachycephalidae,Brachycephalus,anfibios
Lasiocyano sazimai,Animalia,Arthropoda,Arachnida,Araneae,Theraphosidae,Lasiocyano,aracnideos
Potiberaba porakuara,Animalia,Arthropoda,Malacostraca,Amphipoda,Mesogammaridae,Potiberaba,crustaceos
Eurycheilichthys apocremnus,Animalia,Chordata,Actinopterygii,Siluriformes,Loricariidae,Eurycheilichthys,peixes
Anodontites ferrarisii,Animalia,Mollusca,Bivalvia,Unionida,Mycetopodidae,Anodontites,moluscos
Ituglanis bambui,Animalia,Chordata,Actinopterygii,Siluriformes,Trichomycteridae,Ituglanis,peixes
Carcharhinus perezi,Animalia,Chordata,Elasmobranchii,Carcharhiniformes,Carcharhinidae,Carcharhinus,peixes
Procnias albus wallacei,Animalia,Chordata,Aves,Passeriformes,Cotingidae,Procnias,aves
Tmesiphantes hypogeus,Animalia,Arthropoda,Arachnida,Araneae,Theraphosidae,Tmesiphantes,aracnideos
Pyrrhura pallescens,Animalia,Chordata,Aves,Psittaciformes,Psittacidae,Pyrrhura,aves
Rhinella casconi,Animalia,Chordata,Amphibia,Anura,Bufonidae,Rhinella,anfibios
Kentropyx viridistriga,Animalia,Chordata,Reptilia,Squamata,Teiidae,Kentropyx,repteis
Albinapis gracilis,Animalia,Arthropoda,Insecta,Hymenoptera,Colletidae,Albinapis,insetos
Pituna brevirostrata,Animalia,Chordata,Actinopterygii,Cyprinodontiformes,Rivulidae,Pituna,peixes
Phyllomys unicolor,Animalia,Chordata,Mammalia,Rodentia,Echimyidae,Phyllomys,mamiferos
Tropidurus erythrocephalus,Animalia,Chordata,Reptilia,Squamata,Tropiduridae,Tropidurus,repteis
Tropidurus callathelys,Animalia,Chordata,Reptilia,Squamata,Tropiduridae,Tropidurus,repteis
Phallotorynus fasciolatus,Animalia,Chordata,Actinopterygii,Cyprinodontiformes,Poeciliidae,Phallotorynus,peixes
Sympterygia bonapartii,Animalia,Chordata,Elasmobranchii,Rajiformes,Arhynchobatidae,Sympterygia,peixes
Mycteroperca acutirostris,Animalia,Chordata,Actinopterygii,Perciformes,Epinephelidae,Mycteroperca,peixes
Garcialebias adloffi,Animalia,Chordata,Actinopterygii,Cyprinodontiformes,Rivulidae,Garcialebias,peixes
Megalobulimus lopesi,Animalia,Mollusca,Gastropoda,Stylommatophora,Strophocheilidae,Megalobulimus,moluscos
Eigenmannia vicentespelaea,Animalia,Chordata,Actinopterygii,Gymnotiformes,Sternopygidae,Eigenmannia,peixes
Thoropa lutzi,Animalia,Chordata,Amphibia,Anura,Cycloramphidae,Thoropa,anfibios
Megascops alagoensis,Animalia,Chordata,Aves,Strigiformes,Strigidae,Megascops,aves
Psophia interjecta,Animalia,Chordata,Aves,Gruiformes,Psophiidae,Psophia,aves
Parotocinclus spilosoma,Animalia,Chordata,Actinopterygii,Siluriformes,Loricariidae,Parotocinclus,peixes
Cacicus koepckeae,Animalia,Chordata,Aves,Passeriformes,Icteridae,Cacicus,aves
Ituglanis mambai,Animalia,Chordata,Actinopterygii,Siluriformes,Trichomycteridae,Ituglanis,peixes
Glaucomastix abaetensis,Animalia,Chordata,Reptilia,Squamata,Teiidae,Glaucomastix,repteis
Schizogenius ocellatus,Animalia,Arthropoda,Insecta,Coleoptera,Carabidae,Schizogenius,insetos
Phaethon aethereus,Animalia,Chordata,Aves,Phaethontiformes,Phaethontidae,Phaethon,aves
Charinus asturius,Animalia,Arthropoda,Arachnida,Amblypygi,Charinidae,Charinus,aracnideos
Nothura minor,Animalia,Chordata,Aves,Tinamiformes,Tinamidae,Nothura,aves
Carcharhinus falciformis,Animalia,Chordata,Elasmobranchii,Carcharhiniformes,Carcharhinidae,Carcharhinus,peixes
Carcharhinus plumbeus,Animalia,Chordata,Elasmobranchii,Carcharhiniformes,Carcharhinidae,Carcharhinus,peixes
Pteronura brasiliensis,Animalia,Chordata,Mammalia,Carnivora,Mustelidae,Pteronura,mamiferos
Xiphocolaptes falcirostris,Animalia,Chordata,Aves,Passeriformes,Dendrocolaptidae,Xiphocolaptes,aves
Cyanocyclas guahybensis,Animalia,Mollusca,Bivalvia,Venerida,Cyrenidae,Cyanocyclas,moluscos
Matilebias ibicuiensis,Animalia,Chordata,Actinopterygii,Cyprinodontiformes,Rivulidae,Matilebias,peixes
Archolaemus ferreirai,Animalia,Chordata,Actinopterygii,Gymnotiformes,Sternopygidae,Archolaemus,peixes
Melanorivulus egens,Animalia,Chordata,Actinopterygii,Cyprinodontiformes,Rivulidae,Melanorivulus,peixes
Nemosia rourei,Animalia,Chordata,Aves,Passeriformes,Thraupidae,Nemosia,aves
Sphyrna lewini,Animalia,Chordata,Elasmobranchii,Carcharhiniformes,Sphyrnidae,Sphyrna,peixes
Mussismilia braziliensis,Animalia,Cnidaria,Anthozoa,Scleractinia,Faviidae,Mussismilia,outros
Dichotomius eucranioides,Animalia,Arthropoda,Insecta,Coleoptera,Scarabaeidae,Dichotomius,insetos
Linckia guildingi,Animalia,Echinodermata,Asteroidea,Valvatida,Ophidiasteridae,Linckia,outros
Alouatta ululata,Animalia,Chordata,Mammalia,Primates,Atelidae,Alouatta,mamiferos
Leposoma sinepollex,Animalia,Chordata,Reptilia,Squamata,Gymnophthalmidae,Leposoma,repteis
Eudolichotis lacerta,Animalia,Mollusca,Gastropoda,Pulmonata,Bulimulidae,Eudolichotis,moluscos
Lepidothrix iris iris,Animalia,Chordata,Aves,Passeriformes,Pipridae,Lepidothrix,aves
Pterodroma arminjoniana,Animalia,Chordata,Aves,Procellariiformes,Procellariidae,Pterodroma,aves
Mirinaba curytibana,Animalia,Mollusca,Gastropoda,Stylommatophora,Strophocheilidae,Mirinaba,moluscos
Plesiophysa dolichomastix,Animalia,Mollusca,Gastropoda,Pulmonata,Planorbidae,Plesiophysa,moluscos
Troglorhopalurus translucidus,Animalia,Arthropoda,Arachnida,Scorpiones,Buthidae,Troglorhopalurus,aracnideos
Ochyrocera ritxoo,Animalia,Arthropoda,Arachnida,Araneae,Ochyroceratidae,Ochyrocera,aracnideos
Amphisbaena ridleyi,Animalia,Chordata,Reptilia,Squamata,Amphisbaenidae,Amphisbaena,repteis
Phaethornis margarettae camargoi,Animalia,Chordata,Aves,Apodiformes,Trochilidae,Phaethornis,aves
Arrhopalites heteroculatus,Animalia,Arthropoda,Entognatha,Symphypleona,Arrhopalitidae,Arrhopalites,outros
Micrastur mintoni,Animalia,Chordata,Aves,Falconiformes,Falconidae,Micrastur,aves
Leopardus wiedii,Animalia,Chordata,Mammalia,Carnivora,Felidae,Leopardus,mamiferos
Eufriesea brasilianorum,Animalia,Arthropoda,Insecta,Hymenoptera,Apidae,Eufriesea,insetos
Sternarchorhynchus mareikeae,Animalia,Chordata,Actinopterygii,Gymnotiformes,Apteronotidae,Sternarchorhynchus,peixes
Columbina cyanopis,Animalia,Chordata,Aves,Columbiformes,Columbidae,Columbina,aves
Melanophryniscus cambaraensis,Animalia,Chordata,Amphibia,Anura,Bufonidae,Melanophryniscus,anfibios
Harttia panara,Animalia,Chordata,Actinopterygii,Siluriformes,Loricariidae,Harttia,peixes
Marinussaurus curupira,Animalia,Chordata,Reptilia,Squamata,Gymnophthalmidae,Marinussaurus,repteis
Pseudosinella brumadinhoensis,Animalia,Arthropoda,Entognatha,Entomobryomorpha,Entomobryidae,Pseudosinella,outros
Calidris subruficollis,Animalia,Chordata,Aves,Charadriiformes,Scolopacidae,Calidris,aves
Otaria flavescens,Animalia,Chordata,Mammalia,Carnivora,Otariidae,Otaria,mamiferos
Carcharias taurus,Animalia,Chordata,Elasmobranchii,Lamniformes,Carchariidae,Carcharias,peixes
Inia geoffrensis,Animalia,Chordata,Mammalia,Artiodactyla,Iniidae,Inia,mamiferos
Potamolithus troglobius,Animalia,Mollusca,Gastropoda,Caenogastropoda,Hydrobiidae,Potamolithus,moluscos
Baryancistrus niveatus,Animalia,Chordata,Actinopterygii,Siluriformes,Loricariidae,Baryancistrus,peixes
Xiphorhynchus guttatoides gracilirostris,Animalia,Chordata,Aves,Passeriformes,Dendrocolaptidae,Xiphorhynchus,aves
Canthon quadripunctatus,Animalia,Arthropoda,Insecta,Coleoptera,Scarabaeidae,Canthon,insetos
Iansaoniscus paulae,Animalia,Arthropoda,Malacostraca,Isopoda,Pudeoniscidae,Iansaoniscus,crustaceos
Pulsatrix perspicillata pulsatrix,Animalia,Chordata,Aves,Strigiformes,Strigidae,Pulsatrix,aves
Pontoporia blainvillei,Animalia,Chordata,Mammalia,Artiodactyla,Pontoporiidae,Pontoporia,mamiferos
Herpailurus yagouaroundi,Animalia,Chordata,Mammalia,Carnivora,Felidae,Herpailurus,mamiferos
Boana buriti,Animalia,Chordata,Amphibia,Anura,Hylidae,Boana,anfibios
Camelobaetidius spinosus,Animalia,Arthropoda,Insecta,Ephemeroptera,Baetidae,Camelobaetidius,insetos
Enyalius brasiliensis,Animalia,Chordata,Reptilia,Squamata,Leiosauridae,Enyalius,repteis
Harttia villasboas,Animalia,Chordata,Actinopterygii,Siluriformes,Loricariidae,Harttia,peixes
Thripophaga macroura,Animalia,Chordata,Aves,Passeriformes,Furnariidae,Thripophaga,aves
Sterna hirundinacea,Animalia,Chordata,Aves,Charadriiformes,Laridae,Sterna,aves
Pyrilia vulturina,Animalia,Chordata,Aves,Psittaciformes,Psittacidae,Pyrilia,aves
Alopias vulpinus,Animalia,Chordata,Elasmobranchii,Lamniformes,Alopiidae,Alopias,peixes
Kiautagrion acutum,Animalia,Arthropoda,Insecta,Odonata,Coenagrionidae,Kiautagrion,insetos
Partamona littoralis,Animalia,Arthropoda,Insecta,Hymenoptera,Apidae,Partamona,insetos
Ferricixius michaeli,Animalia,Arthropoda,Insecta,Hemiptera,Cixiidae,Ferricixius,insetos
Charinus caatingae,Animalia,Arthropoda,Arachnida,Amblypygi,Charinidae,Charinus,aracnideos
Pampasatyrus glaucope glaucope,Animalia,Arthropoda,Insecta,Lepidoptera,Nymphalidae,Pampasatyrus,insetos
Hypostomus subcarinatus,Animalia,Chordata,Actinopterygii,Siluriformes,Loricariidae,Hypostomus,peixes
Atractus thalesdelemai,Animalia,Chordata,Reptilia,Squamata,Dipsadidae,Atractus,repteis
Pseudobatos lentiginosus,Animalia,Chordata,Elasmobranchii,Rajiformes,Rhinobatidae,Pseudobatos,peixes
Balistes capriscus,Animalia,Chordata,Actinopterygii,Tetraodontiformes,Balistidae,Balistes,peixes
Nematolebias catimbau,Animalia,Chordata,Actinopterygii,Cyprinodontiformes,Rivulidae,Nematolebias,peixes
Copelatus cessaima,Animalia,Arthropoda,Insecta,Coleoptera,Dytiscidae,Copelatus,insetos
Cerradomys goytaca,Animalia,Chordata,Mammalia,Rodentia,Cricetidae,Cerradomys,mamiferos
Amphisbaena uroxena,Animalia,Chordata,Reptilia,Squamata,Amphisbaenidae,Amphisbaena,repteis
Odontostomus dautzenbergianus,Animalia,Mollusca,Gastropoda,Pulmonata,Odontostomidae,Odontostomus,moluscos
Tropidurus chromatops,Animalia,Chordata,Reptilia,Squamata,Tropiduridae,Tropidurus,repteis
Cycloramphus diringshofeni,Animalia,Chordata,Amphibia,Anura,Cycloramphidae,Cycloramphus,anfibios
Cayenniola albaserrata,Animalia,Arthropoda,Diplopoda,Polydesmida,Chelodesmidae,Cayenniola,outros
Formicivora grantsaui,Animalia,Chordata,Aves,Passeriformes,Thamnophilidae,Formicivora,aves
Mobula mobular,Animalia,Chordata,Elasmobranchii,Myliobatiformes,Mobulidae,Mobula,peixes
Pseudosinella cearensis,Animalia,Arthropoda,Entognatha,Entomobryomorpha,Entomobryidae,Pseudosinella,outros
Calyptommatus sinebrachiatus,Animalia,Chordata,Reptilia,Squamata,Gymnophthalmidae,Calyptommatus,repteis
Lycomorphon brasiliense,Animalia,Arthropoda,Insecta,Coleoptera,Lycidae,Lycomorphon,insetos
Dendrexetastes paraensis paraensis,Animalia,Chordata,Aves,Passeriformes,Dendrocolaptidae,Dendrexetastes,aves
Hypocnemis striata,Animalia,Chordata,Aves,Passeriformes,Thamnophilidae,Hypocnemis,aves
Hyphessobrycon flammeus,Animalia,Chordata,Actinopterygii,Characiformes,Acestrorhamphidae,Hyphessobrycon,peixes
Ituglanis epikarsticus,Animalia,Chordata,Actinopterygii,Siluriformes,Trichomycteridae,Ituglanis,peixes
Squatina argentina,Animalia,Chordata,Elasmobranchii,Squatiniformes,Squatinidae,Squatina,peixes
Hypsolebias trilineatus,Animalia,Chordata,Actinopterygii,Cyprinodontiformes,Rivulidae,Hypsolebias,peixes
Ololygon alcatraz,Animalia,Chordata,Amphibia,Anura,Hylidae,Ololygon,anfibios
Megalops atlanticus,Animalia,Chordata,Actinopterygii,Elopiformes,Megalopidae,Megalops,peixes
Alouatta guariba,Animalia,Chordata,Mammalia,Primates,Atelidae,Alouatta,mamiferos
Gonycranaus pluto,Animalia,Arthropoda,Arachnida,Opiliones,Gerdesiidae,Gonycranaus,aracnideos
Hypocnemis ochrogyna,Animalia,Chordata,Aves,Passeriformes,Thamnophilidae,Hypocnemis,aves
Xipholena atropurpurea,Animalia,Chordata,Aves,Passeriformes,Cotingidae,Xipholena,aves
Nyctimantis pomba,Animalia,Chordata,Amphibia,Anura,Hylidae,Nyctimantis,anfibios
Formicivora iheringi,Animalia,Chordata,Aves,Passeriformes,Thamnophilidae,Formicivora,aves
Liolaemus lutzae,Animalia,Chordata,Reptilia,Squamata,Liolaemidae,Liolaemus,repteis
Miroculis stenopterus,Animalia,Arthropoda,Insecta,Ephemeroptera,Leptophlebiidae,Miroculis,insetos
Liolaemus arambarensis,Animalia,Chordata,Reptilia,Squamata,Liolaemidae,Liolaemus,repteis
Coarazuphium spinifemur,Animalia,Arthropoda,Insecta,Coleoptera,Carabidae,Coarazuphium,insetos
Sternarchorhynchus jaimei,Animalia,Chordata,Actinopterygii,Gymnotiformes,Apteronotidae,Sternarchorhynchus,peixes
Fregata trinitatis,Animalia,Chordata,Aves,Suliformes,Fregatidae,Fregata,aves
Apostolepis gaboi,Animalia,Chordata,Reptilia,Squamata,Dipsadidae,Apostolepis,repteis
Garcialebias pelotapes,Animalia,Chordata,Actinopterygii,Cyprinodontiformes,Rivulidae,Garcialebias,peixes
Ischnocnema karst,Animalia,Chordata,Amphibia,Anura,Brachycephalidae,Ischnocnema,anfibios
Hyphessobrycon veredus,Animalia,Chordata,Actinopterygii,Characiformes,Acestrorhamphidae,Hyphessobrycon,peixes
Mimagoniates lateralis,Animalia,Chordata,Actinopterygii,Characiformes,Stevardiidae,Mimagoniates,peixes
Cetorhinus maximus,Animalia,Chordata,Elasmobranchii,Lamniformes,Cetorhinidae,Cetorhinus,peixes
Balaenoptera physalus,Animalia,Chordata,Mammalia,Artiodactyla,Balaenopteridae,Balaenoptera,mamiferos
Cambeva crassicaudata,Animalia,Chordata,Actinopterygii,Siluriformes,Trichomycteridae,Cambeva,peixes
Hypsolebias fasciatus,Animalia,Chordata,Actinopterygii,Cyprinodontiformes,Rivulidae,Hypsolebias,peixes
Hyporthodus flavolimbatus,Animalia,Chordata,Actinopterygii,Perciformes,Epinephelidae,Hyporthodus,peixes
Arhysosage cactorum,Animalia,Arthropoda,Insecta,Hymenoptera,Andrenidae,Arhysosage,insetos
Neopelma aurifrons,Animalia,Chordata,Aves,Passeriformes,Pipridae,Neopelma,aves
Charinus spelaeus,Animalia,Arthropoda,Arachnida,Amblypygi,Charinidae,Charinus,aracnideos
Prochilodus vimboides,Animalia,Chordata,Actinopterygii,Characiformes,Prochilodontidae,Prochilodus,peixes
Alopias superciliosus,Animalia,Chordata,Elasmobranchii,Lamniformes,Alopiidae,Alopias,peixes
Leptokoenenia thalassophobica,Animalia,Arthropoda,Arachnida,Palpigradi,Eukoeneniidae,Leptokoenenia,aracnideos
Rioraja agassizii,Animalia,Chordata,Elasmobranchii,Rajiformes,Arhynchobatidae,Rioraja,peixes
Neoplecostomus botucatu,Animalia,Chordata,Actinopterygii,Siluriformes,Loricariidae,Neoplecostomus,peixes
Kinnapotiguara troglobia,Animalia,Arthropoda,Insecta,Hemiptera,Kinnaridae,Kinnapotiguara,insetos
Hypsolebias notatus,Animalia,Chordata,Actinopterygii,Cyprinodontiformes,Rivulidae,Hypsolebias,peixes
Amphisbaena carli,Animalia,Chordata,Reptilia,Squamata,Amphisbaenidae,Amphisbaena,repteis
Euparkerella robusta,Animalia,Chordata,Amphibia,Anura,Strabomantidae,Euparkerella,anfibios
Capito dayi,Animalia,Chordata,Aves,Piciformes,Capitonidae,Capito,aves
Grallaria varia intercedens,Animalia,Chordata,Aves,Passeriformes,Grallariidae,Grallaria,aves
Negaprion brevirostris,Animalia,Chordata,Elasmobranchii,Carcharhiniformes,Carcharhinidae,Negaprion,peixes
Bathygobius brasiliensis,Animalia,Chordata,Actinopterygii,Perciformes,Gobiidae,Bathygobius,peixes
Parathyone surinamensis,Animalia,Echinodermata,Holothuroidea,Dendrochirotida,Cucumariidae,Parathyone,outros
Potamolithus karsticus,Animalia,Mollusca,Gastropoda,Caenogastropoda,Tateidae,Potamolithus,moluscos
Tangara fastuosa,Animalia,Chordata,Aves,Passeriformes,Thraupidae,Tangara,aves
Tolypeutes tricinctus,Animalia,Chordata,Mammalia,Cingulata,Chlamyphoridae,Tolypeutes,mamiferos
Pyrrhura molinae,Animalia,Chordata,Aves,Psittaciformes,Psittacidae,Pyrrhura,aves
Loxosceles troglobia,Animalia,Arthropoda,Arachnida,Araneae,Sicariidae,Loxosceles,aracnideos
Leporinus guttatus,Animalia,Chordata,Actinopterygii,Characiformes,Anostomidae,Leporinus,peixes
Myrmotherula fluminensis,Animalia,Chordata,Aves,Passeriformes,Thamnophilidae,Myrmotherula,aves
Mycteroperca bonaci,Animalia,Chordata,Actinopterygii,Perciformes,Epinephelidae,Mycteroperca,peixes
Cambeva igobi,Animalia,Chordata,Actinopterygii,Siluriformes,Trichomycteridae,Cambeva,peixes
Melanophryniscus formosus,Animalia,Chordata,Amphibia,Anura,Bufonidae,Melanophryniscus,anfibios
Friesea noronhaensis,Animalia,Arthropoda,Entognatha,Collembola,Neanuridae,Friesea,outros
Ischnocnema garciai,Animalia,Chordata,Amphibia,Anura,Brachycephalidae,Ischnocnema,anfibios
Glossoscolex lutocolus,Animalia,Annelida,Clitellata,Haplotaxida,Glossoscolecidae,Glossoscolex,outros
Ituglanis ramiroi,Animalia,Chordata,Actinopterygii,Siluriformes,Trichomycteridae,Ituglanis,peixes
Trogolaphysa aelleni,Animalia,Arthropoda,Entognatha,Entomobryomorpha,Paronellidae,Trogolaphysa,outros
Sporophila melanogaster,Animalia,Chordata,Aves,Passeriformes,Thraupidae,Sporophila,aves
Leptopanchax opalescens,Animalia,Chordata,Actinopterygii,Cyprinodontiformes,Rivulidae,Leptopanchax,peixes
Coarazuphium ricardoi,Animalia,Arthropoda,Insecta,Coleoptera,Carabidae,Coarazuphium,insetos
Eukoenenia spelunca,Animalia,Arthropoda,Arachnida,Palpigradi,Eukoeneniidae,Eukoenenia,aracnideos
Relictopiolus galadriel,Animalia,Arthropoda,Arachnida,Opiliones,Kimulidae,Relictopiolus,aracnideos
Brycon vermelha,Animalia,Chordata,Actinopterygii,Characiformes,Bryconidae,Brycon,peixes
Ditaxodon taeniatus,Animalia,Chordata,Reptilia,Squamata,Dipsadidae,Ditaxodon,repteis
Onychorhynchus swainsoni,Animalia,Chordata,Aves,Passeriformes,Onychorhynchidae,Onychorhynchus,aves
Cryptops spelaeoraptor,Animalia,Arthropoda,Chilopoda,Scolopendromorpha,Cryptopidae,Cryptops,outros
Falsocaenia santatereza,Animalia,Arthropoda,Insecta,Coleoptera,Lycidae,Falsocaenia,insetos
Anablepsoides cearensis,Animalia,Chordata,Actinopterygii,Cyprinodontiformes,Rivulidae,Anablepsoides,peixes
Anisolepis undulatus,Animalia,Chordata,Reptilia,Squamata,Leiosauridae,Anisolepis,repteis
Dysithamnus plumbeus,Animalia,Chordata,Aves,Passeriformes,Thamnophilidae,Dysithamnus,aves
Thespieus maacki,Animalia,Arthropoda,Insecta,Lepidoptera,Hesperiidae,Thespieus,insetos
Brycon orbignyanus,Animalia,Chordata,Actinopterygii,Characiformes,Bryconidae,Brycon,peixes
Parotocinclus seridoensis,Animalia,Chordata,Actinopterygii,Siluriformes,Loricariidae,Parotocinclus,peixes
Brycon dulcis,Animalia,Chordata,Actinopterygii,Characiformes,Bryconidae,Brycon,peixes
Aegla camargoi,Animalia,Arthropoda,Malacostraca,Decapoda,Aeglidae,Aegla,crustaceos
Glaucomastix itabaianensis,Animalia,Chordata,Reptilia,Squamata,Teiidae,Glaucomastix,repteis
Crypturellus zabele,Animalia,Chordata,Aves,Tinamiformes,Tinamidae,Crypturellus,aves
Touit melanonotus,Animalia,Chordata,Aves,Psittaciformes,Psittacidae,Touit,aves
Anabazenops dorsalis,Animalia,Chordata,Aves,Passeriformes,Furnariidae,Anabazenops,aves
Amphisbaena bahiana,Animalia,Chordata,Reptilia,Squamata,Amphisbaenidae,Amphisbaena,repteis
Spaeleoleptes spaeleus,Animalia,Arthropoda,Arachnida,Opiliones,Escadabiidae,Spaeleoleptes,aracnideos
Arremonops conirostris,Animalia,Chordata,Aves,Passeriformes,Passerellidae,Arremonops,aves
Baryancistrus longipinnis,Animalia,Chordata,Actinopterygii,Siluriformes,Loricariidae,Baryancistrus,peixes
Balaenoptera musculus,Animalia,Chordata,Mammalia,Artiodactyla,Balaenopteridae,Balaenoptera,mamiferos
Chrysocyon brachyurus,Animalia,Chordata,Mammalia,Carnivora,Canidae,Chrysocyon,mamiferos
Stenocercus azureus,Animalia,Chordata,Reptilia,Squamata,Tropiduridae,Stenocercus,repteis
Glomeridesmus spelaeus,Animalia,Arthropoda,Diplopoda,Glomeridesmida,Glomerodesmidae,Glomeridesmus,outros
Ybyrapora gamba,Animalia,Arthropoda,Arachnida,Araneae,Theraphosidae,Ybyrapora,aracnideos
Anomaloglossus tepequem,Animalia,Chordata,Amphibia,Anura,Aromobatidae,Anomaloglossus,anfibios
Saimiri vanzolinii,Animalia,Chordata,Mammalia,Primates,Cebidae,Saimiri,mamiferos
Ateles chamek,Animalia,Chordata,Mammalia,Primates,Atelidae,Ateles,mamiferos
Pseudosinella paraensis,Animalia,Arthropoda,Entognatha,Entomobryomorpha,Entomobryidae,Pseudosinella,outros
Lonchophylla dekeyseri,Animalia,Chordata,Mammalia,Chiroptera,Phyllostomidae,Lonchophylla,mamiferos
Haasica balzani,Animalia,Mollusca,Bivalvia,Unionida,Mycetopodidae,Haasica,moluscos
Aegla leptochela,Animalia,Arthropoda,Malacostraca,Decapoda,Aeglidae,Aegla,crustaceos
Camelobaetidius maranhensis,Animalia,Arthropoda,Insecta,Ephemeroptera,Baetidae,Camelobaetidius,insetos
Penelope pileata,Animalia,Chordata,Aves,Galliformes,Cracidae,Penelope,aves
Ridleyconcha quinquelirata,Animalia,Mollusca,Gastropoda,Pulmonata,Scolodontidae,Ridleyconcha,moluscos
Touit surdus,Animalia,Chordata,Aves,Psittaciformes,Psittacidae,Touit,aves
Cynolebias parnaibensis,Animalia,Chordata,Actinopterygii,Cyprinodontiformes,Rivulidae,Cynolebias,peixes
Isotomiella uai,Animalia,Arthropoda,Entognatha,Entomobryomorpha,Isotomidae,Isotomiella,outros
Melanophryniscus biancae,Animalia,Chordata,Amphibia,Anura,Bufonidae,Melanophryniscus,anfibios
Melanorivulus interruptus,Animalia,Chordata,Actinopterygii,Cyprinodontiformes,Rivulidae,Melanorivulus,peixes
Metopiellus painensis,Animalia,Arthropoda,Insecta,Coleoptera,Staphylinidae,Metopiellus,insetos
Ololygon faivovichi,Animalia,Chordata,Amphibia,Anura,Hylidae,Ololygon,anfibios
Crax fasciolata pinima,Animalia,Chordata,Aves,Galliformes,Cracidae,Crax,aves
Prognathodes obliquus,Animalia,Chordata,Actinopterygii,Perciformes,Chaetodontidae,Prognathodes,peixes
Myliobatis ridens,Animalia,Chordata,Elasmobranchii,Myliobatiformes,Myliobatidae,Myliobatis,peixes
Psophia dextralis,Animalia,Chordata,Aves,Gruiformes,Psophiidae,Psophia,aves
Plecturocebus brunneus,Animalia,Chordata,Mammalia,Primates,Pitheciidae,Plecturocebus,mamiferos
Spelaeobochica allodentatus,Animalia,Arthropoda,Arachnida,Pseudoscorpiones,Bochicidae,Spelaeobochica,aracnideos
Matilebias cyaneus,Animalia,Chordata,Actinopterygii,Cyprinodontiformes,Rivulidae,Matilebias,peixes
Simpulopsis wiebesi,Animalia,Mollusca,Gastropoda,Pulmonata,Simpulopsidae,Simpulopsis,moluscos
Sluysia triapertura,Animalia,Platyhelminthes,Rhabditophora,Tricladida,Uteriporidae,Sluysia,outros
Coarazuphium lundi,Animalia,Arthropoda,Insecta,Coleoptera,Carabidae,Coarazuphium,insetos
Hypanus marianae,Animalia,Chordata,Elasmobranchii,Myliobatiformes,Dasyatidae,Hypanus,peixes
Mycteroperca interstitialis,Animalia,Chordata,Actinopterygii,Perciformes,Epinephelidae,Mycteroperca,peixes
Cynolebias elegans,Animalia,Chordata,Actinopterygii,Cyprinodontiformes,Rivulidae,Cynolebias,peixes
Cylindroniscus platoi,Animalia,Arthropoda,Malacostraca,Isopoda,Styloniscidae,Cylindroniscus,crustaceos
Dendrocolaptes retentus,Animalia,Chordata,Aves,Passeriformes,Dendrocolaptidae,Dendrocolaptes,aves
Brasiliscincus caissara,Animalia,Chordata,Reptilia,Squamata,Mabuyidae,Brasiliscincus,repteis
Melanophryniscus macrogranulosus,Animalia,Chordata,Amphibia,Anura,Bufonidae,Melanophryniscus,anfibios
Hydropsalis candicans,Animalia,Chordata,Aves,Caprimulgiformes,Caprimulgidae,Hydropsalis,aves
Hypsolebias ghisolfii,Animalia,Chordata,Actinopterygii,Cyprinodontiformes,Rivulidae,Hypsolebias,peixes
Euglossa cyanochlora,Animalia,Arthropoda,Insecta,Hymenoptera,Apidae,Euglossa,insetos
Rhegmatorhina gymnops,Animalia,Chordata,Aves,Passeriformes,Thamnophilidae,Rhegmatorhina,aves
Bothrops otavioi,Animalia,Chordata,Reptilia,Squamata,Viperidae,Bothrops,repteis
Lonchophylla bokermanni,Animalia,Chordata,Mammalia,Chiroptera,Phyllostomidae,Lonchophylla,mamiferos
Spelaeobochica muchmorei,Animalia,Arthropoda,Arachnida,Pseudoscorpiones,Bochicidae,Spelaeobochica,aracnideos
Megalobulimus proclivis,Animalia,Mollusca,Gastropoda,Stylommatophora,Strophocheilidae,Megalobulimus,moluscos
Simpsonichthys punctulatus,Animalia,Chordata,Actinopterygii,Cyprinodontiformes,Rivulidae,Simpsonichthys,peixes
Fimoscolex sporadochaetus,Animalia,Annelida,Clitellata,Haplotaxida,Glossoscolecidae,Fimoscolex,outros
Listrura nematopteryx,Animalia,Chordata,Actinopterygii,Siluriformes,Trichomycteridae,Listrura,peixes
Mobula tarapacana,Animalia,Chordata,Elasmobranchii,Myliobatiformes,Mobulidae,Mobula,peixes
Acrolebias carvalhoi,Animalia,Chordata,Actinopterygii,Cyprinodontiformes,Rivulidae,Acrolebias,peixes
Lophornis gouldii,Animalia,Chordata,Aves,Apodiformes,Trochilidae,Lophornis,aves
Colibri delphinae greenewalti,Animalia,Chordata,Aves,Apodiformes,Trochilidae,Colibri,aves
Sphyrna gilberti,Animalia,Chordata,Elasmobranchii,Carcharhiniformes,Sphyrnidae,Sphyrna,peixes
Garcialebias botocudo,Animalia,Chordata,Actinopterygii,Cyprinodontiformes,Rivulidae,Garcialebias,peixes
Potamotrygon marquesi,Animalia,Chordata,Elasmobranchii,Myliobatiformes,Potamotrygonidae,Potamotrygon,peixes
Hypsolebias picturatus,Animalia,Chordata,Actinopterygii,Cyprinodontiformes,Rivulidae,Hypsolebias,peixes
Potamotrygon leopoldi,Animalia,Chordata,Elasmobranchii,Myliobatiformes,Potamotrygonidae,Potamotrygon,peixes
Leopardus colocola,Animalia,Chordata,Mammalia,Carnivora,Felidae,Leopardus,mamiferos
Melanorivulus amambaiensis,Animalia,Chordata,Actinopterygii,Cyprinodontiformes,Rivulidae,Melanorivulus,peixes
Simpsonichthys parallelus,Animalia,Chordata,Actinopterygii,Cyprinodontiformes,Rivulidae,Simpsonichthys,peixes
Arrhopalites glabrofasciatus,Animalia,Arthropoda,Entognatha,Symphypleona,Arrhopalitidae,Arrhopalites,outros
Hypsolebias macaubensis,Animalia,Chordata,Actinopterygii,Cyprinodontiformes,Rivulidae,Hypsolebias,peixes
Troglobius ferroicus,Animalia,Arthropoda,Entognatha,Entomobryomorpha,Paronellidae,Troglobius,outros
Thaumastus lundi,Animalia,Mollusca,Gastropoda,Pulmonata,Bulimulidae,Thaumastus,moluscos
Diplodon fontainianus,Animalia,Mollusca,Bivalvia,Unionida,Hyriidae,Diplodon,moluscos
Ctenomys ibicuiensis,Animalia,Chordata,Mammalia,Rodentia,Ctenomyidae,Ctenomys,mamiferos
Hyalella formosa,Animalia,Arthropoda,Malacostraca,Amphipoda,Hyalellidae,Hyalella,crustaceos
Simpsonichthys espinhacensis,Animalia,Chordata,Actinopterygii,Cyprinodontiformes,Rivulidae,Simpsonichthys,peixes
Cassidulus mitis,Animalia,Echinodermata,Echinoidea,Cassiduloida,Cassidulidae,Cassidulus,outros
Hypancistrus zebra,Animalia,Chordata,Actinopterygii,Siluriformes,Loricariidae,Hypancistrus,peixes
Notholebias fractifasciatus,Animalia,Chordata,Actinopterygii,Cyprinodontiformes,Rivulidae,Notholebias,peixes
Stegastes rocasensis,Animalia,Chordata,Actinopterygii,Perciformes,Pomacentridae,Stegastes,peixes
Cypholebias cinereus,Animalia,Chordata,Actinopterygii,Cyprinodontiformes,Rivulidae,Cypholebias,peixes
Campellolebias brucei,Animalia,Chordata,Actinopterygii,Cyprinodontiformes,Rivulidae,Campellolebias,peixes
Heterodactylus lundii,Animalia,Chordata,Reptilia,Squamata,Gymnophthalmidae,Heterodactylus,repteis
Dichotomius mysticus,Animalia,Arthropoda,Insecta,Coleoptera,Scarabaeidae,Dichotomius,insetos
Melipona capixaba,Animalia,Arthropoda,Insecta,Hymenoptera,Apidae,Melipona,insetos
Blastocerus dichotomus,Animalia,Chordata,Mammalia,Artiodactyla,Cervidae,Blastocerus,mamiferos
Seborgia potiguar,Animalia,Arthropoda,Malacostraca,Amphipoda,Seborgiidae,Seborgia,crustaceos
Altitatiayus godinhorum,Animalia,Arthropoda,Insecta,Coleoptera,Lucanidae,Altitatiayus,insetos
Hasemania maxillaris,Animalia,Chordata,Actinopterygii,Characiformes,Acestrorhamphidae,Hasemania,peixes
Stichelia pelotensis,Animalia,Arthropoda,Insecta,Lepidoptera,Riodinidae,Stichelia,insetos
Leopardus braccatus,Animalia,Chordata,Mammalia,Carnivora,Felidae,Leopardus,mamiferos
Synallaxis kollari,Animalia,Chordata,Aves,Passeriformes,Furnariidae,Synallaxis,aves
Xylophanes mielkei,Animalia,Arthropoda,Insecta,Lepidoptera,Sphingidae,Xylophanes,insetos
Coarazuphium cessaima,Animalia,Arthropoda,Insecta,Coleoptera,Carabidae,Coarazuphium,insetos
Gonyostomus insularis,Animalia,Mollusca,Gastropoda,Stylommatophora,Strophocheilidae,Gonyostomus,moluscos
Pararrhopalites papaveroi,Animalia,Arthropoda,Entognatha,Symphypleona,Sminthuridae,Pararrhopalites,outros
Rhopalothrix plaumanni,Animalia,Arthropoda,Insecta,Hymenoptera,Formicidae,Rhopalothrix,insetos
Leptopanchax itanhaensis,Animalia,Chordata,Actinopterygii,Cyprinodontiformes,Rivulidae,Leptopanchax,peixes
Hyperaulax ridleyi,Animalia,Mollusca,Gastropoda,Stylommatophora,Odontostomidae,Hyperaulax,moluscos
Conopophaga cearae,Animalia,Chordata,Aves,Passeriformes,Conopophagidae,Conopophaga,aves
Notorynchus cepedianus,Animalia,Chordata,Elasmobranchii,Hexanchiformes,Hexanchidae,Notorynchus,peixes
Cnipodectes superrufus,Animalia,Chordata,Aves,Passeriformes,Rhynchocyclidae,Cnipodectes,aves
Trogolaphysa barroca,Animalia,Arthropoda,Entognatha,Entomobryomorpha,Paronellidae,Trogolaphysa,outros
Hippocampus reidi,Animalia,Chordata,Actinopterygii,Syngnathiformes,Syngnathidae,Hippocampus,peixes
Scarus trispinosus,Animalia,Chordata,Actinopterygii,Perciformes,Scaridae,Scarus,peixes
Campylopterus calcirupicola,Animalia,Chordata,Aves,Apodiformes,Trochilidae,Campylopterus,aves
Crossodactylus dispar,Animalia,Chordata,Amphibia,Anura,Hylodidae,Crossodactylus,anfibios
Hypsolebias fulminantis,Animalia,Chordata,Actinopterygii,Cyprinodontiformes,Rivulidae,Hypsolebias,peixes
Phalloptychus iheringii,Animalia,Chordata,Actinopterygii,Cyprinodontiformes,Poeciliidae,Phalloptychus,peixes
Ybyrapora diversipes,Animalia,Arthropoda,Arachnida,Araneae,Theraphosidae,Ybyrapora,aracnideos
Typhochlaena seladonia,Animalia,Arthropoda,Arachnida,Araneae,Theraphosidae,Typhochlaena,aracnideos
Lepidocharax diamantina,Animalia,Chordata,Actinopterygii,Characiformes,Stevardiidae,Lepidocharax,peixes
Parides ascanius,Animalia,Arthropoda,Insecta,Lepidoptera,Papilionidae,Parides,insetos
Matilebias paucisquama,Animalia,Chordata,Actinopterygii,Cyprinodontiformes,Rivulidae,Matilebias,peixes
Myrmoderus ruficauda,Animalia,Chordata,Aves,Passeriformes,Thamnophilidae,Myrmoderus,aves
Tayassu pecari,Animalia,Chordata,Mammalia,Artiodactyla,Tayassuidae,Tayassu,mamiferos
Epiperipatus ohausi,Animalia,Onychophora,Onychophora,Euonychophora,Peripatidae,Epiperipatus,outros
Nematocharax varii,Animalia,Chordata,Actinopterygii,Characiformes,Acestrorhamphidae,Nematocharax,peixes
Cycloramphus faustoi,Animalia,Chordata,Amphibia,Anura,Cycloramphidae,Cycloramphus,anfibios
Trigonectes strigabundus,Animalia,Chordata,Actinopterygii,Cyprinodontiformes,Rivulidae,Trigonectes,peixes
Hypsolebias alternatus,Animalia,Chordata,Actinopterygii,Cyprinodontiformes,Rivulidae,Hypsolebias,peixes
Matilebias camaquensis,Animalia,Chordata,Actinopterygii,Cyprinodontiformes,Rivulidae,Matilebias,peixes
Pseudonannolene lundi,Animalia,Arthropoda,Diplopoda,Spirostreptida,Pseudonannolenidae,Pseudonannolene,outros
Hippocampus erectus,Animalia,Chordata,Actinopterygii,Syngnathiformes,Syngnathidae,Hippocampus,peixes
Phyllomys centralis,Animalia,Chordata,Mammalia,Rodentia,Echimyidae,Phyllomys,mamiferos
Atractus caete,Animalia,Chordata,Reptilia,Squamata,Dipsadidae,Atractus,repteis
Arlea arenicola,Animalia,Arthropoda,Entognatha,Entomobryomorpha,Isotomidae,Arlea,outros
Sparisoma frondosum,Animalia,Chordata,Actinopterygii,Perciformes,Scaridae,Sparisoma,peixes
Hypsolebias hamadryades,Animalia,Chordata,Actinopterygii,Cyprinodontiformes,Rivulidae,Hypsolebias,peixes
Brycon vonoi,Animalia,Chordata,Actinopterygii,Characiformes,Bryconidae,Brycon,peixes
Spelunconiscus castroi,Animalia,Arthropoda,Malacostraca,Isopoda,Styloniscidae,Spelunconiscus,crustaceos
Megalobulimus fragilior,Animalia,Mollusca,Gastropoda,Stylommatophora,Strophocheilidae,Megalobulimus,moluscos
Amphisbaena persephone,Animalia,Chordata,Reptilia,Squamata,Amphisbaenidae,Amphisbaena,repteis
Physalaemus soaresi,Animalia,Chordata,Amphibia,Anura,Leptodactylidae,Physalaemus,anfibios
Psilops mucugensis,Animalia,Chordata,Reptilia,Squamata,Gymnophthalmidae,Psilops,repteis
Calyptommatus leiolepis,Animalia,Chordata,Reptilia,Squamata,Gymnophthalmidae,Calyptommatus,repteis
Alexandresaurus camacan,Animalia,Chordata,Reptilia,Squamata,Gymnophthalmidae,Alexandresaurus,repteis
Procellaria aequinoctialis,Animalia,Chordata,Aves,Procellariiformes,Procellariidae,Procellaria,aves
Elacatinus figaro,Animalia,Chordata,Actinopterygii,Perciformes,Gobiidae,Elacatinus,peixes
Coarazuphium xikrin,Animalia,Arthropoda,Insecta,Coleoptera,Carabidae,Coarazuphium,insetos
Pyrrhura perlata,Animalia,Chordata,Aves,Psittaciformes,Psittacidae,Pyrrhura,aves
Pyrrhura coerulescens,Animalia,Chordata,Aves,Psittaciformes,Psittacidae,Pyrrhura,aves
Alouatta guariba clamitans,Animalia,Chordata,Mammalia,Primates,Atelidae,Alouatta,mamiferos
Anodorhynchus hyacinthinus,Animalia,Chordata,Aves,Psittaciformes,Psittacidae,Anodorhynchus,aves
Aegla cavernicola,Animalia,Arthropoda,Malacostraca,Decapoda,Aeglidae,Aegla,crustaceos
Thalassarche chlororhynchos,Animalia,Chordata,Aves,Procellariiformes,Diomedeidae,Thalassarche,aves
Cynolebias gorutuba,Animalia,Chordata,Actinopterygii,Cyprinodontiformes,Rivulidae,Cynolebias,peixes
Granatellus pelzelni paraensis,Animalia,Chordata,Aves,Passeriformes,Cardinalidae,Granatellus,aves
Altitatiayus dulceae,Animalia,Arthropoda,Insecta,Coleoptera,Lucanidae,Altitatiayus,insetos
Alouatta belzebul,Animalia,Chordata,Mammalia,Primates,Atelidae,Alouatta,mamiferos
Diopatra victoriae,Animalia,Annelida,Polychaeta,Eunicida,Onuphidae,Diopatra,outros
Hylopezus paraensis,Animalia,Chordata,Aves,Passeriformes,Grallariidae,Hylopezus,aves
Trinomys yonenagae,Animalia,Chordata,Mammalia,Rodentia,Echimyidae,Trinomys,mamiferos
Lepidochelys olivacea,Animalia,Chordata,Reptilia,Testudines,Cheloniidae,Lepidochelys,repteis
Pterodroma incerta,Animalia,Chordata,Aves,Procellariiformes,Procellariidae,Pterodroma,aves
Otophidium chickcharney,Animalia,Chordata,Actinopterygii,Ophidiiformes,Ophidiidae,Otophidium,peixes
Austrolebias ephemerus,Animalia,Chordata,Actinopterygii,Cyprinodontiformes,Rivulidae,Austrolebias,peixes
Eukoenenia virgemdalapa,Animalia,Arthropoda,Arachnida,Palpigradi,Eukoeneniidae,Eukoenenia,aracnideos
Garcialebias lourenciano,Animalia,Chordata,Actinopterygii,Cyprinodontiformes,Rivulidae,Garcialebias,peixes
Hypsolebias gibberatus,Animalia,Chordata,Actinopterygii,Cyprinodontiformes,Rivulidae,Hypsolebias,peixes
Pteroglossus bitorquatus bitorquatus,Animalia,Chordata,Aves,Piciformes,Ramphastidae,Pteroglossus,aves
Pectenoniscus sepultus,Animalia,Arthropoda,Malacostraca,Isopoda,Styloniscidae,Pectenoniscus,crustaceos
Synapterpes hanleyi,Animalia,Mollusca,Gastropoda,Pulmonata,Subulinidae,Synapterpes,moluscos
Hypsolebias flammeus,Animalia,Chordata,Actinopterygii,Cyprinodontiformes,Rivulidae,Hypsolebias,peixes
Amphisbaena heathi,Animalia,Chordata,Reptilia,Squamata,Amphisbaenidae,Amphisbaena,repteis
Archisotoma arariboia,Animalia,Arthropoda,Entognatha,Collembola,Isotomidae,Archisotoma,outros
Carcharhinus acronotus,Animalia,Chordata,Elasmobranchii,Carcharhiniformes,Carcharhinidae,Carcharhinus,peixes
Hyphessobrycon duragenys,Animalia,Chordata,Actinopterygii,Characiformes,Acestrorhamphidae,Hyphessobrycon,peixes
Scartella poiti,Animalia,Chordata,Actinopterygii,Perciformes,Blenniidae,Scartella,peixes
Ochyrocera ibitipoca,Animalia,Arthropoda,Arachnida,Araneae,Ochyroceratidae,Ochyrocera,aracnideos
Ololygon peixotoi,Animalia,Chordata,Amphibia,Anura,Hylidae,Ololygon,anfibios
Leposoma nanodactylus,Animalia,Chordata,Reptilia,Squamata,Gymnophthalmidae,Leposoma,repteis
Phaethornis margarettae,Animalia,Chordata,Aves,Apodiformes,Trochilidae,Phaethornis,aves
Hypsolebias mediopapillatus,Animalia,Chordata,Actinopterygii,Cyprinodontiformes,Rivulidae,Hypsolebias,peixes
Guaruba guarouba,Animalia,Chordata,Aves,Psittaciformes,Psittacidae,Guaruba,aves
Celeus flavus subflavus,Animalia,Chordata,Aves,Piciformes,Picidae,Celeus,aves
Thunnus thynnus,Animalia,Chordata,Actinopterygii,Scombriformes,Scombridae,Thunnus,peixes
Trichogenes claviger,Animalia,Chordata,Actinopterygii,Siluriformes,Trichomycteridae,Trichogenes,peixes
Eukoenenia jequitinhonha,Animalia,Arthropoda,Arachnida,Palpigradi,Eukoeneniidae,Eukoenenia,aracnideos
Pimelodella kronei,Animalia,Chordata,Actinopterygii,Siluriformes,Heptapteridae,Pimelodella,peixes
Pseudochthonius limettioides,Animalia,Arthropoda,Arachnida,Pseudoscorpiones,Chthoniidae,Pseudochthonius,aracnideos
Hollandichthys taramandahy,Animalia,Chordata,Actinopterygii,Characiformes,Acestrorhamphidae,Hollandichthys,peixes
Xenurolebias myersi,Animalia,Chordata,Actinopterygii,Cyprinodontiformes,Rivulidae,Xenurolebias,peixes
Brachycephalus mirissimus,Animalia,Chordata,Amphibia,Anura,Brachycephalidae,Brachycephalus,anfibios
Trogolaphysa chapelensis,Animalia,Arthropoda,Entognatha,Entomobryomorpha,Paronellidae,Trogolaphysa,outros
Monasa morphoeus morphoeus,Animalia,Chordata,Aves,Galbuliformes,Bucconidae,Monasa,aves
Antilophia bokermanni,Animalia,Chordata,Aves,Passeriformes,Pipridae,Antilophia,aves
Enyalius erythroceneus,Animalia,Chordata,Reptilia,Squamata,Leiosauridae,Enyalius,repteis
Iodopleura pipra pipra,Animalia,Chordata,Aves,Passeriformes,Tityridae,Iodopleura,aves
Arhysosage flava,Animalia,Arthropoda,Insecta,Hymenoptera,Andrenidae,Arhysosage,insetos
Cyclopes rufus,Animalia,Chordata,Mammalia,Pilosa,Cyclopedidae,Cyclopes,mamiferos
Hypsolebias longignatus,Animalia,Chordata,Actinopterygii,Cyprinodontiformes,Rivulidae,Hypsolebias,peixes
Laterallus xenopterus,Animalia,Chordata,Aves,Gruiformes,Rallidae,Laterallus,aves
Astyanax brucutu,Animalia,Chordata,Actinopterygii,Characiformes,Acestrorhamphidae,Astyanax,peixes
Coleodactylus natalensis,Animalia,Chordata,Reptilia,Squamata,Sphaerodactylidae,Coleodactylus,repteis
Coryphistera alaudina,Animalia,Chordata,Aves,Passeriformes,Furnariidae,Coryphistera,aves
Proceratophrys ararype,Animalia,Chordata,Amphibia,Anura,Odontophrynidae,Proceratophrys,anfibios
Leposternon mineiro,Animalia,Chordata,Reptilia,Squamata,Amphisbaenidae,Leposternon,repteis
Piculus polyzonus,Animalia,Chordata,Aves,Piciformes,Picidae,Piculus,aves
Bothrops itapetiningae,Animalia,Chordata,Reptilia,Squamata,Viperidae,Bothrops,repteis
Morpho epistrophus nikolajewna,Animalia,Arthropoda,Insecta,Lepidoptera,Nymphalidae,Morpho,insetos
Ateles marginatus,Animalia,Chordata,Mammalia,Primates,Atelidae,Ateles,mamiferos
Rhipidomys cariri,Animalia,Chordata,Mammalia,Rodentia,Cricetidae,Rhipidomys,mamiferos
Isotogastrura mucrospatulata,Animalia,Arthropoda,Entognatha,Symphypleona,Arrhopalitidae,Isotogastrura,outros
Myrmotherula urosticta,Animalia,Chordata,Aves,Passeriformes,Thamnophilidae,Myrmotherula,aves
Cynopoecilus multipapillatus,Animalia,Chordata,Actinopterygii,Cyprinodontiformes,Rivulidae,Cynopoecilus,peixes
Pyrrhura anerythra,Animalia,Chordata,Aves,Psittaciformes,Psittacidae,Pyrrhura,aves
Melanorivulus rutilicaudus,Animalia,Chordata,Actinopterygii,Cyprinodontiformes,Rivulidae,Melanorivulus,peixes
Pempheris gasparinii,Animalia,Chordata,Actinopterygii,Perciformes,Pempheridae,Pempheris,peixes
Minagrion canaanense,Animalia,Arthropoda,Insecta,Odonata,Coenagrionidae,Minagrion,insetos
Crossodactylus boulengeri,Animalia,Chordata,Amphibia,Anura,Hylodidae,Crossodactylus,anfibios
Trinomys moojeni,Animalia,Chordata,Mammalia,Rodentia,Echimyidae,Trinomys,mamiferos
Arrhopalites paranaensis,Animalia,Arthropoda,Entognatha,Symphypleona,Arrhopalitidae,Arrhopalites,outros
Ophthalmolebias constanciae,Animalia,Chordata,Actinopterygii,Cyprinodontiformes,Rivulidae,Ophthalmolebias,peixes
Hypsolebias rufus,Animalia,Chordata,Actinopterygii,Cyprinodontiformes,Rivulidae,Hypsolebias,peixes
Attila spadiceus uropygiatus,Animalia,Chordata,Aves,Passeriformes,Tyrannidae,Attila,aves
Metopioxys carajas,Animalia,Arthropoda,Insecta,Coleoptera,Staphylinidae,Metopioxys,insetos
Epinephelus marginatus,Animalia,Chordata,Actinopterygii,Perciformes,Epinephelidae,Epinephelus,peixes
Corallus cropanii,Animalia,Chordata,Reptilia,Squamata,Boidae,Corallus,repteis
Parotocinclus spilurus,Animalia,Chordata,Actinopterygii,Siluriformes,Loricariidae,Parotocinclus,peixes
Arrhopalites gnaspinii,Animalia,Arthropoda,Entognatha,Symphypleona,Arrhopalitidae,Arrhopalites,outros
Cavia intermedia,Animalia,Chordata,Mammalia,Rodentia,Caviidae,Cavia,mamiferos
Carcharhinus signatus,Animalia,Chordata,Elasmobranchii,Carcharhiniformes,Carcharhinidae,Carcharhinus,peixes
Bothrops insularis,Animalia,Chordata,Reptilia,Squamata,Viperidae,Bothrops,repteis
Enneanectes smithi,Animalia,Chordata,Actinopterygii,Blenniiformes,Tripterygiidae,Enneanectes,peixes
Trinomys eliasi,Animalia,Chordata,Mammalia,Rodentia,Echimyidae,Trinomys,mamiferos
Pristis pristis,Animalia,Chordata,Elasmobranchii,Rhinopristiformes,Pristidae,Pristis,peixes
Castalia martensi,Animalia,Mollusca,Bivalvia,Unionida,Hyriidae,Castalia,moluscos
Pseudonannolene tocaiensis,Animalia,Arthropoda,Diplopoda,Spirostreptida,Pseudonannolenidae,Pseudonannolene,outros
Ancistrus formoso,Animalia,Chordata,Actinopterygii,Siluriformes,Loricariidae,Ancistrus,peixes
Parides bunichus chamissonia,Animalia,Arthropoda,Insecta,Lepidoptera,Papilionidae,Parides,insetos
Leila blainvilliana,Animalia,Mollusca,Bivalvia,Unionida,Mycetopodidae,Leila,moluscos
Cyphorhinus griseolateralis,Animalia,Chordata,Aves,Passeriformes,Troglodytidae,Cyphorhinus,aves
Arrhopalites amorimi,Animalia,Arthropoda,Entognatha,Symphypleona,Arrhopalitidae,Arrhopalites,outros
Glaucomastix cyanura,Animalia,Chordata,Reptilia,Squamata,Teiidae,Glaucomastix,repteis
Hyalella imbya,Animalia,Arthropoda,Malacostraca,Amphipoda,Hyalellidae,Hyalella,crustaceos
Bradypus torquatus,Animalia,Chordata,Mammalia,Pilosa,Bradypodidae,Bradypus,mamiferos
Eukoenenia potiguar,Animalia,Arthropoda,Arachnida,Palpigradi,Eukoeneniidae,Eukoenenia,aracnideos
Ozotoceros bezoarticus bezoarticus,Animalia,Chordata,Mammalia,Artiodactyla,Cervidae,Ozotoceros,mamiferos
Macrostrombus costatus,Animalia,Mollusca,Gastropoda,Littorinimorpha,Strombidae,Macrostrombus,moluscos
Lagothrix lagothricha cana,Animalia,Chordata,Mammalia,Primates,Atelidae,Lagothrix,mamiferos
Eretmochelys imbricata,Animalia,Chordata,Reptilia,Testudines,Cheloniidae,Eretmochelys,repteis
Urubitinga coronata,Animalia,Chordata,Aves,Accipitriformes,Accipitridae,Urubitinga,aves
Diomedea dabbenena,Animalia,Chordata,Aves,Procellariiformes,Diomedeidae,Diomedea,aves
Parides panthonus castilhoi,Animalia,Arthropoda,Insecta,Lepidoptera,Papilionidae,Parides,insetos
Whiteheadiana thaisae,Animalia,Arthropoda,Insecta,Coleoptera,Carabidae,Whiteheadiana,insetos
Sphyrna tiburo,Animalia,Chordata,Elasmobranchii,Carcharhiniformes,Sphyrnidae,Sphyrna,peixes
Saguinus bicolor,Animalia,Chordata,Mammalia,Primates,Callitrichidae,Saguinus,mamiferos
Celeus torquatus tinnunculus,Animalia,Chordata,Aves,Piciformes,Picidae,Celeus,aves
Proceratophrys palustris,Animalia,Chordata,Amphibia,Anura,Odontophrynidae,Proceratophrys,anfibios
Hypomasticus santanai,Animalia,Chordata,Actinopterygii,Characiformes,Anostomidae,Hypomasticus,peixes
Aegla rosanae,Animalia,Arthropoda,Malacostraca,Decapoda,Aeglidae,Aegla,crustaceos
Ateles belzebuth,Animalia,Chordata,Mammalia,Primates,Atelidae,Ateles,mamiferos
Cichlopsis leucogenys,Animalia,Chordata,Aves,Passeriformes,Turdidae,Cichlopsis,aves
Astropecten marginatus,Animalia,Echinodermata,Asteroidea,Paxillosida,Astropectinidae,Astropecten,outros
Sporophila maximiliani,Animalia,Chordata,Aves,Passeriformes,Thraupidae,Sporophila,aves
