assessment_id,nome_cientifico,ano_publicacao,data_avaliacao,categoria_risco_codigo,e_avaliacao_atual,possivelmente_extinta,criterio,escopo
140547309,Notholebias vermiculatus,2022,2018-11-07,EN,True,False,"B2ab(i,ii,iii,iv,v)",Global
1813914,Simpsonichthys nigromaculatus,2022,2018-11-07,VU,True,False,D2,Global
210018258,Amazona pretrei,2022,2022-07-13,VU,True,False,A2acd+3cde,Global
93104759,Amazona pretrei,2016,2016-10-01,VU,False,False,A2cd+3cd+4cd,Global
37905030,Amazona pretrei,2012,2012-05-01,VU,False,False,A2cd+3cd+4cd,Global
23290298,Amazona pretrei,2008,2008-05-01,VU,False,False,A2cd+3cd+4cd,Global
23291286,Amazona pretrei,2004,2004-05-01,VU,False,False,A2cd+3cd+4cd,Global
23273913,Amazona pretrei,2000,2000-05-01,VU,False,False,A2cd,Global
23274499,Amazona pretrei,1996,1996-05-01,EN,False,False,,Global
23275242,Amazona pretrei,1994,1994-05-01,EN,False,False,,Global
23275959,Amazona pretrei,1988,1988-05-01,T,False,False,,Global
279078290,Mobula thurstoni,2025,2025-06-17,CR,True,False,A2bd+3d,Global
124451622,Mobula thurstoni,2019,2018-11-09,EN,False,False,A2bd+3d,Global
214368409,Mobula thurstoni,2022,2018-11-09,EN,False,False,A2bd+3d,Global
100016879,Mobula thurstoni,2016,2016-02-23,NT,False,False,,Global
3091468,Mobula thurstoni,2016,2016-02-23,NT,False,False,,Global
12317473,Mobula thurstoni,2006,2006-01-31,NT,False,False,,Global
1822414,Atlantirivulus simplicis,2022,2018-11-07,EN,True,False,B2ab(iii),Global
3094144,Isogomphodon oxyrhynchus,2020,2019-07-01,CR,True,False,A2bcd,Global
12323498,Isogomphodon oxyrhynchus,2006,2006-01-31,CR,False,False,A2ad+3d+4ad,Global
1815977,Pseudoplatystoma corruscans,2023,2020-12-21,NT,True,False,A2bcde,Global
107291247,Pithecopus rusticus,2023,2021-04-09,CR,True,False,"B1ab(ii,iii)",Global
1819454,Hypsolebias adornatus,2022,2018-11-07,VU,True,False,D2,Global
1814034,Cnesterodon omorgmatos,2022,2018-11-07,CR,True,False,B2ab(iii),Global
134878741,Acratosaura spinosa,2021,2014-08-04,DD,True,False,,Global
134878993,Anotosaura collaris,2021,2014-08-04,DD,True,False,,Global
1826029,Ophthalmolebias bokermanni,2022,2018-11-07,CR,True,False,B2ab(iii),Global
135057835,Harttia depressa,2022,2018-11-07,EN,True,False,"B1ab(i,iii,iv)",Global
137792392,Calyptommatus nicterus,2021,2014-08-04,EN,True,False,B1ab(iii),Global
173823814,Garcialebias bagual,2021,2020-12-28,CR,True,False,"B1ab(ii,iii)+2ab(ii,iii)",Global
17924308,Alouatta caraya,2020,2015-01-26,NT,False,False,A4cde,Global
190414715,Alouatta caraya,2021,2015-01-26,NT,True,False,A4cde,Global
10496784,Alouatta caraya,2008,2008-06-30,LC,False,False,,Global
10497050,Alouatta caraya,2003,2003-04-30,LC,False,False,,Global
10496760,Alouatta caraya,1996,1996-08-01,LR/lc,False,False,,Global
171677370,Lepidothrix iris,2021,2020-06-05,VU,True,False,A3c+4c,Global
93810290,Lepidothrix iris,2016,2016-10-01,VU,False,False,A3c,Global
38622772,Lepidothrix iris,2012,2012-05-01,VU,False,False,A3c,Global
29933172,Lepidothrix iris,2009,2009-05-01,LC,False,False,,Global
29933744,Lepidothrix iris,2008,2008-05-01,LC,False,False,,Global
29926456,Lepidothrix iris,2004,2004-05-01,LC,False,False,,Global
29927046,Lepidothrix iris,2000,2000-05-01,LR/lc,False,False,,Global
29927345,Lepidothrix iris,1994,1994-05-01,LR/nt,False,False,,Global
29927912,Lepidothrix iris,1988,1988-05-01,LR/lc,False,False,,Global
136895373,Hypsolebias nudiorbitatus,2022,2018-11-07,DD,True,False,,Global
1813692,Hypsolebias brunoi,2022,2018-11-07,VU,True,False,D2,Global
263699624,Serpophaga hypoleuca pallida,2024,2024-06-12,LC,True,False,,Global
118644945,Serpophaga hypoleuca pallida,2017,2016-10-01,LC,False,False,,Global
93727299,Serpophaga hypoleuca pallida,2016,2016-10-01,LC,False,False,,Global
38655145,Serpophaga hypoleuca pallida,2012,2012-05-01,LC,False,False,,Global
35196934,Serpophaga hypoleuca pallida,2009,2009-05-01,LC,False,False,,Global
35197390,Serpophaga hypoleuca pallida,2008,2008-05-01,LC,False,False,,Global
35197927,Serpophaga hypoleuca pallida,2004,2004-05-01,LC,False,False,,Global
35198361,Serpophaga hypoleuca pallida,2000,2000-05-01,LR/lc,False,False,,Global
35198854,Serpophaga hypoleuca pallida,1994,1994-05-01,LR/lc,False,False,,Global
35199275,Serpophaga hypoleuca pallida,1988,1988-05-01,LR/lc,False,False,,Global
75161114,Leposternon maximus,2021,2012-12-31,LC,True,False,,Global
1825459,Parotocinclus cesarpintoi,2022,2018-11-07,LC,True,False,,Global
1820834,Melanorivulus vittatus,2023,2018-11-07,EN,True,False,"B1ab(i,ii,iii,iv,v)+2ab(i,ii,iii,iv,v)",Global
22388900,Phaenomys ferrugineus,2019,2016-07-11,EN,True,False,"B2ab(ii,iii)",Global
6430920,Phaenomys ferrugineus,2008,2008-06-30,VU,False,False,B1ab(iii),Global
6431031,Phaenomys ferrugineus,1996,1996-08-01,EN,False,False,C2a,Global
6430903,Phaenomys ferrugineus,1994,1994-01-01,E,False,False,,Global
3123409,Gymnura altavela,2021,2019-06-21,EN,True,False,A2d,Global
16527909,Gymnura altavela,2016,2016-03-25,CR,True,False,A2bd,Mediterranean
48931613,Gymnura altavela,2015,2015-02-17,CR,True,False,A2bd,Europe
12624290,Gymnura altavela,2007,2007-03-01,VU,False,False,A2bd+4bd,Global
153022606,Cyanopsitta spixii,2019,2019-06-20,EW,True,False,,Global
130431750,Cyanopsitta spixii,2018,2018-08-07,CR,False,False,D,Global
93078343,Cyanopsitta spixii,2016,2016-10-01,CR,False,False,D,Global
79740294,Cyanopsitta spixii,2015,2015-10-01,CR,False,False,D,Global
49809312,Cyanopsitta spixii,2013,2013-11-01,CR,False,False,D,Global
37872132,Cyanopsitta spixii,2012,2012-05-01,CR,False,False,D,Global
26831268,Cyanopsitta spixii,2010,2010-05-01,CR,False,False,D,Global
26832047,Cyanopsitta spixii,2009,2009-05-01,CR,False,False,D,Global
26832648,Cyanopsitta spixii,2008,2008-05-01,CR,False,False,D,Global
26833246,Cyanopsitta spixii,2004,2004-05-01,CR,False,True,D,Global
26833795,Cyanopsitta spixii,2002,2002-05-01,CR,False,False,,Global
26834823,Cyanopsitta spixii,2000,2000-05-01,CR,False,False,D,Global
26822265,Cyanopsitta spixii,1996,1996-05-01,CR,False,False,,Global
26822810,Cyanopsitta spixii,1994,1994-05-01,CR,False,False,,Global
26823181,Cyanopsitta spixii,1988,1988-05-01,T,False,False,,Global
140651433,Plesiolebias xavantei,2022,2018-11-07,EN,True,False,"B2ab(ii,iii,iv,v)",Global
261552930,Tosanoides aphrodite,2025,2024-07-02,LC,True,False,,Global
1816697,Matilebias litzi,2023,2022-05-18,VU,True,False,"B1ab(ii,iii)",Global
280987561,Contopus nigrescens,2025,2025-06-04,LC,True,False,,Global
118651881,Contopus nigrescens,2017,2016-10-01,LC,False,False,,Global
93749884,Contopus nigrescens,2016,2016-10-01,LC,False,False,,Global
110735432,Contopus nigrescens,2017,2016-10-01,LC,False,False,,Global
39103517,Contopus nigrescens,2012,2012-05-01,LC,False,False,,Global
26355592,Contopus nigrescens,2009,2009-05-01,LC,False,False,,Global
26355982,Contopus nigrescens,2008,2008-05-01,LC,False,False,,Global
26351733,Contopus nigrescens,2004,2004-05-01,LC,False,False,,Global
26352384,Contopus nigrescens,2000,2000-05-01,LR/lc,False,False,,Global
26353016,Contopus nigrescens,1994,1994-05-01,LR/lc,False,False,,Global
26353349,Contopus nigrescens,1988,1988-05-01,LR/lc,False,False,,Global
75159771,Amphisbaena carvalhoi,2021,2012-12-31,EN,True,False,B1ab(iii),Global
132640680,Diomedea exulans,2018,2018-08-07,VU,True,False,A4bd,Global
110676747,Diomedea exulans,2017,2016-10-01,VU,False,False,A4bd,Global
93677003,Diomedea exulans,2016,2016-10-01,VU,False,False,A4bd,Global
38939569,Diomedea exulans,2012,2012-05-01,VU,False,False,A4bd,Global
27214355,Diomedea exulans,2010,2010-05-01,VU,False,False,A4bd,Global
27215898,Diomedea exulans,2008,2008-05-01,VU,False,False,A4bd,Global
27217398,Diomedea exulans,2007,2007-05-01,VU,False,False,A4bd,Global
27218687,Diomedea exulans,2005,2005-05-01,VU,False,False,A4bd,Global
27219840,Diomedea exulans,2004,2004-05-01,VU,False,False,A4bd,Global
27221183,Diomedea exulans,2003,2003-05-01,VU,False,False,A4bd,Global
27222768,Diomedea exulans,2000,2000-05-01,VU,False,False,,Global
27224202,Diomedea exulans,1996,1996-05-01,VU,False,False,,Global
27225556,Diomedea exulans,1994,1994-05-01,NR,False,False,,Global
27226447,Diomedea exulans,1988,1988-05-01,NR,False,False,,Global
70419714,Microspathodon chrysurus,2015,2014-01-09,LC,True,False,,Gulf of Mexico
1902927,Microspathodon chrysurus,2015,2010-11-15,LC,True,False,,Global
216939985,Lipaugus conditus,2022,2022-05-10,VU,True,False,D1,Global
93793678,Lipaugus conditus,2016,2016-10-01,VU,False,False,D1,Global
61730192,Lipaugus conditus,2014,2014-07-24,VU,False,False,D1,Global
37964535,Lipaugus conditus,2012,2012-05-01,VU,False,False,D1+2,Global
36397237,Lipaugus conditus,2008,2008-05-01,VU,False,False,D2,Global
36398066,Lipaugus conditus,2004,2004-05-01,VU,False,False,D2,Global
36399138,Lipaugus conditus,2000,2000-05-01,VU,False,False,C1+2a(i);D2,Global
36399907,Lipaugus conditus,1996,1996-05-01,VU,False,False,,Global
36400357,Lipaugus conditus,1994,1994-05-01,VU,False,False,,Global
36401143,Lipaugus conditus,1988,1988-05-01,T,False,False,,Global
134691717,Astyanax eremus,2021,2018-11-07,CR,True,False,B2ab(iii),Global
17973161,Plecturocebus bernhardi,2018,2015-01-26,LC,True,False,,Global
10479950,Plecturocebus bernhardi,2008,2008-06-30,LC,False,False,,Global
10480029,Plecturocebus bernhardi,2003,2003-04-30,LC,False,False,,Global
1820774,Simpsonichthys zonatus,2022,2018-11-07,CR,True,False,"B2ab(i,ii,iii,iv)",Global
140708863,Rhamdiopsis krugi,2021,2018-11-07,VU,True,False,B1ab(iii),Global
1815032,Notholebias cruzi,2023,2018-11-07,CR,True,False,"B2ab(i,ii,iii,iv)",Global
506633,Lutjanus cyanopterus,2016,2015-10-10,VU,True,False,A2bd,Global
84806890,Lutjanus cyanopterus,2016,2015-01-05,DD,True,False,,Gulf of Mexico
3341414,Lutjanus cyanopterus,1996,1996-08-01,VU,False,False,A2d,Global
154323982,Leposternon kisteumacheri,2021,2014-08-22,VU,True,False,B1ab(iii),Global
17924560,Alouatta discolor,2020,2020-01-27,VU,False,False,A2c,Global
190416507,Alouatta discolor,2021,2020-01-27,VU,True,False,A2c,Global
10836686,Alouatta discolor,2008,2008-06-30,VU,False,False,A2c,Global
10836890,Alouatta discolor,2003,2003-04-30,LC,False,False,,Global
10836663,Alouatta discolor,1996,1996-08-01,LR/lc,False,False,,Global
263608774,Thamnophilus caerulescens pernambucensis,2024,2024-06-12,LC,True,False,,Global
93824672,Thamnophilus caerulescens pernambucensis,2016,2016-10-01,LC,False,False,,Global
39133272,Thamnophilus caerulescens pernambucensis,2012,2012-05-01,LC,False,False,,Global
36282239,Thamnophilus caerulescens pernambucensis,2009,2009-05-01,LC,False,False,,Global
36282738,Thamnophilus caerulescens pernambucensis,2008,2008-05-01,LC,False,False,,Global
36283253,Thamnophilus caerulescens pernambucensis,2004,2004-05-01,LC,False,False,,Global
36283814,Thamnophilus caerulescens pernambucensis,2000,2000-05-01,LR/lc,False,False,,Global
36284247,Thamnophilus caerulescens pernambucensis,1994,1994-05-01,LR/lc,False,False,,Global
36284715,Thamnophilus caerulescens pernambucensis,1988,1988-05-01,LR/lc,False,False,,Global
44876342,Choranthias salmopunctatus,2015,2013-06-10,LC,True,False,,Global
5437586,Choranthias salmopunctatus,1996,1996-08-01,VU,False,False,D2,Global
263996177,Thamnomanes caesius caesius,2024,2024-06-12,LC,True,False,,Global
93828950,Thamnomanes caesius caesius,2016,2016-10-01,LC,False,False,,Global
39142910,Thamnomanes caesius caesius,2012,2012-05-01,LC,False,False,,Global
36270166,Thamnomanes caesius caesius,2009,2009-05-01,LC,False,False,,Global
36270785,Thamnomanes caesius caesius,2008,2008-05-01,LC,False,False,,Global
36271147,Thamnomanes caesius caesius,2004,2004-05-01,LC,False,False,,Global
36271722,Thamnomanes caesius caesius,2000,2000-05-01,LR/lc,False,False,,Global
36272361,Thamnomanes caesius caesius,1994,1994-05-01,LR/lc,False,False,,Global
36272696,Thamnomanes caesius caesius,1988,1988-05-01,LR/lc,False,False,,Global
141063507,Simpsonichthys cholopteryx,2022,2018-11-07,EN,True,False,B1ab(iii)+2ab(iii),Global
1823479,Kolpotocheirodon figueiredoi,2021,2018-11-07,CR,True,False,B2ab(iii),Global
161705427,Myrmotherula snowi,2021,2020-08-10,CR,True,False,"C2a(i,ii); D",Global
137581714,Myrmotherula snowi,2019,2018-11-01,CR,False,False,"C2a(i,ii); D",Global
128143225,Myrmotherula snowi,2018,2016-10-01,CR,False,False,"C2a(i,ii); D",Global
94865347,Myrmotherula snowi,2016,2016-10-01,CR,False,False,"C2a(i,ii); D",Global
79846906,Myrmotherula snowi,2015,2015-10-01,CR,False,False,"C2a(i,ii); D",Global
38313254,Myrmotherula snowi,2012,2012-05-01,CR,False,False,C2a(i);D,Global
31403575,Myrmotherula snowi,2010,2010-05-01,CR,False,False,"B1ab(i,ii,iii,v)",Global
31404566,Myrmotherula snowi,2009,2009-05-01,CR,False,False,"B1ab(i,ii,iii,v)",Global
31405213,Myrmotherula snowi,2008,2008-05-01,CR,False,False,"B1ab(i,ii,iii,v)",Global
31406157,Myrmotherula snowi,2004,2004-05-01,CR,False,False,"B1ab(i,ii,iii,v)",Global
31407005,Myrmotherula snowi,2000,2000-05-01,CR,False,False,"B1ab(i,ii,iii,v)",Global
31407796,Myrmotherula snowi,1996,1996-05-01,CR,False,False,,Global
31408517,Myrmotherula snowi,1994,1994-05-01,CR,False,False,,Global
31409067,Myrmotherula snowi,1988,1988-05-01,NR,False,False,,Global
254541895,Sparisoma rocha,2025,2024-07-02,EN,True,False,B2ab(iii),Global
139556038,Leptopanchax splendens,2022,2018-11-07,CR,True,False,"B2ab(i,ii,iii,iv)",Global
12411256,Leptopanchax splendens,1996,1996-08-01,VU,False,False,B1+2ac+3bd,Global
12411214,Leptopanchax splendens,1994,1994-01-01,E,False,False,,Global
12411291,Leptopanchax splendens,1990,1990-01-01,E,False,False,,Global
12411312,Leptopanchax splendens,1988,1988-01-01,E,False,False,,Global
12411235,Leptopanchax splendens,1986,1986-01-01,I,False,False,,Global
134890404,Trachylepis atlantica,2019,2014-08-04,LC,True,False,,Global
889416,Potamotrygon signata,2025,2024-12-26,VU,True,False,A2cde,Global
5430818,Potamotrygon signata,2009,2003-06-24,DD,False,False,,Global
161737866,Paraclaravis geoffroyi,2025,2025-06-19,CR,True,False,D,Global
125046717,Paraclaravis geoffroyi,2018,2016-10-01,CR,False,False,C2a(i),Global
93290412,Paraclaravis geoffroyi,2016,2016-10-01,CR,False,False,C2a(i),Global
37885204,Paraclaravis geoffroyi,2012,2012-05-01,CR,False,False,C2a(i),Global
26078446,Paraclaravis geoffroyi,2010,2010-05-01,CR,False,False,C2a(i),Global
26079125,Paraclaravis geoffroyi,2009,2009-05-01,CR,False,False,C2a(i),Global
26080234,Paraclaravis geoffroyi,2008,2008-05-01,CR,False,False,C2a(i),Global
26081340,Paraclaravis geoffroyi,2006,2006-05-01,CR,False,False,C2a(i),Global
26081922,Paraclaravis geoffroyi,2004,2004-05-01,CR,False,False,C2a(i),Global
26082946,Paraclaravis geoffroyi,2000,2000-05-01,EN,False,False,C2a(i),Global
26083495,Paraclaravis geoffroyi,1996,1996-05-01,CR,False,False,,Global
26084392,Paraclaravis geoffroyi,1994,1994-05-01,CR,False,False,,Global
26085318,Paraclaravis geoffroyi,1988,1988-05-01,T,False,False,,Global
887217,Pseudobatos percellens,2020,2020-07-05,EN,True,False,A2cd,Global
103935456,Pseudobatos percellens,2016,2004-06-18,NT,False,False,,Global
5408748,Pseudobatos percellens,2009,2004-06-16,NT,False,False,,Global
141104708,Sternarchogiton zuanoni,2022,2018-11-07,VU,True,False,D2,Global
123739564,Atractus ronnie,2020,2012-12-31,EN,True,False,B1ab(iii)+2ab(iii),Global
136931036,Knodus dorsomaculatus,2023,2022-05-18,EN,True,False,"B1ab(i,iii,iv)",Global
159253887,Eurolophosaurus amathites,2021,2014-08-04,EN,True,False,B1ab(iii),Global
7576237,Eurolophosaurus amathites,2010,2009-06-30,DD,False,False,,Global
145942968,Leptagrion bocainense,2021,2019-02-04,DD,True,False,,Global
136895039,Hypsolebias marginatus,2022,2018-11-07,CR,True,False,"B2ab(ii,iii,iv,v)",Global
241150680,Cerdale fasciata,2025,2024-01-29,DD,True,False,,Global
264090432,Phlegopsis borbae,2024,2024-06-12,LC,True,False,,Global
93855335,Phlegopsis borbae,2016,2016-10-01,LC,False,False,,Global
39187182,Phlegopsis borbae,2012,2012-05-01,LC,False,False,,Global
32944983,Phlegopsis borbae,2009,2009-05-01,LC,False,False,,Global
32945635,Phlegopsis borbae,2008,2008-05-01,LC,False,False,,Global
32946068,Phlegopsis borbae,2004,2004-05-01,LC,False,False,,Global
32946437,Phlegopsis borbae,2000,2000-05-01,LR/lc,False,False,,Global
32947028,Phlegopsis borbae,1994,1994-05-01,LR/lc,False,False,,Global
32947148,Phlegopsis borbae,1988,1988-05-01,LR/lc,False,False,,Global
17927228,Brachyteles arachnoides,2019,2019-03-18,CR,False,False,A2cd,Global
191692658,Brachyteles arachnoides,2021,2019-03-18,CR,True,False,A2cd,Global
9529160,Brachyteles arachnoides,2008,2008-06-30,EN,False,False,C1,Global
9529425,Brachyteles arachnoides,2003,2003-04-30,EN,False,False,C2a(i),Global
9529129,Brachyteles arachnoides,2000,2000-06-30,CR,False,False,"B1+2abcde, C2a",Global
9529108,Brachyteles arachnoides,1996,1996-08-01,EN,False,False,"B1+2abcde, C2a",Global
9529512,Brachyteles arachnoides,1994,1994-01-01,E,False,False,,Global
9529495,Brachyteles arachnoides,1990,1990-01-01,E,False,False,,Global
9529563,Brachyteles arachnoides,1988,1988-01-01,E,False,False,,Global
9529546,Brachyteles arachnoides,1986,1986-01-01,E,False,False,,Global
9529529,Brachyteles arachnoides,1982,1982-01-01,E,False,False,,Global
1816652,Amatolebias varzeae,2022,2018-11-07,VU,True,False,D2,Global
115990126,Hylodes glaber,2023,2021-04-09,CR,True,True,D,Global
11568889,Hylodes glaber,2004,2004-04-30,DD,False,False,,Global
155966376,Cotinga maculata,2019,2019-08-05,CR,True,False,C2a(i),Global
110781901,Cotinga maculata,2017,2016-10-01,EN,False,False,"B1ab(i,ii,iii,iv,v);C2a(i)",Global
93802174,Cotinga maculata,2016,2016-10-01,EN,False,False,"B1ab(i,ii,iii,iv,v);C2a(i)",Global
37982247,Cotinga maculata,2012,2012-05-01,EN,False,False,"B1ab(i,ii,iii,iv,v);C2a(i)",Global
26573540,Cotinga maculata,2008,2008-05-01,EN,False,False,"B1ab(i,ii,iii,iv,v);C2a(i)",Global
26574812,Cotinga maculata,2004,2004-05-01,EN,False,False,"B1ab(i,ii,iii,iv,v);C2a(i)",Global
26575373,Cotinga maculata,2000,2000-05-01,EN,False,False,"B1ab(i,ii,iii,iv,v);C2a(i)",Global
26575927,Cotinga maculata,1996,1996-05-01,EN,False,False,,Global
26576647,Cotinga maculata,1994,1994-05-01,EN,False,False,,Global
26577356,Cotinga maculata,1988,1988-05-01,T,False,False,,Global
264051259,Chamaeza nobilis fulvipectus,2024,2024-06-12,LC,True,False,,Global
93910113,Chamaeza nobilis fulvipectus,2016,2016-10-01,LC,False,False,,Global
39186167,Chamaeza nobilis fulvipectus,2012,2012-05-01,LC,False,False,,Global
25548099,Chamaeza nobilis fulvipectus,2009,2009-05-01,LC,False,False,,Global
25548546,Chamaeza nobilis fulvipectus,2008,2008-05-01,LC,False,False,,Global
25549028,Chamaeza nobilis fulvipectus,2004,2004-05-01,LC,False,False,,Global
25549489,Chamaeza nobilis fulvipectus,2000,2000-05-01,LR/lc,False,False,,Global
25550079,Chamaeza nobilis fulvipectus,1994,1994-05-01,LR/lc,False,False,,Global
25550358,Chamaeza nobilis fulvipectus,1988,1988-05-01,LR/lc,False,False,,Global
130119803,Discosura langsdorffi langsdorffi,2018,2018-08-06,LC,True,False,,Global
93146038,Discosura langsdorffi langsdorffi,2016,2016-10-01,LC,False,False,,Global
40485250,Discosura langsdorffi langsdorffi,2012,2012-05-01,LC,False,False,,Global
27243984,Discosura langsdorffi langsdorffi,2009,2009-05-01,LC,False,False,,Global
27244251,Discosura langsdorffi langsdorffi,2008,2008-05-01,LC,False,False,,Global
27245033,Discosura langsdorffi langsdorffi,2004,2004-05-01,LC,False,False,,Global
27245392,Discosura langsdorffi langsdorffi,2000,2000-05-01,LR/lc,False,False,,Global
27245754,Discosura langsdorffi langsdorffi,1994,1994-05-01,LR/lc,False,False,,Global
27246287,Discosura langsdorffi langsdorffi,1988,1988-05-01,LR/lc,False,False,,Global
134695015,Brycon gouldingi,2021,2018-11-07,EN,True,False,A4c,Global
154324465,Leposoma annectans,2021,2013-10-11,LC,True,False,,Global
263689601,Phlegopsis nigromaculata confinis,2024,2024-06-12,LC,True,False,,Global
93854954,Phlegopsis nigromaculata confinis,2016,2016-10-01,LC,False,False,,Global
39182979,Phlegopsis nigromaculata confinis,2012,2012-05-01,LC,False,False,,Global
32937764,Phlegopsis nigromaculata confinis,2009,2009-05-01,LC,False,False,,Global
32938340,Phlegopsis nigromaculata confinis,2008,2008-05-01,LC,False,False,,Global
32938904,Phlegopsis nigromaculata confinis,2004,2004-05-01,LC,False,False,,Global
32939435,Phlegopsis nigromaculata confinis,2000,2000-05-01,LR/lc,False,False,,Global
32939727,Phlegopsis nigromaculata confinis,1994,1994-05-01,LR/lc,False,False,,Global
32940097,Phlegopsis nigromaculata confinis,1988,1988-05-01,LR/lc,False,False,,Global
1821344,Paragenidens grandoculis,2024,2020-10-27,LC,True,False,,Global
136895145,Hypsolebias multiradiatus,2023,2022-05-18,EN,True,False,B2ab(iii),Global
179621403,Millepora braziliensis,2022,2022-02-17,CR,True,False,A3c,Global
3707937,Millepora braziliensis,2008,2008-01-01,DD,False,False,,Global
1963937,Elacatinus phthirophagus,2025,2024-01-29,EN,True,False,B1ab(iii)+2ab(iii),Global
739675,Euryoryzomys lamia,2018,2017-02-28,VU,True,False,"B2ab(i,iii)",Global
4890429,Euryoryzomys lamia,2008,2008-06-30,EN,False,False,A2c+3c,Global
4890573,Euryoryzomys lamia,1996,1996-08-01,LR/lc,False,False,,Global
3138205,Acanthochelys macrocephala,2018,2018-01-25,NT,False,False,A4c,Global
144765482,Acanthochelys macrocephala,2018,2018-01-25,NT,True,False,A4c,Global
139563731,Microglanis maculatus,2022,2018-11-07,LC,True,False,,Global
154324120,Amphisbaena littoralis,2021,2014-08-22,DD,True,False,,Global
139558766,Maratecoara splendida,2022,2018-11-07,VU,True,False,D2,Global
210332902,Eleoscytalopus psychopompus,2022,2021-11-05,EN,True,False,B1ab(iii),Global
110979829,Eleoscytalopus psychopompus,2017,2016-10-01,EN,False,False,C2a(i),Global
93927339,Eleoscytalopus psychopompus,2016,2016-10-01,EN,False,False,C2a(i),Global
83649974,Eleoscytalopus psychopompus,2015,2015-10-01,EN,False,False,C2a(i),Global
38318138,Eleoscytalopus psychopompus,2012,2012-05-01,CR,False,False,"B1ab(i,ii,iii,iv,v)",Global
37771324,Eleoscytalopus psychopompus,2010,2010-05-01,CR,False,False,"B1ab(i,ii,iii,iv,v)",Global
37772144,Eleoscytalopus psychopompus,2009,2009-05-01,CR,False,False,"B1ab(i,ii,iii,iv,v)",Global
37772890,Eleoscytalopus psychopompus,2008,2008-05-01,CR,False,False,"B1ab(i,ii,iii,iv,v)",Global
37773633,Eleoscytalopus psychopompus,2006,2006-05-01,CR,False,False,"B1ab(i,ii,iii,iv,v)",Global
37774444,Eleoscytalopus psychopompus,2004,2004-05-01,CR,False,False,D,Global
37758891,Eleoscytalopus psychopompus,2000,2000-05-01,CR,False,False,D,Global
37759292,Eleoscytalopus psychopompus,1996,1996-05-01,EN,False,False,,Global
37759969,Eleoscytalopus psychopompus,1994,1994-05-01,EN,False,False,,Global
37760632,Eleoscytalopus psychopompus,1988,1988-05-01,NR,False,False,,Global
156172606,Formicivora acutirostris,2019,2019-08-07,NT,True,False,"B2ab(ii,iii,iv,v)",Global
94868281,Formicivora acutirostris,2016,2016-10-01,EN,False,False,"B1ab(i,ii,iii,v)",Global
85097215,Formicivora acutirostris,2012,2012-05-01,EN,False,False,"B1ab(i,ii,iii,v)",Global
38081529,Formicivora acutirostris,2012,2012-05-01,EN,False,False,"B1ab(i,ii,iii,v)",Global
35757619,Formicivora acutirostris,2008,2008-05-01,EN,False,False,"B1ab(i,ii,iii,v)",Global
35759251,Formicivora acutirostris,2004,2004-05-01,EN,False,False,"B1ab(i,ii,iii,v)",Global
35759808,Formicivora acutirostris,2000,2000-05-01,EN,False,False,"B1ab(i,ii,iii,v)",Global
35761454,Formicivora acutirostris,1994,1994-05-01,NR,False,False,,Global
35762783,Formicivora acutirostris,1988,1988-05-01,NR,False,False,,Global
173824600,Cambeva pascuali,2021,2021-01-26,VU,True,False,D2,Global
140648899,Pimelodella spelaea,2021,2018-11-07,CR,True,False,B2ab(iii),Global
139547663,Lebiasina minuta,2023,2018-11-17,VU,True,False,D2,Global
54010576,Leopardus guttulus,2016,2014-05-10,VU,True,False,C1,Global
138226913,Campylorhamphus trochilirostris trochilirostris,2020,2020-02-14,LC,True,False,,Global
93907944,Campylorhamphus trochilirostris trochilirostris,2016,2016-10-01,LC,False,False,,Global
39243567,Campylorhamphus trochilirostris trochilirostris,2012,2012-05-01,LC,False,False,,Global
25036414,Campylorhamphus trochilirostris trochilirostris,2009,2009-05-01,LC,False,False,,Global
25037389,Campylorhamphus trochilirostris trochilirostris,2008,2008-05-01,LC,False,False,,Global
25038005,Campylorhamphus trochilirostris trochilirostris,2004,2004-05-01,LC,False,False,,Global
25038407,Campylorhamphus trochilirostris trochilirostris,2000,2000-05-01,LR/lc,False,False,,Global
25038973,Campylorhamphus trochilirostris trochilirostris,1994,1994-05-01,LR/lc,False,False,,Global
25039681,Campylorhamphus trochilirostris trochilirostris,1988,1988-05-01,LR/lc,False,False,,Global
160756258,Juscelinomys candango,2019,2017-08-22,EX,True,False,,Global
22384270,Juscelinomys candango,2019,2017-08-22,EX,False,False,,Global
3228892,Juscelinomys candango,2008,2008-06-30,EX,False,False,,Global
3228969,Juscelinomys candango,1996,1996-08-01,LR/nt,False,False,,Global
3228873,Juscelinomys candango,1994,1994-01-01,E,False,False,,Global
3092243,Mustelus schmitti,2020,2019-07-01,CR,True,False,A2bd,Global
12318268,Mustelus schmitti,2006,2006-01-31,EN,False,False,A2bd+3bd+4bd,Global
1814469,Garcialebias reicherti,2023,2021-02-17,EN,True,False,B1ab(iii)+2ab(iii),Global
166283090,Sterna dougallii,2021,2020-12-18,LC,True,False,,Europe
132260491,Sterna dougallii,2018,2018-08-07,LC,True,False,,Global
118624109,Sterna dougallii,2017,2016-10-01,LC,False,False,,Global
111667898,Sterna dougallii,2017,2016-10-01,LC,False,False,,Global
86779648,Sterna dougallii,2016,2016-10-01,LC,False,False,,Global
60098531,Sterna dougallii,2015,2015-03-31,LC,False,False,,Europe
38858309,Sterna dougallii,2012,2012-05-01,LC,False,False,,Global
85093166,Sterna dougallii,2012,2012-05-01,LC,False,False,,Global
35577520,Sterna dougallii,2009,2009-05-01,LC,False,False,,Global
35578856,Sterna dougallii,2008,2008-05-01,LC,False,False,,Global
35581836,Sterna dougallii,2004,2004-05-01,LC,False,False,,Global
35584452,Sterna dougallii,2000,2000-05-01,LR/lc,False,False,,Global
35587055,Sterna dougallii,1994,1994-05-01,LR/lc,False,False,,Global
35590028,Sterna dougallii,1988,1988-05-01,NT,False,False,,Global
263799613,Stigmatura napensis napensis,2024,2024-06-12,LC,True,False,,Global
112284739,Stigmatura napensis napensis,2017,2016-10-01,LC,False,False,,Global
93728340,Stigmatura napensis napensis,2016,2016-10-01,LC,False,False,,Global
17936805,Callithrix flaviceps,2020,2019-07-15,CR,False,False,A2ace,Global
191700879,Callithrix flaviceps,2021,2019-07-15,CR,True,False,A2ace,Global
9951402,Callithrix flaviceps,2008,2008-06-30,EN,False,False,C2a(i),Global
9951625,Callithrix flaviceps,2003,2003-04-30,EN,False,False,C2a(i),Global
9951352,Callithrix flaviceps,2000,2000-06-30,EN,False,False,"B1+2abcde, C2a",Global
9951377,Callithrix flaviceps,1996,1996-08-01,EN,False,False,"B1+2abcde, C2a",Global
9951745,Callithrix flaviceps,1994,1994-01-01,E,False,False,,Global
9951694,Callithrix flaviceps,1990,1990-01-01,E,False,False,,Global
9951677,Callithrix flaviceps,1988,1988-01-01,E,False,False,,Global
9951728,Callithrix flaviceps,1986,1986-01-01,E,False,False,,Global
9951711,Callithrix flaviceps,1982,1982-01-01,E,False,False,,Global
161684709,Apostolepis thalesdelemai,2021,2019-11-07,LC,True,False,,Global
129471526,Mussismilia harttii,2022,2021-07-26,EN,True,False,A2bc,Global
3787489,Mussismilia harttii,2008,2008-01-01,DD,False,False,,Global
21215181,Bombus bellicosus,2016,2013-01-15,DD,True,False,,Global
1821619,Hasemania melanura,2022,2018-11-07,CR,True,True,D,Global
123740227,Phalotris lativittatus,2019,2012-12-31,NT,True,False,B2ab(iii),Global
1821059,Jenynsia sanctaecatarinae,2022,2018-11-07,EN,True,False,B1ab(iii),Global
134884822,Heterodactylus septentrionalis,2021,2014-08-04,EN,True,False,B1ab(iii),Global
70615028,Sapajus robustus,2019,2015-01-26,EN,False,False,A2cd+4cd,Global
192592444,Sapajus robustus,2021,2015-01-26,EN,True,False,A2cd+4cd,Global
70614762,Sapajus robustus,2015,2008-07-01,EN,False,False,A2c,Global
10735421,Sapajus robustus,2008,2008-06-30,EN,False,False,A2c,Global
10735613,Sapajus robustus,2003,2003-04-30,VU,False,False,"B2ab(i,ii,iii,iv,v); C2a(i)",Global
10735663,Sapajus robustus,2000,2000-01-01,VU,False,False,,Global
10735377,Sapajus robustus,1996,1996-08-01,VU,False,False,B1+2c,Global
10735684,Sapajus robustus,1996,1996-01-01,VU,False,False,,Global
10735400,Sapajus robustus,1994,1994-01-01,V,False,False,,Global
3403438,Megalobulimus parafragilior,1996,1996-08-01,EN,True,False,D,Global
2995765,Mustelus fasciatus,2020,2019-07-01,CR,True,False,A2bd,Global
10908329,Mustelus fasciatus,2004,2004-04-30,CR,False,False,A2abd+3bd+4abd,Global
152638280,Clytoctantes atrogularis,2023,2023-06-18,NT,True,False,C1+2a(ii),Global
110785170,Clytoctantes atrogularis,2017,2016-10-01,VU,False,False,C2a(ii),Global
93826158,Clytoctantes atrogularis,2016,2016-10-01,VU,False,False,C2a(ii),Global
38309940,Clytoctantes atrogularis,2012,2012-05-01,VU,False,False,C2a(ii),Global
26091790,Clytoctantes atrogularis,2008,2008-05-01,VU,False,False,C2a(ii),Global
26092635,Clytoctantes atrogularis,2004,2004-05-01,CR,False,False,"B1ab(i,ii,iii,v);C2a(ii);D",Global
26093182,Clytoctantes atrogularis,2000,2000-05-01,CR,False,False,"B1ab(i,ii,iii,v);C2b",Global
26093877,Clytoctantes atrogularis,1996,1996-05-01,DD,False,False,,Global
26094388,Clytoctantes atrogularis,1994,1994-05-01,DD,False,False,,Global
26094921,Clytoctantes atrogularis,1988,1988-05-01,LR/lc,False,False,,Global
70613454,Sapajus libidinosus,2019,2015-01-26,NT,False,False,A2acd,Global
192593226,Sapajus libidinosus,2021,2015-01-26,NT,True,False,A2acd,Global
70613080,Sapajus libidinosus,2015,2008-07-01,LC,False,False,,Global
4278264,Sapajus libidinosus,2008,2008-06-30,LC,False,False,,Global
118456478,Pionus reichenowi,2017,2017-10-01,VU,False,False,C2a(i),Global
176949676,Pionus reichenowi,2020,2017-10-01,VU,True,False,C2a(i),Global
95153804,Pionus reichenowi,2016,2016-10-01,LC,False,False,,Global
45429901,Pionus reichenowi,2014,2014-07-24,LC,False,False,,Global
141105034,Sternarchorhynchus caboclo,2021,2018-11-07,VU,True,False,D2,Global
2954286,Carcharhinus galapagensis,2019,2018-12-07,LC,True,False,,Global
10550977,Carcharhinus galapagensis,2003,2003-04-30,NT,False,False,,Global
172881351,Augastes lumachella,2020,2020-10-06,NT,True,False,"B2ab(i,ii,iii,iv)",Global
155856591,Augastes lumachella,2019,2019-08-02,NT,False,False,"B2ab(ii,iii)",Global
93182122,Augastes lumachella,2016,2016-10-01,NT,False,False,B1b(i),Global
37916446,Augastes lumachella,2012,2012-05-01,NT,False,False,"B1ab(i,ii,iii,v)",Global
24253208,Augastes lumachella,2008,2008-05-01,NT,False,False,"B1ab(i,ii,iii,v)",Global
24253836,Augastes lumachella,2004,2004-05-01,NT,False,False,"B1ab(i,ii,iii,v)",Global
24254328,Augastes lumachella,2000,2000-05-01,LR/nt,False,False,,Global
24254780,Augastes lumachella,1994,1994-05-01,LR/nt,False,False,,Global
24255445,Augastes lumachella,1988,1988-05-01,NT,False,False,,Global
154323396,Leposternon octostegum,2021,2014-08-22,EN,True,False,B1ab(iii),Global
136891399,Hypsolebias guanambi,2022,2018-11-07,VU,True,False,D2,Global
264300003,Tangara velia signata,2024,2024-06-12,LC,True,False,,Global
119558614,Tangara velia signata,2017,2016-10-01,LC,False,False,,Global
95033298,Tangara velia signata,2016,2016-10-01,LC,False,False,,Global
36073939,Tangara velia signata,2008,2008-05-01,NR,False,False,,Global
36074400,Tangara velia signata,2007,2007-05-01,NR,False,False,,Global
36074727,Tangara velia signata,2004,2004-05-01,LC,False,False,,Global
36075103,Tangara velia signata,2000,2000-05-01,LR/lc,False,False,,Global
36075422,Tangara velia signata,1994,1994-05-01,NR,False,False,,Global
36075954,Tangara velia signata,1988,1988-05-01,NR,False,False,,Global
132641187,Diomedea epomophora,2018,2018-08-07,VU,True,False,D2,Global
110677782,Diomedea epomophora,2017,2016-10-01,VU,False,False,D2,Global
93677961,Diomedea epomophora,2016,2016-10-01,VU,False,False,D2,Global
38945725,Diomedea epomophora,2012,2012-05-01,VU,False,False,D2,Global
27219358,Diomedea epomophora,2010,2010-05-01,VU,False,False,D2,Global
27220701,Diomedea epomophora,2008,2008-05-01,VU,False,False,D2,Global
27222300,Diomedea epomophora,2007,2007-05-01,VU,False,False,D2,Global
27223733,Diomedea epomophora,2005,2005-05-01,VU,False,False,D2,Global
27225096,Diomedea epomophora,2004,2004-05-01,VU,False,False,D2,Global
27226899,Diomedea epomophora,2003,2003-05-01,VU,False,False,D2,Global
27228163,Diomedea epomophora,2000,2000-05-01,VU,False,False,,Global
27229410,Diomedea epomophora,1994,1994-05-01,NR,False,False,,Global
27230421,Diomedea epomophora,1988,1988-05-01,NR,False,False,,Global
246476658,Laniisoma elegans,2025,2025-05-19,LC,True,False,,Global
119431453,Laniisoma elegans,2017,2016-10-01,NT,False,False,A2c+3c+4c,Global
95037823,Laniisoma elegans,2016,2016-10-01,NT,False,False,A2c+3c+4c,Global
29669531,Laniisoma elegans,2008,2008-05-01,NR,False,False,,Global
29669755,Laniisoma elegans,2006,2006-05-01,NR,False,False,,Global
29670257,Laniisoma elegans,2004,2004-05-01,NT,False,False,A2c+3c,Global
29670812,Laniisoma elegans,2000,2000-05-01,VU,False,False,"A1c+2c;B1ab(i,ii,iii,iv,v);C1+2a(i)",Global
29671513,Laniisoma elegans,1994,1994-05-01,VU,False,False,,Global
29671825,Laniisoma elegans,1988,1988-05-01,NR,False,False,,Global
199390872,Xiphorhynchus atlanticus,2021,2021-06-29,VU,True,False,C2a(i),Global
112318307,Xiphorhynchus atlanticus,2017,2016-10-01,LC,False,False,,Global
104050355,Xiphorhynchus atlanticus,2016,2016-10-01,LC,False,False,,Global
1814927,Phalloptychus eigenmanni,2022,2018-11-07,CR,True,False,"B2ab(ii,iii,iv,v)",Global
132559155,Thalasseus maximus,2018,2018-08-07,LC,True,False,,Global
93456904,Thalasseus maximus,2016,2016-10-01,LC,False,False,,Global
38847740,Thalasseus maximus,2012,2012-05-01,LC,False,False,,Global
35502310,Thalasseus maximus,2009,2009-05-01,LC,False,False,,Global
35503369,Thalasseus maximus,2008,2008-05-01,LC,False,False,,Global
35505538,Thalasseus maximus,2004,2004-05-01,LC,False,False,,Global
35507687,Thalasseus maximus,2000,2000-05-01,LR/lc,False,False,,Global
35509772,Thalasseus maximus,1994,1994-05-01,LR/lc,False,False,,Global
35510772,Thalasseus maximus,1988,1988-05-01,LR/lc,False,False,,Global
46957794,Epinephelus itajara,2018,2016-11-20,VU,False,False,A2bcd,Global
145206345,Epinephelus itajara,2018,2016-11-20,VU,True,False,A2bcd,Global
70323667,Epinephelus itajara,2015,2014-01-09,EN,True,False,A2bd,Gulf of Mexico
8961414,Epinephelus itajara,2011,2011-03-31,CR,False,False,A2d,Global
22154379,Mazama nana,2015,2015-06-01,VU,True,False,A3cde,Global
9506530,Mazama nana,2008,2008-06-30,DD,False,False,,Global
9506749,Mazama nana,2000,2000-01-01,DD,False,False,,Global
9506510,Mazama nana,1996,1996-08-01,LR/lc,False,False,,Global
261552880,Odontanthias cauoh,2025,2024-07-02,DD,True,False,,Global
172217430,Crossodactylus dantei,2023,2021-04-09,CR,True,False,B1ab(iii)+2ab(iii),Global
11466595,Crossodactylus dantei,2004,2004-04-30,DD,False,False,,Global
141105587,Sternarchorhynchus inpai,2022,2018-11-07,VU,True,False,D2,Global
233710286,Arraia nelmae,2023,2022-04-29,CR,True,False,B1ab(iii),Global
206547044,Leontopithecus caissara,2021,2021-08-14,EN,True,False,"B1ab(iii,iv,v)+2ab(iii,iv,v); C2a(i)",Global
17934846,Leontopithecus caissara,2020,2015-01-26,CR,False,False,C2a(i),Global
192327024,Leontopithecus caissara,2021,2015-01-26,CR,False,False,C2a(i),Global
3289886,Leontopithecus caissara,2008,2008-06-30,CR,False,False,C1,Global
3290072,Leontopithecus caissara,2003,2003-04-30,CR,False,False,C2a(i),Global
3289857,Leontopithecus caissara,2000,2000-06-30,CR,False,False,"B1+2abcde, C2a, D",Global
3289836,Leontopithecus caissara,1996,1996-08-01,CR,False,False,"B1+2abcde, C2a, D",Global
3290141,Leontopithecus caissara,1994,1994-01-01,E,False,False,,Global
3290124,Leontopithecus caissara,1990,1990-01-01,E,False,False,,Global
135332953,Stenocercus quinarius,2019,2014-08-04,LC,True,False,,Global
1820294,Hypsolebias magnificus,2022,2018-11-07,EN,True,False,"B2ab(i,ii,iii,iv,v)",Global
118954406,Amazona vinacea,2017,2017-10-01,EN,True,False,C2a(i),Global
93109194,Amazona vinacea,2016,2016-10-01,EN,False,False,C2a(i),Global
48050817,Amazona vinacea,2013,2013-11-01,EN,False,False,C2a(i),Global
37952834,Amazona vinacea,2012,2012-05-01,EN,False,False,C2a(i),Global
23307602,Amazona vinacea,2009,2009-05-01,EN,False,False,C2a(i),Global
23299311,Amazona vinacea,2008,2008-05-01,VU,False,False,A2cd+3cd;C2a(i),Global
23300329,Amazona vinacea,2004,2004-05-01,VU,False,False,A2cd+3cd;C2a(i),Global
23301203,Amazona vinacea,2000,2000-05-01,EN,False,False,C2a(i),Global
23302014,Amazona vinacea,1996,1996-05-01,EN,False,False,,Global
23302504,Amazona vinacea,1994,1994-05-01,EN,False,False,,Global
23303265,Amazona vinacea,1988,1988-05-01,T,False,False,,Global
215960894,Scytalopus diamantinensis,2022,2022-04-06,EN,True,False,"B1ab(ii,iii)",Global
95127238,Scytalopus diamantinensis,2016,2016-10-01,EN,False,False,"B2ab(ii,iii)",Global
38111764,Scytalopus diamantinensis,2012,2012-05-01,NT,False,False,B1ab(iii),Global
35077886,Scytalopus diamantinensis,2011,2011-05-01,NT,False,False,B1ab(iii),Global
35078670,Scytalopus diamantinensis,2008,2008-05-01,NR,False,False,,Global
35079037,Scytalopus diamantinensis,2004,2004-05-01,NR,False,False,,Global
35079708,Scytalopus diamantinensis,2000,2000-05-01,NR,False,False,,Global
35080220,Scytalopus diamantinensis,1994,1994-05-01,NR,False,False,,Global
35080694,Scytalopus diamantinensis,1988,1988-05-01,NR,False,False,,Global
86256069,Anomaloglossus apiau,2022,2021-04-13,NT,True,False,B1ab(iii),Global
1823179,Ophthalmolebias perpendicularis,2022,2018-11-07,CR,True,True,"B2ab(i,ii,iii,iv,v)",Global
211665605,Millepora laboreli,2022,2021-06-07,DD,True,False,,Global
83157651,Caretta caretta,2015,2015-08-23,VU,False,False,A2b,Global
119333622,Caretta caretta,2017,2015-08-23,VU,True,False,A2b,Global
10159448,Caretta caretta,1996,1996-08-01,EN,False,False,A1abd,Global
10159414,Caretta caretta,1994,1994-01-01,V,False,False,,Global
10159873,Caretta caretta,1990,1990-01-01,V,False,False,,Global
10159890,Caretta caretta,1988,1988-01-01,V,False,False,,Global
10159431,Caretta caretta,1986,1986-01-01,V,False,False,,Global
10159907,Caretta caretta,1982,1982-01-01,V,False,False,,Global
222659847,Thalurania watertonii,2023,2022-10-17,EN,True,False,C2a(i),Global
119410693,Thalurania watertonii,2017,2016-10-01,EN,False,False,"B2ab(ii,iii,v); C2a(i)",Global
93150048,Thalurania watertonii,2016,2016-10-01,EN,False,False,"B2ab(ii,iii,v); C2a(i)",Global
84462116,Thalurania watertonii,2015,2015-10-01,EN,False,False,"B2ab(ii,iii,v); C2a(i)",Global
38157346,Thalurania watertonii,2012,2012-05-01,NT,False,False,"B1ab(i,ii,iii,iv,v)",Global
36250777,Thalurania watertonii,2008,2008-05-01,NT,False,False,"B1ab(i,ii,iii,iv,v)",Global
36251753,Thalurania watertonii,2004,2004-05-01,NT,False,False,"B1ab(i,ii,iii,iv,v)",Global
36252121,Thalurania watertonii,2000,2000-05-01,LR/lc,False,False,,Global
36252939,Thalurania watertonii,1994,1994-05-01,LR/lc,False,False,,Global
36253573,Thalurania watertonii,1988,1988-05-01,LR/lc,False,False,,Global
1820489,Garcialebias arachan,2024,2020-12-10,VU,True,False,B1ab(iii),Global
2908817,Carcharhinus brevipinna,2020,2020-02-11,VU,True,False,A2bd,Global
10182758,Carcharhinus brevipinna,2009,2005-10-01,NT,False,False,,Global
10183422,Carcharhinus brevipinna,2000,2000-06-30,LR/nt,False,False,,Global
3094594,Carcharhinus porosus,2020,2019-06-21,CR,True,False,A2d,Global
2998129,Urotrygon microphthalmum,2020,2019-07-01,CR,True,False,A2d,Global
10913375,Urotrygon microphthalmum,2004,2004-04-30,LC,False,False,,Global
141105730,Sternarchorhynchus villasboasi,2022,2018-11-07,VU,True,False,D2,Global
1817534,Kryptolebias gracilis,2022,2018-11-07,CR,True,False,"B1ab(i,ii,iii,iv)+2ab(i,ii,iii,iv)",Global
1824409,Atlantirivulus nudiventris,2022,2018-11-07,CR,True,False,B2ab(iii),Global
1823584,Nematolebias papilliferus,2022,2018-11-07,CR,True,False,"B2ab(i,ii,iii,iv)",Global
264016680,Odontophorus capueira plumbeicollis,2024,2024-06-12,LC,True,False,,Global
92822247,Odontophorus capueira plumbeicollis,2016,2016-10-01,LC,False,False,,Global
40095621,Odontophorus capueira plumbeicollis,2012,2012-05-01,LC,False,False,,Global
31904133,Odontophorus capueira plumbeicollis,2009,2009-05-01,LC,False,False,,Global
31904753,Odontophorus capueira plumbeicollis,2008,2008-05-01,LC,False,False,,Global
31905325,Odontophorus capueira plumbeicollis,2004,2004-05-01,LC,False,False,,Global
31905658,Odontophorus capueira plumbeicollis,2000,2000-05-01,LR/lc,False,False,,Global
31906183,Odontophorus capueira plumbeicollis,1994,1994-05-01,LR/lc,False,False,,Global
31906498,Odontophorus capueira plumbeicollis,1988,1988-05-01,LR/lc,False,False,,Global
17972422,Callicebus coimbrai,2020,2015-01-26,EN,True,False,"B2ab(ii,iii,iv,v); C2a(i,ii)",Global
10297332,Callicebus coimbrai,2008,2008-06-30,EN,False,False,"B1ab(ii,iii); C2a(i)",Global
10297503,Callicebus coimbrai,2003,2003-04-30,CR,False,False,"B1ab(i,ii,iii); C2a(i); D",Global
10297305,Callicebus coimbrai,2000,2000-06-30,CR,False,False,"B1+2c, C2a",Global
131361562,Scytalopus novacapitalis,2018,2018-08-07,EN,True,False,B2ab(iii),Global
93927092,Scytalopus novacapitalis,2016,2016-10-01,NT,False,False,A2c+3c+4c,Global
38115705,Scytalopus novacapitalis,2012,2012-05-01,NT,False,False,A2c+3c+4c,Global
35046138,Scytalopus novacapitalis,2008,2008-05-01,NT,False,False,A2c+3c+4c,Global
35046642,Scytalopus novacapitalis,2004,2004-05-01,NT,False,False,"A2c+3c;B1ab(i,ii,iii,iv,v)",Global
35047245,Scytalopus novacapitalis,2000,2000-05-01,LR/nt,False,False,,Global
35047863,Scytalopus novacapitalis,1996,1996-05-01,VU,False,False,,Global
35048447,Scytalopus novacapitalis,1994,1994-05-01,VU,False,False,,Global
35048731,Scytalopus novacapitalis,1988,1988-05-01,T,False,False,,Global
123739024,Apostolepis striata,2020,2012-12-31,CR,True,False,B1ab(iii),Global
123740592,Echinanthera cephalomaculata,2020,2012-12-31,CR,True,False,B1ab(iii),Global
197316167,Neomorphus geoffroyi amazonicus,2021,2021-02-23,VU,True,False,A3c+4c,Global
95189833,Neomorphus geoffroyi amazonicus,2016,2016-10-01,VU,False,False,A4cd,Global
84683671,Neomorphus geoffroyi amazonicus,2015,2014-07-26,VU,False,False,A4cd,Global
62144686,Neomorphus geoffroyi amazonicus,2014,2014-07-24,VU,False,False,A4cd,Global
131549743,Hemitriccus mirandae,2018,2018-08-13,VU,True,False,"B2ab(i,ii,iii,v)",Global
110730132,Hemitriccus mirandae,2017,2016-10-01,VU,False,False,"A2c+3c+4c;B1ab(i,ii,iii,v)",Global
93710000,Hemitriccus mirandae,2016,2016-10-01,VU,False,False,"A2c+3c+4c;B1ab(i,ii,iii,v)",Global
38062079,Hemitriccus mirandae,2012,2012-05-01,VU,False,False,"A2c+3c+4c;B1ab(i,ii,iii,v)",Global
29052910,Hemitriccus mirandae,2008,2008-05-01,VU,False,False,"A2c+3c+4c;B1ab(i,ii,iii,v)",Global
29053837,Hemitriccus mirandae,2004,2004-05-01,VU,False,False,"A2c+3c;B1ab(i,ii,iii,v)",Global
29054406,Hemitriccus mirandae,2000,2000-05-01,VU,False,False,"A1c+2c;B1ab(i,ii,iii,v);C1",Global
29055012,Hemitriccus mirandae,1996,1996-05-01,VU,False,False,,Global
29055512,Hemitriccus mirandae,1994,1994-05-01,VU,False,False,,Global
29056002,Hemitriccus mirandae,1988,1988-05-01,LR/lc,False,False,,Global
223485774,Iodopleura pipra leucopygia,2023,2022-11-08,EN,True,False,C2a(i),Global
93798415,Iodopleura pipra leucopygia,2016,2016-10-01,EN,False,False,C2a(i),Global
37958114,Iodopleura pipra leucopygia,2012,2012-05-01,NT,False,False,A2c+3c+4c,Global
29468009,Iodopleura pipra leucopygia,2008,2008-05-01,NT,False,False,A2c+3c+4c,Global
29468769,Iodopleura pipra leucopygia,2004,2004-05-01,NT,False,False,A2c+3c,Global
29469357,Iodopleura pipra leucopygia,2000,2000-05-01,EN,False,False,"B1ab(i,ii,iii,iv,v)",Global
29470063,Iodopleura pipra leucopygia,1996,1996-05-01,VU,False,False,,Global
29470544,Iodopleura pipra leucopygia,1994,1994-05-01,VU,False,False,,Global
29471179,Iodopleura pipra leucopygia,1988,1988-05-01,T,False,False,,Global
176030480,Anodorhynchus leari,2020,2019-01-08,EN,True,False,B2ab(iii),Global
141364064,Anodorhynchus leari,2019,2019-01-08,EN,False,False,B2ab(iii),Global
119259023,Anodorhynchus leari,2017,2016-10-01,EN,False,False,B1ab(iii),Global
93077801,Anodorhynchus leari,2016,2016-10-01,EN,False,False,B1ab(iii),Global
48042913,Anodorhynchus leari,2013,2013-11-01,EN,False,False,B1ab(iii),Global
37862640,Anodorhynchus leari,2012,2012-05-01,EN,False,False,B1ab(iii),Global
23566333,Anodorhynchus leari,2009,2009-05-01,EN,False,False,B1ab(iii),Global
23567237,Anodorhynchus leari,2008,2008-05-01,CR,False,False,C2a(ii),Global
23568353,Anodorhynchus leari,2004,2004-05-01,CR,False,False,C2a(ii),Global
23555217,Anodorhynchus leari,2000,2000-05-01,CR,False,False,C2b,Global
23556275,Anodorhynchus leari,1996,1996-05-01,CR,False,False,,Global
23557159,Anodorhynchus leari,1994,1994-05-01,CR,False,False,,Global
23557539,Anodorhynchus leari,1988,1988-05-01,T,False,False,,Global
152533062,Sclerurus cearensis,2019,2019-06-10,VU,True,False,"B2ab(ii,iii)",Global
104038173,Sclerurus cearensis,2016,2016-10-01,VU,False,False,"B2ab(ii,iii)",Global
123740793,Bothrops muriciensis,2021,2012-12-31,CR,True,False,"B1ab(iii,v)",Global
172279232,Anumara forbesi,2020,2020-07-22,VU,True,False,C2a(i); D1,Global
119070155,Anumara forbesi,2017,2017-10-01,EN,False,False,"B2ab(i,ii,iii,iv,v)",Global
94857550,Anumara forbesi,2016,2016-10-01,EN,False,False,"B1ab(i,ii,iii,iv,v);C2a(i)",Global
38110403,Anumara forbesi,2012,2012-05-01,EN,False,False,"B1ab(i,ii,iii,iv,v);C2a(i)",Global
26759677,Anumara forbesi,2008,2008-05-01,EN,False,False,"B1ab(i,ii,iii,iv,v);C2a(i)",Global
26760741,Anumara forbesi,2004,2004-05-01,EN,False,False,"B1ab(i,ii,iii,iv,v); C2a(i)",Global
26761454,Anumara forbesi,2000,2000-05-01,CR,False,False,"B1ab(i,ii,iii,iv,v)",Global
26762051,Anumara forbesi,1996,1996-05-01,CR,False,False,,Global
26762701,Anumara forbesi,1994,1994-05-01,CR,False,False,,Global
26763334,Anumara forbesi,1988,1988-05-01,T,False,False,,Global
134885149,Placosoma cipoense,2021,2014-08-04,EN,True,False,B1ab(iii),Global
161763825,Phylloscartes ceciliae,2021,2020-08-13,CR,True,False,C2a(i),Global
118807418,Phylloscartes ceciliae,2017,2017-10-01,CR,False,False,C2a(i),Global
93735409,Phylloscartes ceciliae,2016,2016-10-01,EN,False,False,"B1ab(i,ii,iii,v);C2a(ii)",Global
38051079,Phylloscartes ceciliae,2012,2012-05-01,EN,False,False,"B1ab(i,ii,iii,v);C2a(ii)",Global
33104553,Phylloscartes ceciliae,2008,2008-05-01,EN,False,False,"B1ab(i,ii,iii,v)",Global
33105401,Phylloscartes ceciliae,2004,2004-05-01,EN,False,False,"B1ab(i,ii,iii,v)",Global
33106112,Phylloscartes ceciliae,2000,2000-05-01,CR,False,False,"B1ab(i,ii,iii,v)",Global
33106810,Phylloscartes ceciliae,1996,1996-05-01,EN,False,False,,Global
33083675,Phylloscartes ceciliae,1994,1994-05-01,EN,False,False,,Global
33084665,Phylloscartes ceciliae,1988,1988-05-01,T,False,False,,Global
180648528,Adelophryne maranguapensis,2023,2020-12-16,CR,True,False,B1ab(iii)+2ab(iii),Global
11452757,Adelophryne maranguapensis,2004,2004-04-30,EN,False,False,B1ab(iii),Global
166455917,Puffinus lherminieri,2021,2020-12-18,NT,True,False,B2ab(v); C1+2a(ii),Europe
132669169,Puffinus lherminieri,2018,2018-08-07,LC,True,False,,Global
119057331,Puffinus lherminieri,2017,2017-10-01,LC,False,False,,Global
122493382,Puffinus lherminieri,2018,2017-10-01,LC,False,False,,Global
89500127,Puffinus lherminieri,2016,2016-10-01,LC,False,False,,Global
66709587,Puffinus lherminieri,2015,2015-03-31,NT,False,False,B2ab(v); C1+2a(i),Europe
84678618,Puffinus lherminieri,2015,2014-07-26,LC,False,False,,Global
45961659,Puffinus lherminieri,2014,2014-07-24,LC,False,False,,Global
172215007,Sphaenorhynchus bromelicola,2023,2020-12-16,CR,True,False,B1ab(iii),Global
11408022,Sphaenorhynchus bromelicola,2004,2004-04-30,DD,False,False,,Global
118245548,Franciscobasis franciscoi,2019,2018-09-20,CR,True,False,B2ab(iii),Global
21971535,Furipterus horrens,2016,2016-07-01,LC,True,False,,Global
12930554,Furipterus horrens,2008,2008-06-30,LC,False,False,,Global
12930714,Furipterus horrens,1996,1996-08-01,LR/lc,False,False,,Global
263711225,Circus cinereus,2024,2024-06-12,LC,True,False,,Global
93506437,Circus cinereus,2016,2016-10-01,LC,False,False,,Global
40359916,Circus cinereus,2012,2012-05-01,LC,False,False,,Global
25958657,Circus cinereus,2009,2009-05-01,LC,False,False,,Global
25959556,Circus cinereus,2008,2008-05-01,LC,False,False,,Global
25960279,Circus cinereus,2004,2004-05-01,LC,False,False,,Global
25960985,Circus cinereus,2000,2000-05-01,LR/lc,False,False,,Global
25961213,Circus cinereus,1994,1994-05-01,LR/lc,False,False,,Global
25962090,Circus cinereus,1988,1988-05-01,LR/lc,False,False,,Global
1826344,Titanolebias cheradophilus,2024,2020-12-10,VU,True,False,B1ab(iii),Global
56234259,Homonota uruguayensis,2021,2014-11-13,EN,True,False,B2ab(iii),Global
1821589,Garcialebias nigrofasciatus,2022,2018-11-07,EN,True,False,"B1ab(ii,iii)",Global
1826254,Nematolebias whitei,2023,2022-05-18,EN,True,False,"B1ab(i,ii,iii,iv,v)+2ab(i,ii,iii,iv,v)",Global
2911619,Carcharhinus longimanus,2019,2018-11-07,CR,True,False,A2bd,Global
48919886,Carcharhinus longimanus,2015,2014-11-18,EN,True,False,A2b,Europe
85699641,Carcharhinus longimanus,2015,2006-02-01,VU,False,False,A2ad+3d+4ad,Global
10218082,Carcharhinus longimanus,2006,2006-01-31,VU,False,False,A2ad+3d+4ad,Global
10219008,Carcharhinus longimanus,2000,2000-06-30,LR/nt,False,False,,Global
154324810,Amphisbaena arda,2021,2014-08-22,EN,True,False,B1ab(iii),Global
1817804,Mimagoniates sylvicola,2023,2022-05-18,EN,True,False,"B2ab(iii,iv)",Global
123737628,Rodriguesophis chui,2020,2012-12-31,EN,True,False,B1ab(iii),Global
173830188,Cynolebias akroa,2021,2020-12-29,CR,True,False,B1ab(v)+2ab(v),Global
139567055,Moema piriana,2022,2018-11-07,CR,True,False,B1ab(iii),Global
1825324,Pogonopoma obscurum,2022,2022-05-18,VU,True,False,"B2ab(ii,iii)",Global
7504825,Podocnemis sextuberculata,1996,1996-08-01,VU,False,False,A1acd,Global
97397468,Podocnemis sextuberculata,1996,1996-08-01,VU,True,False,A1acd,Global
7504791,Podocnemis sextuberculata,1994,1994-01-01,K,False,False,,Global
7504889,Podocnemis sextuberculata,1990,1990-01-01,K,False,False,,Global
7504906,Podocnemis sextuberculata,1988,1988-01-01,K,False,False,,Global
7504808,Podocnemis sextuberculata,1986,1986-01-01,K,False,False,,Global
7504923,Podocnemis sextuberculata,1982,1982-01-01,K,False,False,,Global
201183089,Myliobatis freminvillei,2021,2019-06-21,VU,True,False,A2bd,Global
891226,Myliobatis freminvillei,2020,2019-06-21,VU,False,False,A2bd,Global
5453661,Myliobatis freminvillei,2009,2007-07-09,DD,False,False,,Global
154324640,Amphisbaena saxosa,2021,2014-08-22,NT,True,False,B1b(iii),Global
85567354,Colossoma macropomum,2024,2020-12-17,NT,True,False,A2bd,Global
140707864,Pseudotocinclus tietensis,2023,2018-11-07,EN,True,False,"B1ab(i,ii,iii,iv)+2ab(i,ii,iii,iv)",Global
6364136,Pseudotocinclus tietensis,2009,2007-03-01,VU,False,False,"B1ab(i,iii,iv,v)",Global
1823374,Ophthalmolebias suzarti,2022,2018-11-07,VU,True,False,D2,Global
9504978,Tomigerus gibberulus,1996,1996-08-01,EX,True,False,,Global
9505008,Tomigerus gibberulus,1996,1996-01-01,EX,False,False,,Global
132656392,Diomedea sanfordi,2018,2018-08-07,EN,True,False,"A4bc; B2ab(iii,v)",Global
112042638,Diomedea sanfordi,2017,2016-10-01,EN,False,False,"A4bc; B2ab(iii,v)",Global
94980154,Diomedea sanfordi,2016,2016-10-01,EN,False,False,"A4bc;B2ab(iii,v)",Global
49338107,Diomedea sanfordi,2013,2013-11-01,EN,False,False,"A4bc;B2ab(iii,v)",Global
40169259,Diomedea sanfordi,2012,2012-05-01,EN,False,False,"A4bc;B2ab(iii,v)",Global
27223295,Diomedea sanfordi,2010,2010-05-01,EN,False,False,"A4bc;B2ab(iii,v)",Global
27224657,Diomedea sanfordi,2008,2008-05-01,EN,False,False,"A4bcd;B2ab(iii,v)",Global
27226011,Diomedea sanfordi,2007,2007-05-01,EN,False,False,"A4bcd;B2ab(iii,v)",Global
27227359,Diomedea sanfordi,2005,2005-05-01,EN,False,False,"A4bc;B2ab(iii,v)",Global
27228624,Diomedea sanfordi,2004,2004-05-01,EN,False,False,"A4bc;B2ab(iii,v)",Global
27229910,Diomedea sanfordi,2003,2003-05-01,EN,False,False,"A4bc;B2ab(iii,v)",Global
27230999,Diomedea sanfordi,2000,2000-05-01,EN,False,False,"A2c;B1ab(iii,v)",Global
27231946,Diomedea sanfordi,1994,1994-05-01,NR,False,False,,Global
27232903,Diomedea sanfordi,1988,1988-05-01,NR,False,False,,Global
3091946,Sphyrna tudes,2020,2019-07-01,CR,True,False,A2bd,Global
12318061,Sphyrna tudes,2006,2006-01-31,VU,False,False,A2ad+3d+4ad,Global
1825264,Campellolebias chrysolineatus,2023,2018-11-07,CR,True,False,"B2ab(i,ii,iii)",Global
172208388,Phrynomedusa marginata,2023,2021-04-09,CR,True,True,D,Global
2908200,Mustelus canis,2021,2019-06-21,NT,True,False,A2bd,Global
10215463,Mustelus canis,2009,2005-10-01,NT,False,False,,Global
10215784,Mustelus canis,2000,2000-06-30,LR/nt,False,False,,Global
1813272,Rachoviscus crassiceps,2023,2022-05-18,VU,True,False,B1ab(iii),Global
199211017,Rhegmatorhina hoffmannsi,2021,2021-07-13,LC,True,False,,Global
93853749,Rhegmatorhina hoffmannsi,2016,2016-10-01,NT,False,False,A3c,Global
39178384,Rhegmatorhina hoffmannsi,2012,2012-05-01,NT,False,False,A3c,Global
34726008,Rhegmatorhina hoffmannsi,2009,2009-05-01,LC,False,False,,Global
34726605,Rhegmatorhina hoffmannsi,2008,2008-05-01,LC,False,False,,Global
34727116,Rhegmatorhina hoffmannsi,2004,2004-05-01,LC,False,False,,Global
34727703,Rhegmatorhina hoffmannsi,2000,2000-05-01,LR/lc,False,False,,Global
34727841,Rhegmatorhina hoffmannsi,1994,1994-05-01,LR/nt,False,False,,Global
34718372,Rhegmatorhina hoffmannsi,1988,1988-05-01,T,False,False,,Global
136896970,Hypsolebias tocantinensis,2022,2018-11-07,CR,True,False,B2ab(iii),Global
136891422,Hypsolebias harmonicus,2022,2018-11-07,VU,True,False,D2,Global
172272430,Plecturocebus grovesi,2020,2020-04-08,CR,True,False,A3c,Global
15181816,Chlorosoma laticeps,2019,2014-11-23,DD,True,False,,Global
244303269,Elaenia ridleyana,2024,2023-09-05,VU,True,False,D1,Global
93722423,Elaenia ridleyana,2016,2016-10-01,VU,False,False,D1,Global
38040278,Elaenia ridleyana,2012,2012-05-01,VU,False,False,D1,Global
27429319,Elaenia ridleyana,2008,2008-05-01,VU,False,False,D1,Global
27430398,Elaenia ridleyana,2004,2004-05-01,VU,False,False,D1,Global
27431083,Elaenia ridleyana,2000,2000-05-01,VU,False,False,D1,Global
27417694,Elaenia ridleyana,1994,1994-05-01,LR/lc,False,False,,Global
27419356,Elaenia ridleyana,1988,1988-05-01,LR/lc,False,False,,Global
199965877,Lepidothrix vilasboasi,2021,2021-04-13,LC,True,False,,Global
93810502,Lepidothrix vilasboasi,2016,2016-10-01,VU,False,False,C2a(ii),Global
50412820,Lepidothrix vilasboasi,2013,2013-11-01,VU,False,False,C2a(ii),Global
37922318,Lepidothrix vilasboasi,2012,2012-05-01,VU,False,False,C2a(ii),Global
29928606,Lepidothrix vilasboasi,2011,2011-05-01,VU,False,False,C2a(ii),Global
29929903,Lepidothrix vilasboasi,2008,2008-05-01,VU,False,False,C2a(ii),Global
29930509,Lepidothrix vilasboasi,2006,2006-05-01,VU,False,False,C2a(ii),Global
29931223,Lepidothrix vilasboasi,2005,2005-05-01,VU,False,False,C2a(ii),Global
29931889,Lepidothrix vilasboasi,2004,2004-05-01,VU,False,False,C2a(ii),Global
29932392,Lepidothrix vilasboasi,2000,2000-05-01,VU,False,False,D2,Global
29933004,Lepidothrix vilasboasi,1996,1996-05-01,VU,False,False,,Global
29933577,Lepidothrix vilasboasi,1994,1994-05-01,VU,False,False,,Global
29934036,Lepidothrix vilasboasi,1988,1988-05-01,T,False,False,,Global
263603243,Thamnophilus aethiops distans,2024,2024-06-12,LC,True,False,,Global
93823125,Thamnophilus aethiops distans,2016,2016-10-01,LC,False,False,,Global
39155190,Thamnophilus aethiops distans,2012,2012-05-01,LC,False,False,,Global
36272873,Thamnophilus aethiops distans,2009,2009-05-01,LC,False,False,,Global
36273492,Thamnophilus aethiops distans,2008,2008-05-01,LC,False,False,,Global
36273993,Thamnophilus aethiops distans,2004,2004-05-01,LC,False,False,,Global
36274301,Thamnophilus aethiops distans,2000,2000-05-01,LR/lc,False,False,,Global
36274915,Thamnophilus aethiops distans,1994,1994-05-01,LR/lc,False,False,,Global
36275375,Thamnophilus aethiops distans,1988,1988-05-01,LR/lc,False,False,,Global
173832397,Hypsolebias splendissimus,2021,2021-01-05,CR,True,True,A2c; B1ab(iii)+2ab(iii),Global
246316367,Cyanocorax hafferi,2024,2023-10-03,NT,True,False,A3c+4c,Global
119211517,Cyanocorax hafferi,2017,2016-10-01,NT,False,False,B2b(ii),Global
104363835,Cyanocorax hafferi,2016,2016-10-01,NT,False,False,B2b(ii),Global
112425875,Cyanocorax hafferi,2017,2016-10-01,NT,False,False,B2b(ii),Global
22190183,Kerodon acrobata,2016,2016-03-01,DD,True,False,,Global
4261599,Kerodon acrobata,2008,2008-06-30,DD,False,False,,Global
17927482,Brachyteles hypoxanthus,2019,2019-03-18,CR,False,False,A2cd,Global
191693399,Brachyteles hypoxanthus,2021,2019-03-18,CR,True,False,A2cd,Global
9529636,Brachyteles hypoxanthus,2008,2008-06-30,CR,False,False,A2cd,Global
9529875,Brachyteles hypoxanthus,2003,2003-04-30,CR,False,False,"B1ab(i,ii,iii,iv,v)+2ab(i,ii,iii,iv,v)",Global
9529607,Brachyteles hypoxanthus,2000,2000-06-30,CR,False,False,"B1+2abcde, C2a",Global
9529584,Brachyteles hypoxanthus,1996,1996-08-01,EN,False,False,"B1+2abcde, C2a",Global
9529935,Brachyteles hypoxanthus,1988,1988-01-01,E,False,False,,Global
96077958,Hylodes mertensi,2023,2021-04-09,CR,True,True,D,Global
11570630,Hylodes mertensi,2004,2004-04-30,DD,False,False,,Global
246422303,Anthus nattereri,2024,2023-10-05,VU,True,False,A2c+3c+4c,Global
111121906,Anthus nattereri,2017,2016-10-01,VU,False,False,A2c,Global
94588970,Anthus nattereri,2016,2016-10-01,VU,False,False,A2c,Global
38123787,Anthus nattereri,2012,2012-05-01,VU,False,False,A2c,Global
23744848,Anthus nattereri,2008,2008-05-01,VU,False,False,A2c,Global
23745679,Anthus nattereri,2004,2004-05-01,VU,False,False,A2c+3c,Global
23746639,Anthus nattereri,2000,2000-05-01,VU,False,False,A1c+2c,Global
23747272,Anthus nattereri,1996,1996-05-01,EN,False,False,,Global
23747827,Anthus nattereri,1994,1994-05-01,EN,False,False,,Global
23748377,Anthus nattereri,1988,1988-05-01,T,False,False,,Global
1815242,Gymnolebias jaegari,2023,2018-11-07,EN,True,False,"B1ab(ii,iii)",Global
2872747,Carcharhinus obscurus,2019,2018-11-06,EN,True,False,A2bd,Global
16527849,Carcharhinus obscurus,2016,2016-03-25,DD,True,False,,Mediterranean
48951881,Carcharhinus obscurus,2015,2014-11-18,DD,True,False,,Europe
10127245,Carcharhinus obscurus,2009,2007-02-14,VU,False,False,A2bd,Global
10127786,Carcharhinus obscurus,2000,2000-06-30,LR/nt,False,False,,Global
10127224,Carcharhinus obscurus,1996,1996-08-01,EN,False,False,A1d+2d,Global
172217029,Crossodactylodes izecksohni,2023,2021-04-09,EN,True,False,B1ab(iii),Global
11465530,Crossodactylodes izecksohni,2004,2004-04-30,NT,False,False,,Global
118968809,Amazona rhodocorytha,2017,2017-10-01,VU,True,False,"B2ab(i,ii,iii,iv,v); C2a(i)",Global
93106057,Amazona rhodocorytha,2016,2016-10-01,EN,False,False,"B1ab(i,ii,iii,v)",Global
48049107,Amazona rhodocorytha,2013,2013-11-01,EN,False,False,"B1ab(i,ii,iii,v)",Global
37941981,Amazona rhodocorytha,2012,2012-05-01,EN,False,False,"B1ab(i,ii,iii,v)",Global
23280362,Amazona rhodocorytha,2008,2008-05-01,EN,False,False,"B1ab(i,ii,iii,v);C2a(i)",Global
23281174,Amazona rhodocorytha,2004,2004-05-01,EN,False,False,"B1ab(i,ii,iii,v);C2a(i)",Global
23282088,Amazona rhodocorytha,2000,2000-05-01,EN,False,False,"B1ab(i,ii,iii,v);C2a(i)",Global
23282944,Amazona rhodocorytha,1996,1996-05-01,EN,False,False,,Global
23283640,Amazona rhodocorytha,1994,1994-05-01,EN,False,False,,Global
23284335,Amazona rhodocorytha,1988,1988-05-01,T,False,False,,Global
50382216,Physeter macrocephalus,2025,2025-05-14,VU,True,False,A1d,Global
283652070,Physeter macrocephalus,2023,2022-12-16,VU,True,False,A1d,Europe
218568250,Physeter macrocephalus,2023,2022-12-16,VU,False,False,A1d,Europe
10554884,Physeter macrocephalus,2008,2008-06-30,VU,False,False,A1d,Global
160983555,Physeter macrocephalus,2019,2008-06-30,VU,False,False,A1d,Global
10554562,Physeter macrocephalus,2007,2007-01-26,VU,False,False,A1d,Europe
2955634,Physeter macrocephalus,2012,2006-09-27,EN,True,False,C2a(ii),Mediterranean
10554198,Physeter macrocephalus,1996,1996-08-01,VU,False,False,A1bd,Global
10555849,Physeter macrocephalus,1996,1996-01-01,VU,False,False,,Global
10554541,Physeter macrocephalus,1994,1994-01-01,K,False,False,,Global
1814259,Leptopanchax citrinipinnis,2022,2018-11-07,CR,True,False,"B2ab(i,ii,iii)",Global
199588470,Campylorhamphus multostriatus,2021,2021-07-12,NT,True,False,A3c+4c,Global
112319176,Campylorhamphus multostriatus,2017,2016-10-01,LC,False,False,,Global
104051694,Campylorhamphus multostriatus,2016,2016-10-01,LC,False,False,,Global
163887639,Phaethon lepturus,2020,2019-12-09,LC,True,False,,Global
131756065,Phaethon lepturus,2018,2018-08-07,LC,False,False,,Global
111235714,Phaethon lepturus,2017,2016-10-01,LC,False,False,,Global
93576934,Phaethon lepturus,2016,2016-10-01,LC,False,False,,Global
40271010,Phaethon lepturus,2012,2012-05-01,LC,False,False,,Global
32724844,Phaethon lepturus,2009,2009-05-01,LC,False,False,,Global
32726640,Phaethon lepturus,2008,2008-05-01,LC,False,False,,Global
32728403,Phaethon lepturus,2004,2004-05-01,LC,False,False,,Global
32730036,Phaethon lepturus,2000,2000-05-01,LR/lc,False,False,,Global
32731646,Phaethon lepturus,1994,1994-05-01,LR/lc,False,False,,Global
32733180,Phaethon lepturus,1988,1988-05-01,LR/lc,False,False,,Global
132176387,Leptodon forbesi,2018,2018-08-09,EN,True,False,C2a(ii),Global
118848007,Leptodon forbesi,2017,2017-10-01,EN,False,False,C2a(ii),Global
94875172,Leptodon forbesi,2016,2016-10-01,CR,False,False,C2a(i),Global
79327877,Leptodon forbesi,2015,2015-10-01,CR,False,False,C2a(i),Global
49758122,Leptodon forbesi,2013,2013-11-01,CR,False,False,C2a(i),Global
37872110,Leptodon forbesi,2012,2012-05-01,CR,False,False,C2a(i),Global
29952703,Leptodon forbesi,2011,2011-05-01,CR,False,False,C2a(i),Global
29953644,Leptodon forbesi,2010,2010-05-01,CR,False,False,"B1ab(i,ii,iii,v);C2a(i)",Global
29954247,Leptodon forbesi,2009,2009-05-01,CR,False,False,"B1ab(i,ii,iii,v);C2a(i)",Global
29955154,Leptodon forbesi,2008,2008-05-01,CR,False,False,"B1ab(i,ii,iii,v);C2a(i)",Global
29942339,Leptodon forbesi,2004,2004-05-01,CR,False,False,"B1ab(i,ii,iii,v);C2a(i);D",Global
29943380,Leptodon forbesi,2000,2000-05-01,CR,False,False,"B1ab(i,ii,iii,v);C2a(i)",Global
29943807,Leptodon forbesi,1994,1994-05-01,NE,False,False,,Global
29944530,Leptodon forbesi,1988,1988-05-01,NR,False,False,,Global
132162969,Sporophila frontalis,2018,2018-08-09,VU,True,False,A2cd+3cd+4cd; C2a(i),Global
94815206,Sporophila frontalis,2016,2016-10-01,VU,False,False,A2cd+3cd+4cd;C2a(i),Global
38203530,Sporophila frontalis,2012,2012-05-01,VU,False,False,A2cd+3cd+4cd;C2a(i),Global
35382073,Sporophila frontalis,2008,2008-05-01,VU,False,False,A2cd+3cd+4cd;C2a(i),Global
35383014,Sporophila frontalis,2004,2004-05-01,VU,False,False,A2cd+3cd;C2a(i),Global
35383849,Sporophila frontalis,2000,2000-05-01,VU,False,False,A1cd+2cd;C1+2a(i),Global
35384491,Sporophila frontalis,1996,1996-05-01,EN,False,False,,Global
35385175,Sporophila frontalis,1994,1994-05-01,EN,False,False,,Global
35385764,Sporophila frontalis,1988,1988-05-01,T,False,False,,Global
177522676,Celeus galeatus,2020,2020-06-17,VU,True,False,C2a(i),Global
92902924,Celeus galeatus,2016,2016-10-01,VU,False,False,A2c+3c+4c; C2a(i),Global
37959860,Celeus galeatus,2012,2012-05-01,VU,False,False,A2c+3c+4c;C2a(i),Global
27288640,Celeus galeatus,2011,2011-05-01,VU,False,False,A2c+3c+4c;C2a(i),Global
27291104,Celeus galeatus,2008,2008-05-01,VU,False,False,A2c+3c,Global
27292013,Celeus galeatus,2004,2004-05-01,VU,False,False,A2c+3c,Global
27292756,Celeus galeatus,2000,2000-05-01,VU,False,False,A2c,Global
27293343,Celeus galeatus,1996,1996-05-01,EN,False,False,,Global
27294055,Celeus galeatus,1994,1994-05-01,EN,False,False,,Global
27294713,Celeus galeatus,1988,1988-05-01,T,False,False,,Global
172219990,Ischnocnema epipeda,2023,2021-04-09,CR,True,True,D,Global
11486386,Ischnocnema epipeda,2004,2004-04-30,NT,False,False,,Global
254541900,Halichoeres rubrovirens,2025,2024-07-02,VU,True,False,B2ab(iii),Global
175186839,Formicivora erythronotos,2020,2020-07-06,EN,True,False,B1ab(iii)+2ab(iii),Global
93839406,Formicivora erythronotos,2016,2016-10-01,EN,False,False,"B1ab(i,ii,iii,v)",Global
38068201,Formicivora erythronotos,2012,2012-05-01,EN,False,False,"B1ab(i,ii,iii,v)",Global
28086559,Formicivora erythronotos,2008,2008-05-01,EN,False,False,"B1ab(i,ii,iii,v)",Global
28087342,Formicivora erythronotos,2004,2004-05-01,EN,False,False,"B1ab(i,ii,iii,v)",Global
28088146,Formicivora erythronotos,2000,2000-05-01,EN,False,False,"B1ab(i,ii,iii,v)",Global
28088612,Formicivora erythronotos,1996,1996-05-01,CR,False,False,,Global
28089375,Formicivora erythronotos,1994,1994-05-01,CR,False,False,,Global
28089946,Formicivora erythronotos,1988,1988-05-01,T,False,False,,Global
276219634,Phyllomyias reiseri,2025,2025-02-26,LC,True,False,,Global
93714507,Phyllomyias reiseri,2016,2016-10-01,LC,False,False,,Global
38646034,Phyllomyias reiseri,2012,2012-05-01,LC,False,False,,Global
33073962,Phyllomyias reiseri,2009,2009-05-01,LC,False,False,,Global
33074409,Phyllomyias reiseri,2008,2008-05-01,LC,False,False,,Global
33074692,Phyllomyias reiseri,2004,2004-05-01,LC,False,False,,Global
33075282,Phyllomyias reiseri,2000,2000-05-01,LR/lc,False,False,,Global
33075778,Phyllomyias reiseri,1994,1994-05-01,LR/nt,False,False,,Global
33075909,Phyllomyias reiseri,1988,1988-05-01,NT,False,False,,Global
124137561,Johngarthia lagostoma,2025,2024-03-27,EN,True,False,B1ab(iii)+2ab(iii),Global
194212429,Forcepsioneura machadorum,2022,2021-01-26,DD,True,False,,Global
164501997,Matilebias alexandri,2024,2020-12-10,VU,True,False,A2ce,Global
1825879,Isbrueckerichthys saxicola,2022,2018-11-07,CR,True,False,B2ab(iii),Global
116419884,Coleodactylus elizae,2021,2014-08-04,DD,True,False,,Global
49845638,Tropidurus mucujensis,2021,2014-08-04,DD,True,False,,Global
181776578,Terenura sicki,2021,2020-08-13,CR,True,False,C2a(i),Global
130696738,Terenura sicki,2018,2018-08-07,CR,False,False,C2a(i),Global
118543013,Terenura sicki,2017,2016-10-01,CR,False,False,C2a(i),Global
93841602,Terenura sicki,2016,2016-10-01,CR,False,False,C2a(i),Global
38086025,Terenura sicki,2012,2012-05-01,EN,False,False,"B1ab(i,ii,iii,v);C2a(i)",Global
36166903,Terenura sicki,2008,2008-05-01,EN,False,False,"B1ab(i,ii,iii,v);C2a(i)",Global
36167624,Terenura sicki,2004,2004-05-01,EN,False,False,"B1ab(i,ii,iii,v);C2a(i)",Global
36168159,Terenura sicki,2000,2000-05-01,EN,False,False,"B1ab(i,ii,iii,v)",Global
36168804,Terenura sicki,1996,1996-05-01,VU,False,False,,Global
36169302,Terenura sicki,1994,1994-05-01,VU,False,False,,Global
36170010,Terenura sicki,1988,1988-05-01,T,False,False,,Global
1822624,Steindachneridion melanodermatum,2021,2018-11-07,EN,True,False,"B2ab(ii,iii)",Global
154324051,Amphisbaena nigricauda,2021,2014-08-22,VU,True,False,B1ab(iii),Global
172197685,Holoaden bradei,2023,2021-04-09,CR,True,True,D,Global
3183473,Holoaden bradei,2004,2004-04-30,CR,False,True,"B2ab(iii,v)",Global
3183597,Holoaden bradei,1996,1996-08-01,CR,False,False,A1a,Global
17928341,Lagothrix lagothricha lagothricha,2020,2020-03-16,VU,False,False,A3cd,Global
192309103,Lagothrix lagothricha lagothricha,2021,2020-03-16,VU,False,False,A3cd,Global
254036136,Lagothrix lagothricha lagothricha,2021,2020-03-16,VU,True,False,A4cd,Global
2899669,Squatina occulta,2019,2018-06-07,CR,True,False,A2bd,Global
10202712,Squatina occulta,2007,2007-03-01,EN,False,False,A2bd,Global
10202830,Squatina occulta,2000,2000-06-30,EN,False,False,A1abd+A2d,Global
1821829,Hypsolebias hellneri,2022,2018-11-07,EN,True,False,"B2ab(i,ii,iii,iv,v)",Global
277471378,Acrobatornis fonsecai,2025,2025-05-12,NT,True,False,B1b(iii); C2a(ii),Global
111141150,Acrobatornis fonsecai,2017,2016-10-01,VU,False,False,"A2c+3c+4c;B1ab(i,ii,iii,v);C2a(i)",Global
94869840,Acrobatornis fonsecai,2016,2016-10-01,VU,False,False,"A2c+3c+4c;B1ab(i,ii,iii,v);C2a(i)",Global
39222117,Acrobatornis fonsecai,2012,2012-05-01,VU,False,False,"A2c+3c+4c;B1ab(i,ii,iii,v);C2a(i)",Global
22865437,Acrobatornis fonsecai,2008,2008-05-01,VU,False,False,"A2c+3c+4c;B1ab(i,ii,iii,v);C2a(i)",Global
22865898,Acrobatornis fonsecai,2004,2004-05-01,VU,False,False,"A2c+3c+4c;B1ab(i,ii,iii,v);C2a(i)",Global
22866353,Acrobatornis fonsecai,2000,2000-05-01,VU,False,False,"A2c;B1ab(i,ii,iii,v);C1+2a(i)",Global
22867575,Acrobatornis fonsecai,1994,1994-05-01,NR,False,False,,Global
22868011,Acrobatornis fonsecai,1988,1988-05-01,NR,False,False,,Global
210421948,Scytalopus iraiensis,2023,2023-03-07,VU,True,False,"B2ab(ii,iii,v)",Global
94986972,Scytalopus iraiensis,2016,2016-10-01,EN,False,False,"A3c+4c;B1ab(i,ii,iii,iv,v);C2a(i)",Global
50440226,Scytalopus iraiensis,2013,2013-11-01,EN,False,False,"A3c+4c;B1ab(i,ii,iii,iv,v);C2a(i)",Global
38140315,Scytalopus iraiensis,2012,2012-05-01,EN,False,False,"A3c+4c;B1ab(i,ii,iii,iv,v);C2a(i)",Global
35051554,Scytalopus iraiensis,2008,2008-05-01,EN,False,False,"A3c+4c;B1ab(i,ii,iii,iv,v);C2a(i)",Global
35052573,Scytalopus iraiensis,2004,2004-05-01,EN,False,False,"A3c;B1ab(i,ii,iii,iv,v);C2a(i)",Global
35053364,Scytalopus iraiensis,2000,2000-05-01,EN,False,False,"A2ce;B1ab(i,ii,iii,iv,v);C2a(i)",Global
35054271,Scytalopus iraiensis,1994,1994-05-01,NR,False,False,,Global
35055031,Scytalopus iraiensis,1988,1988-05-01,NR,False,False,,Global
134660286,Ancistrus minutus,2021,2018-11-07,EN,True,False,"B2ab(i,ii,iii)",Global
277250124,Alectrurus tricolor,2025,2025-04-03,VU,True,False,C2a(i),Global
110738421,Alectrurus tricolor,2017,2016-10-01,VU,False,False,A2c+3c+4c,Global
93767738,Alectrurus tricolor,2016,2016-10-01,VU,False,False,A2c+3c+4c,Global
38075964,Alectrurus tricolor,2012,2012-05-01,VU,False,False,A2c+3c+4c,Global
23169932,Alectrurus tricolor,2011,2011-05-01,VU,False,False,A2c+3c+4c,Global
23170926,Alectrurus tricolor,2008,2008-05-01,VU,False,False,A2c+3c+4c,Global
23171837,Alectrurus tricolor,2004,2004-05-01,VU,False,False,A2c+3c,Global
23172746,Alectrurus tricolor,2000,2000-05-01,VU,False,False,A1c+2c;C1+2a(i),Global
23174079,Alectrurus tricolor,1994,1994-05-01,LR/nt,False,False,,Global
23164469,Alectrurus tricolor,1988,1988-05-01,NT,False,False,,Global
229884129,Selenidera gouldii baturitensis,2023,2023-03-10,LC,True,False,,Global
92931217,Selenidera gouldii baturitensis,2016,2016-10-01,LC,False,False,,Global
40575139,Selenidera gouldii baturitensis,2012,2012-05-01,LC,False,False,,Global
35105966,Selenidera gouldii baturitensis,2009,2009-05-01,LC,False,False,,Global
35106127,Selenidera gouldii baturitensis,2008,2008-05-01,LC,False,False,,Global
35106998,Selenidera gouldii baturitensis,2004,2004-05-01,LC,False,False,,Global
35107324,Selenidera gouldii baturitensis,2000,2000-05-01,LR/lc,False,False,,Global
35107940,Selenidera gouldii baturitensis,1994,1994-05-01,LR/lc,False,False,,Global
35108553,Selenidera gouldii baturitensis,1988,1988-05-01,LR/lc,False,False,,Global
1818569,Hypsolebias delucai,2023,2022-05-18,VU,True,False,D2,Global
130393975,Squatina guggenheim,2019,2018-06-07,EN,True,False,A2bd,Global
137406999,Synallaxis infuscata,2025,2025-05-12,EN,True,False,C2a(i),Global
93868526,Synallaxis infuscata,2016,2016-10-01,EN,False,False,"B1ab(i,ii,iii,iv); C2a(i)",Global
38299931,Synallaxis infuscata,2012,2012-05-01,EN,False,False,"B1ab(i,ii,iii,iv,v);C2a(i)",Global
35878788,Synallaxis infuscata,2008,2008-05-01,EN,False,False,"B1ab(i,ii,iii,iv,v);C2a(i)",Global
35879686,Synallaxis infuscata,2004,2004-05-01,EN,False,False,"B1ab(i,ii,iii,iv,v); C2a(i)",Global
35880565,Synallaxis infuscata,2000,2000-05-01,CR,False,False,"B1ab(i,ii,iii,iv,v)",Global
35881392,Synallaxis infuscata,1996,1996-05-01,EN,False,False,,Global
35882263,Synallaxis infuscata,1994,1994-05-01,EN,False,False,,Global
35882637,Synallaxis infuscata,1988,1988-05-01,T,False,False,,Global
277173816,Rhopornis ardesiacus,2025,2025-05-12,NT,True,False,C2a(i),Global
93845408,Rhopornis ardesiacus,2016,2016-10-01,EN,False,False,"B1ab(i,ii,iii,iv,v);C2a(i)",Global
38113113,Rhopornis ardesiacus,2012,2012-05-01,EN,False,False,"B1ab(i,ii,iii,iv,v);C2a(i)",Global
34819551,Rhopornis ardesiacus,2008,2008-05-01,EN,False,False,"B1ab(i,ii,iii,iv,v);C2a(i)",Global
34820278,Rhopornis ardesiacus,2004,2004-05-01,EN,False,False,"B1ab(i,ii,iii,iv,v);C2a(i)",Global
34820855,Rhopornis ardesiacus,2000,2000-05-01,EN,False,False,"B1ab(i,ii,iii,iv,v);C2a(i)",Global
34821422,Rhopornis ardesiacus,1996,1996-05-01,EN,False,False,,Global
34822115,Rhopornis ardesiacus,1994,1994-05-01,EN,False,False,,Global
34798977,Rhopornis ardesiacus,1988,1988-05-01,T,False,False,,Global
173832355,Hypsolebias shibattai,2021,2021-01-04,CR,True,False,B1ab(iii)+2ab(iii),Global
1820999,Hypsolebias flavicaudatus,2023,2022-05-18,EN,True,False,"B1ab(ii,iii)+2ab(ii,iii)",Global
233710496,Glossoscolex matogrossensis,2023,2022-04-29,VU,True,False,B1ab(iii),Global
17973667,Callicebus nigrifrons,2020,2015-01-26,NT,True,False,A2c,Global
10294282,Callicebus nigrifrons,2008,2008-06-30,NT,False,False,,Global
10294442,Callicebus nigrifrons,2003,2003-04-30,NT,False,False,,Global
10294253,Callicebus nigrifrons,2000,2000-06-30,VU,False,False,A1c,Global
10294230,Callicebus nigrifrons,1996,1996-08-01,VU,False,False,A1c,Global
10294514,Callicebus nigrifrons,1996,1996-01-01,VU,False,False,,Global
10294493,Callicebus nigrifrons,1994,1994-01-01,E,False,False,,Global
17935020,Leontopithecus chrysomelas,2020,2020-01-24,EN,False,False,A3c,Global
192327573,Leontopithecus chrysomelas,2021,2020-01-24,EN,True,False,A3c,Global
10347712,Leontopithecus chrysomelas,2008,2008-06-30,EN,False,False,A2c,Global
10347916,Leontopithecus chrysomelas,2003,2003-04-30,EN,False,False,B2ab(i-v); C2a(i),Global
10347662,Leontopithecus chrysomelas,2000,2000-06-30,EN,False,False,"B1+2abcde, C2a",Global
10347689,Leontopithecus chrysomelas,1996,1996-08-01,EN,False,False,"B1+2abcde, C2a",Global
10348065,Leontopithecus chrysomelas,1996,1996-01-01,EN,False,False,,Global
10348046,Leontopithecus chrysomelas,1994,1994-01-01,E,False,False,,Global
10347989,Leontopithecus chrysomelas,1990,1990-01-01,E,False,False,,Global
10347970,Leontopithecus chrysomelas,1988,1988-01-01,E,False,False,,Global
10348027,Leontopithecus chrysomelas,1986,1986-01-01,E,False,False,,Global
10348008,Leontopithecus chrysomelas,1982,1982-01-01,E,False,False,,Global
154323568,Ameiva parecis,2021,2013-10-11,VU,True,False,B1ab(iii),Global
68236052,Philodryas livida,2020,2014-11-12,VU,True,False,A2c,Global
7436088,Philodryas livida,2010,2009-06-30,VU,False,False,A2c,Global
223813173,Thamnophilus nigrocinereus huberi,2023,2023-01-27,LC,True,False,,Global
93822641,Thamnophilus nigrocinereus huberi,2016,2016-10-01,NT,False,False,A3c,Global
39153843,Thamnophilus nigrocinereus huberi,2012,2012-05-01,NT,False,False,A3c,Global
36279832,Thamnophilus nigrocinereus huberi,2009,2009-05-01,LC,False,False,,Global
36280361,Thamnophilus nigrocinereus huberi,2008,2008-05-01,LC,False,False,,Global
36280881,Thamnophilus nigrocinereus huberi,2004,2004-05-01,LC,False,False,,Global
36281387,Thamnophilus nigrocinereus huberi,2000,2000-05-01,LR/lc,False,False,,Global
36268773,Thamnophilus nigrocinereus huberi,1994,1994-05-01,LR/lc,False,False,,Global
36269263,Thamnophilus nigrocinereus huberi,1988,1988-05-01,LR/lc,False,False,,Global
139559718,Melanorivulus leali,2021,2018-11-07,DD,True,False,,Global
154324430,Leposoma puk,2021,2013-10-11,EN,True,False,B1ab(iii),Global
136894598,Hypsolebias lopesi,2022,2018-11-07,VU,True,False,D2,Global
3095153,Ginglymostoma cirratum,2021,2019-07-05,VU,True,False,A2bcd,Global
22160030,Ozotoceros bezoarticus leucogaster,2016,2015-10-01,NT,True,False,,Global
5183264,Ozotoceros bezoarticus leucogaster,2008,2008-06-30,NT,False,False,,Global
5183515,Ozotoceros bezoarticus leucogaster,2002,2002-01-01,NT,False,False,,Global
5183222,Ozotoceros bezoarticus leucogaster,1996,1996-08-01,LR/nt,False,False,,Global
5183698,Ozotoceros bezoarticus leucogaster,1994,1994-01-01,K,False,False,,Global
5183244,Ozotoceros bezoarticus leucogaster,1965,1965-01-01,N/A,False,False,,Global
172231095,Chiasmocleis alagoana,2023,2021-04-09,VU,True,False,B1ab(iii),Global
11679941,Chiasmocleis alagoana,2004,2004-04-30,DD,False,False,,Global
135333177,Scriptosaura catimbau,2019,2014-08-04,LC,True,False,,Global
136638024,Tinamus tao,2019,2018-10-15,VU,True,False,A3c,Global
92757000,Tinamus tao,2016,2016-10-01,VU,False,False,A3c,Global
40071738,Tinamus tao,2012,2012-05-01,VU,False,False,A3c,Global
36421095,Tinamus tao,2009,2009-05-01,LC,False,False,,Global
36421986,Tinamus tao,2008,2008-05-01,LC,False,False,,Global
36422635,Tinamus tao,2004,2004-05-01,LC,False,False,,Global
36423411,Tinamus tao,2000,2000-05-01,LR/lc,False,False,,Global
36400529,Tinamus tao,1994,1994-05-01,LR/lc,False,False,,Global
36400969,Tinamus tao,1988,1988-05-01,LR/lc,False,False,,Global
141168132,Trichomycterus dali,2022,2018-11-07,VU,True,False,B1ab(iii),Global
1825369,Ophthalmolebias rosaceus,2022,2018-11-07,VU,True,False,D2,Global
233710521,Glossoscolex riograndensis,2023,2022-04-29,EN,True,False,B1ab(iii),Global
215548623,Sapajus cay,2022,2022-03-15,VU,False,False,A2cd+3cd,Global
222944655,Sapajus cay,2022,2022-03-15,VU,True,False,A2cd+3cd,Global
70612310,Sapajus cay,2018,2015-01-26,LC,False,False,,Global
192593536,Sapajus cay,2021,2015-01-26,LC,False,False,,Global
70612036,Sapajus cay,2015,2008-07-01,LC,False,False,,Global
4281242,Sapajus cay,2008,2008-06-30,LC,False,False,,Global
221510432,Penelope jacucaca,2023,2022-09-27,VU,True,False,A2cd+3cd+4cd,Global
92772529,Penelope jacucaca,2016,2016-10-01,VU,False,False,A2cd+3cd+4cd,Global
37863310,Penelope jacucaca,2012,2012-05-01,VU,False,False,A2cd+3cd+4cd,Global
32610707,Penelope jacucaca,2008,2008-05-01,VU,False,False,A2cd+3cd+4cd,Global
32611474,Penelope jacucaca,2004,2004-05-01,VU,False,False,A2bcd+3bcd,Global
32612258,Penelope jacucaca,2000,2000-05-01,LR/nt,False,False,,Global
32613027,Penelope jacucaca,1994,1994-05-01,LR/nt,False,False,,Global
32613659,Penelope jacucaca,1988,1988-05-01,T,False,False,,Global
231086906,Malacoptila minor,2023,2023-03-28,EN,True,False,A3c+4c,Global
95146640,Malacoptila minor,2016,2016-10-01,EN,False,False,A4c,Global
45359649,Malacoptila minor,2014,2014-07-24,EN,False,False,A4c,Global
22196926,Ctenomys flamarioni,2019,2016-06-06,EN,True,False,"B2ab(i,ii,iii,v)",Global
4295063,Ctenomys flamarioni,2008,2008-06-30,EN,False,False,"B1ab(i,iii,iv)",Global
1813422,Crenicichla jupiaensis,2023,2020-11-11,NT,True,False,B1b(iii)+2b(iii),Global
221464106,Crax blumenbachii,2023,2022-09-26,EN,True,False,C2a(i),Global
92777952,Crax blumenbachii,2016,2016-10-01,EN,False,False,"B1ab(i,ii,iii,v);C2a(i);D",Global
48007541,Crax blumenbachii,2013,2013-11-01,EN,False,False,"B1ab(i,ii,iii,v);C2a(i);D",Global
37817636,Crax blumenbachii,2012,2012-05-01,EN,False,False,"B1ab(i,ii,iii,v);C2a(i);D",Global
26639983,Crax blumenbachii,2008,2008-05-01,EN,False,False,"B1ab(i,ii,iii,v);C2a(i);D",Global
26640938,Crax blumenbachii,2004,2004-05-01,EN,False,False,"B1ab(i,ii,iii,v);C2a(i);D",Global
26641754,Crax blumenbachii,2000,2000-05-01,EN,False,False,"B1ab(i,ii,iii,v);C2a(i);D",Global
26642597,Crax blumenbachii,1996,1996-05-01,CR,False,False,,Global
26643217,Crax blumenbachii,1994,1994-05-01,CR,False,False,,Global
26643964,Crax blumenbachii,1988,1988-05-01,T,False,False,,Global
107026068,Macrobrachium denticulatum,2013,2012-04-17,CR,True,True,"B1ab(iii,v)",Global
2494231,Macrobrachium denticulatum,2013,2012-04-17,CR,False,True,"B1ab(iii,v)",Global
200093371,Xipholena lamellipennis,2021,2021-04-16,NT,True,False,A3c+4c,Global
93802939,Xipholena lamellipennis,2016,2016-10-01,NT,False,False,A3c,Global
38638981,Xipholena lamellipennis,2012,2012-05-01,NT,False,False,A3c,Global
37226265,Xipholena lamellipennis,2009,2009-05-01,LC,False,False,,Global
37226863,Xipholena lamellipennis,2008,2008-05-01,LC,False,False,,Global
37227443,Xipholena lamellipennis,2004,2004-05-01,LC,False,False,,Global
37227803,Xipholena lamellipennis,2000,2000-05-01,LR/lc,False,False,,Global
37228111,Xipholena lamellipennis,1994,1994-05-01,LR/lc,False,False,,Global
37228630,Xipholena lamellipennis,1988,1988-05-01,LR/lc,False,False,,Global
134693182,Atlantirivulus maricensis,2022,2018-11-07,CR,True,False,B2ab(iii),Global
1339018,Phrynops williamsi,2018,2018-02-19,VU,True,False,A4cd,Global
888243,Myliobatis goodei,2020,2019-06-21,VU,True,False,A2d,Global
5423507,Myliobatis goodei,2009,2007-01-01,DD,False,False,,Global
139564490,Microglanis robustus,2021,2018-11-07,CR,True,False,"B2ab(ii,iii)",Global
46936155,Makaira nigricans,2022,2021-05-10,VU,True,False,A2bd,Global
76596659,Makaira nigricans,2015,2015-04-20,EN,True,False,A2bd,Gulf of Mexico
6743776,Makaira nigricans,2011,2010-09-15,VU,False,False,A2bd,Global
22209830,Phyllomys brasiliensis,2016,2016-06-10,EN,True,False,"B2ab(i,ii,iii)",Global
12819182,Phyllomys brasiliensis,2008,2008-06-30,EN,False,False,B1ab(iii),Global
12819300,Phyllomys brasiliensis,1996,1996-08-01,LR/lc,False,False,,Global
221386350,Crax globulosa,2023,2022-09-22,EN,True,False,C2a(i),Global
92777596,Crax globulosa,2016,2016-10-01,EN,False,False,A2d+3d+4d;C2a(i),Global
48105238,Crax globulosa,2013,2013-11-01,EN,False,False,A2d+3d+4d;C2a(i),Global
37816581,Crax globulosa,2012,2012-05-01,EN,False,False,A2d+3d+4d;C2a(i),Global
26645750,Crax globulosa,2010,2010-05-01,EN,False,False,A2d+3d+4d;C2a(i),Global
26646596,Crax globulosa,2008,2008-05-01,VU,False,False,A2bcd+3bcd+4bcd;C2a(i),Global
26647664,Crax globulosa,2006,2006-05-01,VU,False,False,A2bcd+3bcd;C2a(i),Global
26648851,Crax globulosa,2004,2004-05-01,VU,False,False,A2bcd+3bcd;C2a(i),Global
26650003,Crax globulosa,2000,2000-05-01,VU,False,False,A1bcd+2bcd;C1+2a(i),Global
26650484,Crax globulosa,1996,1996-05-01,VU,False,False,,Global
26651229,Crax globulosa,1994,1994-05-01,VU,False,False,,Global
26652126,Crax globulosa,1988,1988-05-01,T,False,False,,Global
215965299,Scytalopus gonzagai,2022,2022-04-06,EN,True,False,"B1ab(ii,iii)",Global
119209742,Scytalopus gonzagai,2017,2016-10-01,EN,False,False,"B1ab(ii,iii,v)+2ab(ii,iii,v); C2a(ii)",Global
113020243,Scytalopus gonzagai,2017,2016-10-01,EN,False,False,"B1ab(ii,iii,v)+2ab(ii,iii,v); C2a(ii)",Global
104365033,Scytalopus gonzagai,2016,2016-10-01,EN,False,False,"B1ab(ii,iii,v)+2ab(ii,iii,v); C2a(ii)",Global
163320186,Burhinus bistriatus,2020,2019-12-02,LC,True,False,,Global
93414735,Burhinus bistriatus,2016,2016-10-01,LC,False,False,,Global
38486431,Burhinus bistriatus,2012,2012-05-01,LC,False,False,,Global
24634204,Burhinus bistriatus,2009,2009-05-01,LC,False,False,,Global
24635550,Burhinus bistriatus,2008,2008-05-01,LC,False,False,,Global
24635939,Burhinus bistriatus,2004,2004-05-01,LC,False,False,,Global
24637332,Burhinus bistriatus,2000,2000-05-01,LR/lc,False,False,,Global
24637937,Burhinus bistriatus,1994,1994-05-01,LR/lc,False,False,,Global
24639277,Burhinus bistriatus,1988,1988-05-01,LR/lc,False,False,,Global
172215995,Xenohyla truncata,2023,2021-04-09,VU,True,False,B1ab(iii),Global
11418199,Xenohyla truncata,2004,2004-04-30,NT,False,False,,Global
123738560,Apostolepis arenaria,2021,2012-12-31,EN,True,False,B1ab(iii),Global
159100855,Lopholatilus villarii,2025,2024-09-17,VU,True,False,A2bd,Global
166329388,Pterodroma madeira,2021,2020-12-18,EN,True,False,D,Europe
132622973,Pterodroma madeira,2018,2018-08-17,EN,True,False,D,Global
90559016,Pterodroma madeira,2016,2016-10-01,EN,False,False,D,Global
60171651,Pterodroma madeira,2015,2015-03-31,EN,False,False,D,Europe
38079109,Pterodroma madeira,2012,2012-05-01,EN,False,False,D,Global
34239289,Pterodroma madeira,2010,2010-05-01,EN,False,False,D,Global
34240208,Pterodroma madeira,2008,2008-05-01,EN,False,False,D,Global
34241669,Pterodroma madeira,2005,2005-05-01,EN,False,False,D,Global
34242601,Pterodroma madeira,2004,2004-05-01,CR,False,False,D,Global
34244046,Pterodroma madeira,2000,2000-05-01,CR,False,False,D,Global
34245471,Pterodroma madeira,1996,1996-05-01,CR,False,False,,Global
34245798,Pterodroma madeira,1994,1994-05-01,CR,False,False,,Global
34247109,Pterodroma madeira,1988,1988-05-01,T,False,False,,Global
17936433,Callithrix aurita,2019,2015-01-26,EN,False,False,A2cde,Global
166617776,Callithrix aurita,2020,2015-01-26,EN,False,False,A2cde,Global
191700629,Callithrix aurita,2021,2015-01-26,EN,True,False,A2cde,Global
9949843,Callithrix aurita,2008,2008-06-30,VU,False,False,C2a(i),Global
9949770,Callithrix aurita,2000,2000-06-30,EN,False,False,"B1+2abcde, C2a",Global
9950031,Callithrix aurita,1996,1996-08-01,EN,False,False,"B1+2abcde, C2a",Global
9950069,Callithrix aurita,1994,1994-01-01,E,False,False,,Global
9950052,Callithrix aurita,1990,1990-01-01,E,False,False,,Global
9950103,Callithrix aurita,1988,1988-01-01,E,False,False,,Global
9950086,Callithrix aurita,1986,1986-01-01,E,False,False,,Global
9949822,Callithrix aurita,1982,1982-01-01,E,False,False,,Global
17785979,Sparisoma axillare,2012,2009-09-15,DD,True,False,,Global
8824917,Sparisoma axillare,2010,2009-09-14,DD,False,False,,Global
139547632,Lebiasina marilynae,2023,2018-11-17,VU,True,False,D2,Global
260758243,Limnodromus griseus,2024,2024-07-17,VU,True,False,A2bd+3bd+4bd,Global
93396788,Limnodromus griseus,2016,2016-10-01,LC,False,False,,Global
38778923,Limnodromus griseus,2012,2012-05-01,LC,False,False,,Global
30065656,Limnodromus griseus,2009,2009-05-01,LC,False,False,,Global
30066672,Limnodromus griseus,2008,2008-05-01,LC,False,False,,Global
30068834,Limnodromus griseus,2004,2004-05-01,LC,False,False,,Global
30070396,Limnodromus griseus,2000,2000-05-01,LR/lc,False,False,,Global
30071272,Limnodromus griseus,1994,1994-05-01,LR/lc,False,False,,Global
30073405,Limnodromus griseus,1988,1988-05-01,LR/lc,False,False,,Global
282645802,Pyrrhura cruentata,2025,2025-06-19,VU,True,False,C2a(i),Global
93087500,Pyrrhura cruentata,2016,2016-10-01,VU,False,False,"A2cd+3cd+4cd;B1ab(i,ii,iii,v);C2a(i)",Global
37890116,Pyrrhura cruentata,2012,2012-05-01,VU,False,False,"A2cd+3cd+4cd;B1ab(i,ii,iii,v);C2a(i)",Global
34552241,Pyrrhura cruentata,2008,2008-05-01,VU,False,False,"A2cd+3cd+4cd;B1ab(i,ii,iii,v);C2a(i)",Global
34552834,Pyrrhura cruentata,2004,2004-05-01,VU,False,False,"A2cd+3cd;B1ab(i,ii,iii,v);C2a(i)",Global
34553968,Pyrrhura cruentata,2000,2000-05-01,VU,False,False,"A1cd+2cd;B1ab(i,ii,iii,v);C1+2a(i)",Global
34554827,Pyrrhura cruentata,1996,1996-05-01,VU,False,False,,Global
34556084,Pyrrhura cruentata,1994,1994-05-01,VU,False,False,,Global
34556502,Pyrrhura cruentata,1988,1988-05-01,T,False,False,,Global
1824169,Austrolebias univentripinnis,2024,2020-12-11,EN,True,False,B1ab(iii),Global
139557282,Listrura depinnai,2022,2018-11-07,LC,True,False,,Global
1819709,Rachoviscus graciliceps,2023,2022-05-18,EN,True,False,"B2ab(ii,iii,iv)",Global
150088229,Sphaenorhynchus cammaeus,2023,2021-04-09,CR,True,False,B1ab(iii),Global
264094265,Conopophaga lineata lineata,2024,2024-06-12,LC,True,False,,Global
93920970,Conopophaga lineata lineata,2016,2016-10-01,LC,False,False,,Global
26331461,Conopophaga lineata lineata,2008,2008-05-01,NR,False,False,,Global
26331672,Conopophaga lineata lineata,2006,2006-05-01,NR,False,False,,Global
26331918,Conopophaga lineata lineata,2004,2004-05-01,NR,False,False,,Global
26332319,Conopophaga lineata lineata,2000,2000-05-01,NR,False,False,,Global
26332399,Conopophaga lineata lineata,1994,1994-05-01,NR,False,False,,Global
26332800,Conopophaga lineata lineata,1988,1988-05-01,NR,False,False,,Global
123791436,Panthera onca,2017,2016-08-05,NT,True,False,A2cd,Global
50658693,Panthera onca,2017,2016-08-05,NT,False,False,A2cd,Global
5327466,Panthera onca,2008,2008-06-30,NT,False,False,,Global
5327840,Panthera onca,2002,2002-01-01,NT,False,False,,Global
5327425,Panthera onca,1996,1996-08-01,LR/nt,False,False,,Global
5328020,Panthera onca,1990,1990-01-01,V,False,False,,Global
5328054,Panthera onca,1988,1988-01-01,V,False,False,,Global
5328037,Panthera onca,1986,1986-01-01,V,False,False,,Global
5327445,Panthera onca,1982,1982-01-01,V,False,False,,Global
118846766,Conothraupis mesoleuca,2017,2017-10-01,EN,True,False,A3c,Global
94751571,Conothraupis mesoleuca,2016,2016-10-01,CR,False,False,C2a(ii),Global
49525588,Conothraupis mesoleuca,2013,2013-11-01,CR,False,False,C2a(ii),Global
38120089,Conothraupis mesoleuca,2012,2012-05-01,CR,False,False,C2a(ii),Global
26346841,Conothraupis mesoleuca,2010,2010-05-01,CR,False,False,C2a(ii),Global
26347236,Conothraupis mesoleuca,2009,2009-05-01,CR,False,False,C2a(ii),Global
26348089,Conothraupis mesoleuca,2008,2008-05-01,CR,False,False,C2a(ii),Global
26348764,Conothraupis mesoleuca,2006,2006-05-01,CR,False,False,B1ab(iii);C2a(ii);D,Global
26349420,Conothraupis mesoleuca,2004,2004-05-01,CR,False,False,D,Global
26350063,Conothraupis mesoleuca,2000,2000-05-01,CR,False,False,D,Global
26350599,Conothraupis mesoleuca,1996,1996-05-01,VU,False,False,,Global
26351064,Conothraupis mesoleuca,1994,1994-05-01,VU,False,False,,Global
26339055,Conothraupis mesoleuca,1988,1988-05-01,T,False,False,,Global
131318445,Geositta poeciloptera,2018,2018-08-06,VU,True,False,A2c+3c+4c,Global
110864850,Geositta poeciloptera,2017,2016-10-01,VU,False,False,A2c+3c+4c,Global
93855682,Geositta poeciloptera,2016,2016-10-01,VU,False,False,A2c+3c+4c,Global
38084668,Geositta poeciloptera,2012,2012-05-01,VU,False,False,A2c+3c+4c,Global
28519508,Geositta poeciloptera,2009,2009-05-01,VU,False,False,A2c+3c+4c,Global
28521903,Geositta poeciloptera,2008,2008-05-01,NT,False,False,A2c+3c+4c,Global
28522641,Geositta poeciloptera,2004,2004-05-01,NT,False,False,A2c+3c,Global
28523328,Geositta poeciloptera,2000,2000-05-01,LR/nt,False,False,,Global
28523987,Geositta poeciloptera,1994,1994-05-01,LR/lc,False,False,,Global
28524630,Geositta poeciloptera,1988,1988-05-01,LR/lc,False,False,,Global
154324742,Amphisbaena arenaria,2021,2014-08-22,DD,True,False,,Global
86256094,Bokermannohyla napolii,2022,2021-04-01,EN,True,False,B1ab(iii),Global
134689359,Archolaemus santosi,2022,2018-11-07,VU,True,False,B1ab(iii),Global
152015479,Atlantoraja castelnaui,2020,2019-07-01,CR,True,False,A2bd,Global
10921544,Atlantoraja castelnaui,2004,2004-04-30,EN,False,False,A2bd+3bd+4bd,Global
163770613,Fregata minor,2020,2019-12-06,LC,True,False,,Global
132598124,Fregata minor,2018,2018-08-10,LC,False,False,,Global
110667065,Fregata minor,2017,2016-10-01,LC,False,False,,Global
93634864,Fregata minor,2016,2016-10-01,LC,False,False,,Global
40276161,Fregata minor,2012,2012-05-01,LC,False,False,,Global
28183728,Fregata minor,2009,2009-05-01,LC,False,False,,Global
28185549,Fregata minor,2008,2008-05-01,LC,False,False,,Global
28186839,Fregata minor,2004,2004-05-01,LC,False,False,,Global
28188703,Fregata minor,2000,2000-05-01,LR/lc,False,False,,Global
28190540,Fregata minor,1994,1994-05-01,LR/lc,False,False,,Global
28192366,Fregata minor,1988,1988-05-01,LR/lc,False,False,,Global
172156947,Sporophila nigrorufa,2021,2020-04-01,VU,True,False,C2a(ii),Global
94819412,Sporophila nigrorufa,2016,2016-10-01,VU,False,False,A2c+3c+4c;C2a(i),Global
38272133,Sporophila nigrorufa,2012,2012-05-01,VU,False,False,A2c+3c+4c;C2a(i),Global
35401008,Sporophila nigrorufa,2008,2008-05-01,VU,False,False,A2c+3c+4c;C2a(i),Global
35401832,Sporophila nigrorufa,2006,2006-05-01,VU,False,False,A2c+3c;C2a(i),Global
35402824,Sporophila nigrorufa,2004,2004-05-01,VU,False,False,A2c+3c;C2a(i),Global
35404109,Sporophila nigrorufa,2000,2000-05-01,VU,False,False,A1c+2c;C1+2a(i);D1,Global
35404877,Sporophila nigrorufa,1996,1996-05-01,EN,False,False,,Global
35405404,Sporophila nigrorufa,1994,1994-05-01,EN,False,False,,Global
35405931,Sporophila nigrorufa,1988,1988-05-01,LR/lc,False,False,,Global
1818464,Kryptolebias brasiliensis,2023,2018-11-07,EN,True,False,"B1ab(ii,iii,iv)",Global
154323465,Glaucomastix littoralis,2021,2013-10-11,EN,False,False,"A2c; B2ab(ii,iii)",Global
284984710,Glaucomastix littoralis,2025,2013-10-11,EN,True,False,"A2c; B2ab(ii,iii)",Global
210234914,Pyrrhura lepida,2022,2021-11-03,VU,True,False,A3c+4c,Global
93088273,Pyrrhura lepida,2016,2016-10-01,VU,False,False,A3c,Global
37907774,Pyrrhura lepida,2012,2012-05-01,VU,False,False,A3c,Global
34563967,Pyrrhura lepida,2008,2008-05-01,NT,False,False,A2c+3c+4c;C2a(i),Global
34564366,Pyrrhura lepida,2004,2004-05-01,NT,False,False,A2c+3c;C2a(i),Global
34565131,Pyrrhura lepida,2000,2000-05-01,LR/nt,False,False,,Global
34565712,Pyrrhura lepida,1994,1994-05-01,LR/lc,False,False,,Global
34566198,Pyrrhura lepida,1988,1988-05-01,T,False,False,,Global
86254629,Crossodactylus franciscanus,2023,2021-04-01,CR,True,True,D,Global
244101181,Priodontes maximus,2025,2024-08-19,VU,True,False,A2cd,Global
47442343,Priodontes maximus,2014,2013-10-03,VU,False,False,A2cd,Global
7670671,Priodontes maximus,2010,2009-12-11,VU,False,False,A2cd,Global
7670265,Priodontes maximus,2008,2008-06-30,VU,False,False,A2cd,Global
7670444,Priodontes maximus,2006,2006-01-31,VU,False,False,A2cd,Global
7670226,Priodontes maximus,1996,1996-08-01,EN,False,False,A1cd,Global
7670654,Priodontes maximus,1994,1994-01-01,V,False,False,,Global
7670597,Priodontes maximus,1990,1990-01-01,V,False,False,,Global
7670578,Priodontes maximus,1988,1988-01-01,V,False,False,,Global
7670635,Priodontes maximus,1986,1986-01-01,V,False,False,,Global
7670616,Priodontes maximus,1982,1982-01-01,V,False,False,,Global
7670247,Priodontes maximus,1965,1965-01-01,N/A,False,False,,Global
45174127,Tapirus terrestris,2019,2018-07-31,VU,True,False,A2cde+3cde,Global
9285933,Tapirus terrestris,2008,2008-06-30,VU,False,False,A2cde+3cde,Global
9286225,Tapirus terrestris,2002,2002-01-01,VU,False,False,A2cd+3cd+4cd,Global
9285913,Tapirus terrestris,1996,1996-08-01,LR/nt,False,False,,Global
159145756,Pogonias courbina,2020,2019-12-06,VU,True,False,A2bd+4bd,Global
141105619,Sternarchorhynchus kokraimoro,2022,2018-11-07,VU,True,False,D2,Global
61317738,Apostolepis quirogai,2020,2014-11-11,EN,True,False,B1ab(iii),Global
9501679,Apostolepis quirogai,1996,1996-12-31,NE,False,False,,Global
1774091,Starksia multilepis,2014,2011-03-25,LC,True,False,,Global
22196245,Ctenomys lami,2018,2017-01-16,VU,True,False,"B1ab(i,ii,iii)",Global
4311716,Ctenomys lami,2008,2008-06-30,VU,False,False,"B1ab(i,ii,iii)",Global
130280143,Sclerurus caudacutus umbretta,2018,2018-08-07,LC,True,False,,Global
93897441,Sclerurus caudacutus umbretta,2016,2016-10-01,LC,False,False,,Global
39235465,Sclerurus caudacutus umbretta,2012,2012-05-01,LC,False,False,,Global
35006820,Sclerurus caudacutus umbretta,2009,2009-05-01,LC,False,False,,Global
35007336,Sclerurus caudacutus umbretta,2008,2008-05-01,LC,False,False,,Global
35007852,Sclerurus caudacutus umbretta,2004,2004-05-01,LC,False,False,,Global
35008206,Sclerurus caudacutus umbretta,2000,2000-05-01,LR/lc,False,False,,Global
35008843,Sclerurus caudacutus umbretta,1994,1994-05-01,LR/lc,False,False,,Global
35009314,Sclerurus caudacutus umbretta,1988,1988-05-01,LR/lc,False,False,,Global
141105113,Sternarchorhynchus higuchii,2022,2018-11-07,CR,True,False,"B2ab(ii,iii,v)",Global
166452103,Pterodroma deserta,2021,2020-12-18,VU,True,False,D1+2,Europe
132665941,Pterodroma deserta,2018,2018-08-20,VU,True,False,D1+2,Global
119180790,Pterodroma deserta,2017,2016-10-01,VU,False,False,D1+2,Global
90351223,Pterodroma deserta,2016,2016-10-01,VU,False,False,D1+2,Global
66729984,Pterodroma deserta,2015,2015-03-31,VU,False,False,D1+2,Europe
40845826,Pterodroma deserta,2014,2014-07-24,VU,False,False,D1+2,Global
34283015,Pterodroma deserta,2010,2010-05-01,NR,False,False,,Global
34283316,Pterodroma deserta,2008,2008-05-01,NR,False,False,,Global
34284292,Pterodroma deserta,2004,2004-05-01,NR,False,False,,Global
34284459,Pterodroma deserta,2000,2000-05-01,NR,False,False,,Global
34284665,Pterodroma deserta,1994,1994-05-01,NR,False,False,,Global
34285614,Pterodroma deserta,1988,1988-05-01,NR,False,False,,Global
1819244,Steindachneridion scriptum,2023,2023-06-05,EN,True,False,"B2ab(iii,v)",Global
1825519,Campellolebias intermedius,2022,2018-11-07,CR,True,False,"B2ab(i,ii,iii,iv,v)",Global
22194130,Ctenomys minutus,2019,2016-06-20,DD,True,False,,Global
11741293,Ctenomys minutus,2008,2008-06-30,DD,False,False,,Global
11741419,Ctenomys minutus,1996,1996-08-01,LR/lc,False,False,,Global
130676616,Formicivora paludicola,2018,2018-08-07,CR,True,False,B2ab(iii),Global
119208798,Formicivora paludicola,2017,2016-10-01,CR,False,False,B2ab(iii),Global
113017877,Formicivora paludicola,2017,2016-10-01,CR,False,False,B2ab(iii),Global
104362376,Formicivora paludicola,2016,2016-10-01,CR,False,False,B2ab(iii),Global
118775733,Hemitriccus kaempferi,2017,2017-10-01,VU,True,False,"B1ab(ii,iii,v); C2a(i)",Global
93710288,Hemitriccus kaempferi,2016,2016-10-01,EN,False,False,A3c+4c,Global
38063058,Hemitriccus kaempferi,2012,2012-05-01,EN,False,False,A3c+4c,Global
29056745,Hemitriccus kaempferi,2009,2009-05-01,EN,False,False,A3c+4c,Global
29057542,Hemitriccus kaempferi,2008,2008-05-01,CR,False,False,"B1ab(ii,iii)",Global
29058437,Hemitriccus kaempferi,2004,2004-05-01,CR,False,False,"B1ab(i,ii,iii,v)",Global
29059342,Hemitriccus kaempferi,2000,2000-05-01,EN,False,False,"B1ab(i,ii,iii,v)",Global
29059775,Hemitriccus kaempferi,1996,1996-05-01,EN,False,False,,Global
29060620,Hemitriccus kaempferi,1994,1994-05-01,EN,False,False,,Global
29061277,Hemitriccus kaempferi,1988,1988-05-01,T,False,False,,Global
121235659,Bokermannohyla vulcaniae,2023,2021-04-09,EN,True,False,B1ab(iii),Global
4219087,Bokermannohyla vulcaniae,2008,2008-01-01,VU,False,False,B2ab(iii),Global
1825804,Hyphessobrycon taurocephalus,2022,2018-11-07,CR,True,True,D,Global
1890343,Stegastes trindadensis,2025,2024-07-02,EN,True,False,B2ab(iii),Global
172208520,Phrynomedusa vanzolinii,2023,2021-04-09,CR,True,True,D,Global
11375261,Phrynomedusa vanzolinii,2004,2004-04-30,DD,False,False,,Global
1823869,Odontesthes bicudo,2022,2018-11-07,EN,True,False,B1ab(iii)+2ab(iii),Global
68632946,Mobula birostris,2020,2019-11-12,EN,False,False,A2bcd+3d,Global
214397182,Mobula birostris,2022,2019-11-12,EN,True,False,A2bcd+3d,Global
126669349,Mobula birostris,2018,2010-11-01,VU,False,False,A2abd+3bd+4abd,Global
9108067,Mobula birostris,2011,2010-11-01,VU,False,False,A2abd+3bd+4abd,Global
1825684,Steindachneridion parahybae,2021,2018-11-07,EN,True,False,"B2ab(ii,iii)",Global
43526147,Dermochelys coriacea,2013,2013-06-21,VU,True,False,A2bd,Global
12784317,Dermochelys coriacea,2000,2000-06-30,CR,False,False,A1abd,Global
12784296,Dermochelys coriacea,1996,1996-08-01,EN,False,False,A1abd,Global
12784279,Dermochelys coriacea,1994,1994-01-01,E,False,False,,Global
12784262,Dermochelys coriacea,1990,1990-01-01,E,False,False,,Global
12784764,Dermochelys coriacea,1988,1988-01-01,E,False,False,,Global
12784747,Dermochelys coriacea,1986,1986-01-01,E,False,False,,Global
12784730,Dermochelys coriacea,1982,1982-01-01,E,False,False,,Global
2951089,Pseudobatos horkelii,2020,2019-07-01,CR,True,False,A2bd,Global
103933918,Pseudobatos horkelii,2016,2007-03-03,CR,False,False,A2bd,Global
10396152,Pseudobatos horkelii,2007,2007-03-01,CR,False,False,A2bd,Global
10396321,Pseudobatos horkelii,2000,2000-01-01,CR,False,False,,Global
277110917,Myrmotherula minor,2025,2025-05-20,NT,True,False,C2a(i),Global
93833504,Myrmotherula minor,2016,2016-10-01,VU,False,False,"A2c+3c+4c;B1ab(i,ii,iii,iv,v);C2a(i)",Global
38079904,Myrmotherula minor,2012,2012-05-01,VU,False,False,"A2c+3c+4c;B1ab(i,ii,iii,iv,v);C2a(i)",Global
31394012,Myrmotherula minor,2008,2008-05-01,VU,False,False,"A2c+3c+4c;B1ab(i,ii,iii,iv,v);C2a(i)",Global
31394791,Myrmotherula minor,2004,2004-05-01,VU,False,False,"A2c+3c+4c;B1ab(i,ii,iii,iv,v);C2a(i)",Global
31395620,Myrmotherula minor,2000,2000-05-01,VU,False,False,"A2c;B1ab(i,ii,iii,iv,v);C1+2a(i)",Global
31396341,Myrmotherula minor,1996,1996-05-01,VU,False,False,,Global
31396934,Myrmotherula minor,1994,1994-05-01,VU,False,False,,Global
31397560,Myrmotherula minor,1988,1988-05-01,T,False,False,,Global
236442318,Syndactyla ucayalae,2024,2023-06-27,LC,True,False,,Global
93893083,Syndactyla ucayalae,2016,2016-10-01,NT,False,False,C2a(i),Global
50413773,Syndactyla ucayalae,2013,2013-11-01,NT,False,False,C2a(i),Global
38182840,Syndactyla ucayalae,2012,2012-05-01,NT,False,False,C2a(i),Global
35240008,Syndactyla ucayalae,2008,2008-05-01,NT,False,False,C2a(i),Global
35240864,Syndactyla ucayalae,2004,2004-05-01,NT,False,False,C2a(i),Global
35241863,Syndactyla ucayalae,2000,2000-05-01,LR/nt,False,False,,Global
35242261,Syndactyla ucayalae,1994,1994-05-01,LR/nt,False,False,,Global
35243228,Syndactyla ucayalae,1988,1988-05-01,NT,False,False,,Global
86254959,Ololygon muriciensis,2023,2021-04-09,CR,True,False,B1ab(iii),Global
48086166,Ololygon muriciensis,2015,2015-03-16,CR,False,False,B1ab(iii),Global
173832084,Hypsolebias faouri,2021,2020-12-31,CR,True,False,B1ab(v)+2ab(v),Global
17926390,Alouatta guariba guariba,2020,2020-03-05,VU,False,False,A4ce,Global
190417874,Alouatta guariba guariba,2021,2020-03-05,VU,True,False,A4ce,Global
10284881,Alouatta guariba guariba,2008,2008-06-30,LC,False,False,,Global
10285145,Alouatta guariba guariba,2003,2003-04-30,NT,False,False,,Global
10284831,Alouatta guariba guariba,2000,2000-06-30,VU,False,False,A1c,Global
10284858,Alouatta guariba guariba,1996,1996-08-01,VU,False,False,A1c,Global
10285304,Alouatta guariba guariba,1996,1996-01-01,VU,False,False,,Global
10285283,Alouatta guariba guariba,1994,1994-01-01,V,False,False,,Global
10285220,Alouatta guariba guariba,1990,1990-01-01,V,False,False,,Global
10285199,Alouatta guariba guariba,1988,1988-01-01,I,False,False,,Global
10285262,Alouatta guariba guariba,1986,1986-01-01,I,False,False,,Global
10285241,Alouatta guariba guariba,1982,1982-01-01,I,False,False,,Global
17784612,Sparisoma amplum,2012,2009-09-15,LC,True,False,,Global
8816135,Sparisoma amplum,2010,2009-09-14,LC,False,False,,Global
1817339,Trichomycterus itacarambiensis,2022,2018-11-07,CR,True,False,"B2ab(iii,v)",Global
12814890,Atelocynus microtis,2011,2011-08-04,NT,True,False,,Global
12814660,Atelocynus microtis,2011,2008-07-01,NT,False,False,,Global
12814341,Atelocynus microtis,2008,2008-06-30,NT,False,False,,Global
12814507,Atelocynus microtis,2004,2004-04-30,DD,False,False,,Global
12814300,Atelocynus microtis,1996,1996-08-01,DD,False,False,,Global
12814639,Atelocynus microtis,1994,1994-01-01,K,False,False,,Global
12814869,Atelocynus microtis,1990,1990-01-01,K,False,False,,Global
12814850,Atelocynus microtis,1986,1986-01-01,K,False,False,,Global
12814322,Atelocynus microtis,1982,1982-01-01,K,False,False,,Global
54909767,Hippocampus patagonicus,2017,2016-09-27,VU,True,False,A2cd,Global
172199287,Brachycephalus pernix,2023,2021-04-09,CR,True,False,B1ab(iii)+2ab(iii),Global
11149530,Brachycephalus pernix,2004,2004-04-30,DD,False,False,,Global
136929332,Ituglanis passensis,2022,2018-11-07,VU,True,False,D1,Global
259146246,Coendou speratus,2024,2024-06-12,VU,True,False,B1ab(iii),Global
46207028,Coendou speratus,2018,2013-06-30,EN,False,False,"B1ab(i,ii,iii,iv,v)+2ab(i,ii,iii,iv,v)",Global
166610234,Coendou speratus,2020,2013-06-30,EN,False,False,"B1ab(i,ii,iii,iv,v)+2ab(i,ii,iii,iv,v)",Global
136895728,Hypsolebias radiseriatus,2023,2022-05-18,EN,True,False,"B2ab(ii,iii,iv)",Global
10414562,Megalobulimus cardosoi,1996,1996-08-01,EX,True,False,,Global
10414592,Megalobulimus cardosoi,1996,1996-01-01,EX,False,False,,Global
1820849,Hypsolebias nielseni,2022,2018-11-07,EN,True,False,"B2ab(ii,iii)",Global
1819664,Hypsolebias auratus,2022,2018-11-07,CR,True,False,B2ab(iii),Global
17974834,Callicebus barbarabrownae,2020,2015-01-26,CR,False,False,C2a(i),Global
191703041,Callicebus barbarabrownae,2021,2015-01-26,CR,True,False,C2a(i),Global
10291470,Callicebus barbarabrownae,2008,2008-06-30,CR,False,False,C2a(i),Global
10291643,Callicebus barbarabrownae,2003,2003-04-30,CR,False,False,"B2ab(i,ii,iii); C2a(i); D",Global
10291443,Callicebus barbarabrownae,2000,2000-06-30,CR,False,False,B1+2abcde,Global
10291420,Callicebus barbarabrownae,1996,1996-08-01,CR,False,False,B1+2abcde,Global
10291722,Callicebus barbarabrownae,1996,1996-01-01,CR,False,False,,Global
10291701,Callicebus barbarabrownae,1994,1994-01-01,E,False,False,,Global
276826293,Charadrius wilsonia,2025,2025-04-10,LC,True,False,,Global
93421931,Charadrius wilsonia,2016,2016-10-01,LC,False,False,,Global
38752669,Charadrius wilsonia,2012,2012-05-01,LC,False,False,,Global
25577582,Charadrius wilsonia,2009,2009-05-01,LC,False,False,,Global
25579352,Charadrius wilsonia,2008,2008-05-01,LC,False,False,,Global
25580258,Charadrius wilsonia,2004,2004-05-01,LC,False,False,,Global
25581420,Charadrius wilsonia,2000,2000-05-01,LR/lc,False,False,,Global
25582566,Charadrius wilsonia,1994,1994-05-01,LR/lc,False,False,,Global
25584090,Charadrius wilsonia,1988,1988-05-01,LR/lc,False,False,,Global
195175974,Penelope superciliaris alagoensis,2021,2021-07-08,NT,True,False,A2cd+3cd+4cd,Global
92770303,Penelope superciliaris alagoensis,2016,2016-10-01,LC,False,False,,Global
40077351,Penelope superciliaris alagoensis,2012,2012-05-01,LC,False,False,,Global
32602065,Penelope superciliaris alagoensis,2009,2009-05-01,LC,False,False,,Global
32602645,Penelope superciliaris alagoensis,2008,2008-05-01,LC,False,False,,Global
32603215,Penelope superciliaris alagoensis,2004,2004-05-01,LC,False,False,,Global
32603574,Penelope superciliaris alagoensis,2000,2000-05-01,LR/lc,False,False,,Global
32603973,Penelope superciliaris alagoensis,1994,1994-05-01,LR/lc,False,False,,Global
32604523,Penelope superciliaris alagoensis,1988,1988-05-01,LR/lc,False,False,,Global
2933145,Stegastes sanctipauli,2015,2010-11-16,LC,True,False,,Global
10355267,Stegastes sanctipauli,1996,1996-08-01,VU,False,False,D2,Global
10355311,Stegastes sanctipauli,1996,1996-01-01,VU,False,False,,Global
3020432,Melanophryniscus montevidensis,2023,2021-01-28,NT,True,False,A2c,Global
11210277,Melanophryniscus montevidensis,2004,2004-04-30,VU,False,False,"A2ac; B1ab(iii,iv,v)",Global
2921825,Sphyrna zygaena,2019,2018-11-08,VU,True,False,A2bd,Global
16527905,Sphyrna zygaena,2016,2016-03-25,CR,True,False,A2bd,Mediterranean
48930610,Sphyrna zygaena,2015,2015-03-17,DD,True,False,,Europe
10193797,Sphyrna zygaena,2009,2005-10-01,VU,False,False,A2bd+3bd+4bd,Global
10194674,Sphyrna zygaena,2000,2000-06-30,LR/nt,False,False,,Global
122923627,Hylodes sazimai,2023,2021-04-09,VU,True,False,B1ab(iii),Global
3200906,Hylodes sazimai,2004,2004-04-30,DD,False,False,,Global
3201038,Hylodes sazimai,1996,1996-08-01,VU,False,False,A2c,Global
131330745,Celeus obrieni,2018,2018-08-10,VU,True,False,C2a(ii),Global
95036504,Celeus obrieni,2016,2016-10-01,EN,False,False,C2a(ii),Global
37957070,Celeus obrieni,2012,2012-05-01,EN,False,False,C2a(ii),Global
25335348,Celeus obrieni,2011,2011-05-01,EN,False,False,C2a(ii),Global
25336642,Celeus obrieni,2010,2010-05-01,CR,False,False,C2a(ii),Global
25337343,Celeus obrieni,2009,2009-05-01,CR,False,False,C2a(ii),Global
25338033,Celeus obrieni,2008,2008-05-01,CR,False,False,C2a(ii),Global
25338893,Celeus obrieni,2007,2007-05-01,CR,False,False,B1ab(iii);C2a(ii);D,Global
25339466,Celeus obrieni,2006,2006-05-01,NE,False,False,,Global
25333181,Celeus obrieni,2004,2004-05-01,NR,False,False,,Global
25333698,Celeus obrieni,2000,2000-05-01,NR,False,False,,Global
25334215,Celeus obrieni,1994,1994-05-01,NR,False,False,,Global
25334542,Celeus obrieni,1988,1988-05-01,NR,False,False,,Global
140551622,Ophthalmolebias ilheusensis,2022,2018-11-07,CR,True,False,B1ab(iii)+2ab(iii),Global
135057947,Hasemania piatan,2021,2018-11-07,EN,True,False,B1ab(iii),Global
249881355,Pristis pectinata,2022,2022-03-09,CR,True,False,A2cd,Global
58298676,Pristis pectinata,2022,2022-03-09,CR,False,False,A2cd,Global
90728210,Pristis pectinata,2016,2016-03-25,CR,True,True,A2b; D,Mediterranean
48956847,Pristis pectinata,2015,2015-03-24,CR,True,True,A2b; D,Europe
43398238,Pristis pectinata,2013,2012-06-05,CR,False,False,A2cd,Global
141791261,Pristis pectinata,2013,2012-06-05,CR,False,False,A2cd,Global
7723181,Pristis pectinata,2010,2009-02-16,NA,True,False,,Central Africa
7723726,Pristis pectinata,2006,2006-01-31,CR,False,False,A2bcd+3cd+4bcd,Global
7723152,Pristis pectinata,2000,2000-06-30,EN,False,False,A1bcd+2cd,Global
7724114,Pristis pectinata,1996,1996-08-01,EN,False,False,A1bcd+2cd,Global
1822354,Melanorivulus pinima,2022,2018-11-07,EN,True,False,"B1ab(i,ii,iii,iv,v)+2ab(i,ii,iii,iv,v)",Global
159253476,Colobodactylus dalcyanus,2021,2014-08-04,EN,True,False,B1ab(iii),Global
7603455,Colobodactylus dalcyanus,2010,2009-06-30,DD,False,False,,Global
241150335,Hypleurochilus brasil,2025,2024-03-05,EN,True,False,B2ab(iii),Global
43792740,Trichechus manatus,2024,2023-09-04,VU,True,False,C1,Global
9356917,Trichechus manatus,2008,2008-06-30,VU,False,False,C1,Global
9357464,Trichechus manatus,2007,2007-03-01,VU,False,False,C1,Global
9356876,Trichechus manatus,1996,1996-08-01,VU,False,False,A2d,Global
9358100,Trichechus manatus,1994,1994-01-01,V,False,False,,Global
9358043,Trichechus manatus,1990,1990-01-01,V,False,False,,Global
9358024,Trichechus manatus,1988,1988-01-01,V,False,False,,Global
9358081,Trichechus manatus,1986,1986-01-01,V,False,False,,Global
9358062,Trichechus manatus,1982,1982-01-01,V,False,False,,Global
9356899,Trichechus manatus,1965,1965-01-01,N/A,False,False,,Global
154323845,Leposoma baturitensis,2021,2013-10-11,EN,True,False,B2ab(iii),Global
154323706,Amphisbaena supernumeraria,2021,2014-08-22,EN,True,False,B1ab(iii),Global
46909320,Hyporthodus nigritus,2018,2016-11-21,NT,True,False,,Global
70326886,Hyporthodus nigritus,2015,2014-01-09,NT,True,False,,Gulf of Mexico
12857446,Hyporthodus nigritus,2006,2006-01-31,CR,False,False,A2d+3d,Global
12857668,Hyporthodus nigritus,1996,1996-08-01,CR,False,False,A1d+2d,Global
172223490,Hylodes magalhaesi,2023,2021-04-09,EN,True,False,B1ab(iii),Global
11569973,Hylodes magalhaesi,2010,2004-05-31,DD,False,False,,Global
11569871,Hylodes magalhaesi,2004,2004-04-30,DD,False,False,,Global
1821469,Garcialebias nachtigalli,2023,2022-05-18,VU,True,False,"B1ab(ii,iii)",Global
43793736,Trichechus inunguis,2016,2016-02-28,VU,True,False,A3cd,Global
9356406,Trichechus inunguis,2008,2008-06-30,VU,False,False,A3cd,Global
9356605,Trichechus inunguis,2007,2007-03-01,VU,False,False,A3cd,Global
9356365,Trichechus inunguis,1996,1996-08-01,VU,False,False,A1cd,Global
9356853,Trichechus inunguis,1994,1994-01-01,V,False,False,,Global
9356796,Trichechus inunguis,1990,1990-01-01,V,False,False,,Global
9356777,Trichechus inunguis,1988,1988-01-01,V,False,False,,Global
9356834,Trichechus inunguis,1986,1986-01-01,V,False,False,,Global
9356815,Trichechus inunguis,1982,1982-01-01,V,False,False,,Global
9356388,Trichechus inunguis,1965,1965-01-01,N/A,False,False,,Global
86254644,Crossodactylodes itambe,2023,2021-04-09,CR,True,False,"B1ab(ii,iii)+2ab(ii,iii)",Global
134659946,Ancistrus cryptophthalmus,2021,2018-11-07,EN,True,False,B2ab(iii),Global
123740926,Phalotris multipunctatus,2020,2012-12-31,EN,True,False,B2ab(iii),Global
143767533,Callistomys pictus,2025,2024-09-09,EN,True,False,"B2ab(i,ii,iii)",Global
160756610,Callistomys pictus,2019,2016-06-10,EN,False,False,"B2ab(i,ii,iii)",Global
22211052,Callistomys pictus,2016,2016-06-10,EN,False,False,"B2ab(i,ii,iii)",Global
12820194,Callistomys pictus,2008,2008-06-30,EN,False,False,"B1ab(ii,iii,iv)",Global
12820125,Callistomys pictus,2000,2000-06-30,DD,False,False,,Global
12820326,Callistomys pictus,1996,1996-08-01,LR/nt,False,False,,Global
12820173,Callistomys pictus,1996,1900-01-01,DD,False,False,,Global
17938210,Cebus kaapori,2019,2015-01-26,CR,False,False,A2acd+3cd+4acd,Global
166617312,Cebus kaapori,2020,2015-01-26,CR,False,False,A2acd+3cd+4acd,Global
191704766,Cebus kaapori,2021,2015-01-26,CR,True,False,A2acd+3cd+4acd,Global
10303725,Cebus kaapori,2008,2008-06-30,CR,False,False,A2cd,Global
10303968,Cebus kaapori,2000,2000-06-30,VU,False,False,A1c+2c,Global
10303679,Cebus kaapori,1996,1996-08-01,VU,False,False,"A1c, B1+2c",Global
10304004,Cebus kaapori,1996,1996-01-01,VU,False,False,,Global
10303704,Cebus kaapori,1994,1994-01-01,E,False,False,,Global
176514386,Acantholebias quirogai,2023,2021-02-17,EN,True,False,B2ab(iii),Global
123740392,Rodriguesophis scriptorcibatus,2019,2012-12-31,EN,True,False,B1ab(iii),Global
154080160,Calidris canutus,2024,2024-07-10,NT,True,False,A2bcd+4bcd,Global
166253934,Calidris canutus,2021,2020-12-18,LC,True,False,,Europe
132285482,Calidris canutus,2018,2018-08-10,NT,False,False,A2abc+3bc+4abc,Global
111379432,Calidris canutus,2017,2016-10-01,NT,False,False,A2abc+3bc+4abc,Global
93399298,Calidris canutus,2016,2016-10-01,NT,False,False,A2abc+3bc+4abc,Global
83036627,Calidris canutus,2015,2015-10-01,NT,False,False,A2abc+3bc+4abc,Global
60046604,Calidris canutus,2015,2015-03-31,LC,False,False,,Europe
38782160,Calidris canutus,2012,2012-05-01,LC,False,False,,Global
24839718,Calidris canutus,2009,2009-05-01,LC,False,False,,Global
24842863,Calidris canutus,2008,2008-05-01,LC,False,False,,Global
24845934,Calidris canutus,2004,2004-05-01,LC,False,False,,Global
24848916,Calidris canutus,2000,2000-05-01,LR/lc,False,False,,Global
24851862,Calidris canutus,1994,1994-05-01,LR/lc,False,False,,Global
24854817,Calidris canutus,1988,1988-05-01,LR/lc,False,False,,Global
131322723,Platyrinchus leucoryphus,2018,2018-08-07,VU,True,False,C2a(i),Global
93741610,Platyrinchus leucoryphus,2016,2016-10-01,VU,False,False,A2c+3c+4c,Global
38069400,Platyrinchus leucoryphus,2012,2012-05-01,VU,False,False,A2c+3c+4c,Global
33465231,Platyrinchus leucoryphus,2008,2008-05-01,VU,False,False,A2c+3c+4c,Global
33466338,Platyrinchus leucoryphus,2004,2004-05-01,VU,False,False,A2c+3c,Global
33466803,Platyrinchus leucoryphus,2000,2000-05-01,LR/nt,False,False,,Global
33467307,Platyrinchus leucoryphus,1996,1996-05-01,VU,False,False,,Global
33468183,Platyrinchus leucoryphus,1994,1994-05-01,VU,False,False,,Global
33468826,Platyrinchus leucoryphus,1988,1988-05-01,T,False,False,,Global
134705560,Cynolebias griseus,2022,2018-11-07,CR,True,False,B2ab(iii),Global
2910670,Carcharhinus leucas,2021,2020-11-24,VU,True,False,A2bcd,Global
10187195,Carcharhinus leucas,2009,2005-10-01,NT,False,False,,Global
10187686,Carcharhinus leucas,2000,2000-06-30,LR/nt,False,False,,Global
1822039,Conorhynchos conirostris,2021,2018-11-07,EN,True,False,A2cd,Global
155635992,Phaethornis major,2019,2019-08-07,LC,True,False,,Global
1818419,Hypsolebias stellatus,2022,2018-11-07,EN,True,False,"B1ab(ii,iii,iv)+2ab(ii,iii,iv)",Global
1818659,Steindachneridion amblyurum,2023,2022-05-18,VU,True,False,"B1ab(i,ii,iii,v)+2ab(i,ii,iii,v)",Global
49845580,Tropidurus hygomi,2021,2014-08-04,VU,True,False,A2b,Global
255538085,Hyphessobrycon cantoi,2025,2024-05-24,NT,True,False,B1b(iii)+2b(iii),Global
181246271,Hypanus berthalutzae,2020,2020-08-08,VU,True,False,A2d,Global
210270850,Pyrrhura amazonum,2022,2021-11-04,NT,True,False,A3c+4c,Global
95149950,Pyrrhura amazonum,2016,2016-10-01,EN,False,False,A4cd,Global
45422929,Pyrrhura amazonum,2014,2014-07-24,EN,False,False,A4cd,Global
163899552,Trogon collaris eytoni,2022,2022-08-17,LC,True,False,,Global
95176245,Trogon collaris eytoni,2016,2016-10-01,LC,False,False,,Global
61692266,Trogon collaris eytoni,2014,2014-07-24,LC,False,False,,Global
201426542,Knipolegus franciscanus,2021,2021-07-16,LC,True,False,,Global
110737329,Knipolegus franciscanus,2017,2016-10-01,LC,False,False,,Global
93765982,Knipolegus franciscanus,2016,2016-10-01,LC,False,False,,Global
49275176,Knipolegus franciscanus,2013,2013-11-01,LC,False,False,,Global
38029784,Knipolegus franciscanus,2012,2012-05-01,NT,False,False,"B1ab(i,ii,iii,iv)",Global
29557637,Knipolegus franciscanus,2008,2008-05-01,NT,False,False,"B1ab(i,ii,iii,iv)",Global
29558154,Knipolegus franciscanus,2005,2005-05-01,NT,False,False,"B1ab(i,ii,iii,iv)",Global
29558665,Knipolegus franciscanus,2004,2004-05-01,LC,False,False,,Global
29559369,Knipolegus franciscanus,2000,2000-05-01,NR,False,False,,Global
29560183,Knipolegus franciscanus,1994,1994-05-01,NR,False,False,,Global
29560767,Knipolegus franciscanus,1988,1988-05-01,NR,False,False,,Global
281031771,Schiffornis turdina intermedia,2025,2025-06-04,LC,True,False,,Global
112299070,Schiffornis turdina intermedia,2017,2016-10-01,LC,False,False,,Global
93788059,Schiffornis turdina intermedia,2016,2016-10-01,LC,False,False,,Global
125240998,Fluminagrion taxaense,2018,2006-12-21,CR,True,False,B1ab(iii),Global
5292963,Fluminagrion taxaense,2009,2006-12-21,CR,False,False,B1ab(iii),Global
139548920,Leporinus pitingai,2022,2018-11-07,CR,True,False,B1ab(iii),Global
172237407,Melanophryniscus admirabilis,2023,2021-04-09,CR,True,False,B1ab(iii)+2ab(iii),Global
44846478,Melanophryniscus admirabilis,2013,2013-05-16,CR,False,False,"B1ab(iii,v)+2ab(iii,v)",Global
4223546,Melanophryniscus admirabilis,2008,2008-01-01,NT,False,False,,Global
143621124,Achirus mucuri,2025,2024-07-02,EN,True,False,"B2ab(iii,v)",Global
141130682,Teleocichla centisquama,2022,2018-11-07,VU,True,False,"B2ab(ii,iii)",Global
6371319,Teleocichla centisquama,2009,2007-03-01,DD,False,False,,Global
177236427,Teleocichla centisquama,2020,2007-03-01,DD,False,False,,Global
3122808,Bathytoshia centroura,2020,2019-06-21,VU,True,False,A2d,Global
15157600,Apostolepis vittata,2021,2020-01-30,VU,True,False,B1ab(iii)+2ab(iii),Global
1814019,Hypsolebias igneus,2023,2022-05-18,EN,True,False,"B2ab(ii,iii)",Global
50354147,Eubalaena australis,2018,2017-12-21,LC,True,False,,Global
44230386,Eubalaena australis,2013,2008-07-01,LC,False,False,,Global
12893389,Eubalaena australis,2008,2008-06-30,LC,False,False,,Global
12893638,Eubalaena australis,1996,1996-08-01,LR/cd,False,False,,Global
12893798,Eubalaena australis,1994,1994-01-01,V,False,False,,Global
12893779,Eubalaena australis,1990,1990-01-01,V,False,False,,Global
12893370,Eubalaena australis,1988,1988-01-01,V,False,False,,Global
12893352,Eubalaena australis,1965,1965-01-01,N/A,False,False,,Global
263289089,Tangara cyanocephala cearensis,2024,2024-06-12,LC,True,False,,Global
94787225,Tangara cyanocephala cearensis,2016,2016-10-01,LC,False,False,,Global
40001000,Tangara cyanocephala cearensis,2012,2012-05-01,LC,False,False,,Global
36024637,Tangara cyanocephala cearensis,2009,2009-05-01,LC,False,False,,Global
36025037,Tangara cyanocephala cearensis,2008,2008-05-01,LC,False,False,,Global
36026197,Tangara cyanocephala cearensis,2004,2004-05-01,LC,False,False,,Global
36026583,Tangara cyanocephala cearensis,2000,2000-05-01,LR/lc,False,False,,Global
36027618,Tangara cyanocephala cearensis,1994,1994-05-01,LR/lc,False,False,,Global
36027935,Tangara cyanocephala cearensis,1988,1988-05-01,LR/lc,False,False,,Global
136891341,Hypsolebias gilbertobrasili,2023,2022-05-18,CR,True,False,B2ab(iii),Global
1822024,Characidium vestigipinne,2021,2018-11-07,CR,True,False,B2ab(iii),Global
17778441,Scarus zelindae,2012,2009-09-15,DD,True,False,,Global
8827314,Scarus zelindae,2010,2009-09-14,DD,False,False,,Global
1771000,Scartella itajobi,2014,2011-03-23,LC,True,False,,Global
1812477,Lophiosilurus alexandri,2021,2018-11-07,VU,True,False,A2cd,Global
161689029,Merulaxis stresemanni,2021,2020-08-05,CR,True,False,"B1ab(ii,iii,v); C2a(i,ii); D",Global
130827797,Merulaxis stresemanni,2018,2018-08-14,CR,False,False,"B1ab(i,ii,iii,v);C2a(i,ii);D",Global
93924978,Merulaxis stresemanni,2016,2016-10-01,CR,False,False,"B1ab(i,ii,iii,v);C2a(i,ii);D",Global
49765167,Merulaxis stresemanni,2013,2013-11-01,CR,False,False,"B1ab(i,ii,iii,v);C2a(i,ii);D",Global
38315841,Merulaxis stresemanni,2012,2012-05-01,CR,False,False,"B1ab(i,ii,iii,v);C2a(i,ii);D",Global
30796995,Merulaxis stresemanni,2010,2010-05-01,CR,False,False,"B1ab(i,ii,iii,v);C2a(ii)",Global
30797805,Merulaxis stresemanni,2009,2009-05-01,CR,False,False,"B1ab(i,ii,iii,v);C2a(ii)",Global
30798341,Merulaxis stresemanni,2008,2008-05-01,CR,False,False,"B1ab(i,ii,iii,v);C2a(ii)",Global
30799124,Merulaxis stresemanni,2006,2006-05-01,CR,False,False,"B1ab(i,ii,iii,v);C2a(ii)",Global
30800146,Merulaxis stresemanni,2005,2005-05-01,CR,False,False,"B1ab(i,ii,iii,v);C2a(ii);D",Global
30800890,Merulaxis stresemanni,2004,2004-05-01,CR,False,False,"B1ab(i,ii,iii,v);C2a(ii);D",Global
30801494,Merulaxis stresemanni,2000,2000-05-01,CR,False,False,C2a(i);D,Global
30802173,Merulaxis stresemanni,1996,1996-05-01,CR,False,False,,Global
30802337,Merulaxis stresemanni,1994,1994-05-01,CR,False,False,,Global
30803135,Merulaxis stresemanni,1988,1988-05-01,T,False,False,,Global
264104174,Nyctibius leucopterus,2024,2024-06-12,LC,True,False,,Global
93241716,Nyctibius leucopterus,2016,2016-10-01,LC,False,False,,Global
40439422,Nyctibius leucopterus,2012,2012-05-01,LC,False,False,,Global
31785532,Nyctibius leucopterus,2009,2009-05-01,LC,False,False,,Global
31786361,Nyctibius leucopterus,2008,2008-05-01,LC,False,False,,Global
31787703,Nyctibius leucopterus,2004,2004-05-01,LC,False,False,,Global
31788181,Nyctibius leucopterus,2000,2000-05-01,LR/lc,False,False,,Global
31788316,Nyctibius leucopterus,1994,1994-05-01,LR/lc,False,False,,Global
31788452,Nyctibius leucopterus,1988,1988-05-01,T,False,False,,Global
138548292,Parancistrus nudiventris,2022,2018-11-07,VU,True,False,A3c,Global
45795607,Polyprion americanus,2015,2014-03-14,NT,True,False,,Europe
10845635,Polyprion americanus,2011,2007-11-14,DD,True,False,,Mediterranean
10845280,Polyprion americanus,2003,2003-04-30,DD,True,False,,Global
1817654,Atlantirivulus lazzarotoi,2022,2018-11-07,CR,True,False,B2ab(iii),Global
217759966,Ranacephala hogei,2022,2016-02-25,CR,True,False,A2bcd+4bcd,Global
1316719,Ranacephala hogei,2016,2016-02-25,CR,False,False,A2bcd+4bcd,Global
97358872,Ranacephala hogei,1996,1996-08-01,EN,False,False,B1+2c,Global
6797504,Ranacephala hogei,1996,1996-08-01,EN,False,False,B1+2c,Global
6797466,Ranacephala hogei,1994,1994-01-01,I,False,False,,Global
6797539,Ranacephala hogei,1990,1990-01-01,I,False,False,,Global
6797558,Ranacephala hogei,1988,1988-01-01,I,False,False,,Global
6797485,Ranacephala hogei,1986,1986-01-01,I,False,False,,Global
6797577,Ranacephala hogei,1982,1982-01-01,I,False,False,,Global
275993656,Procnias averano averano,2025,2025-05-12,NT,True,False,A2cd+3cd+4cd,Global
93806811,Procnias averano averano,2016,2016-10-01,LC,False,False,,Global
38632391,Procnias averano averano,2012,2012-05-01,LC,False,False,,Global
33954062,Procnias averano averano,2009,2009-05-01,LC,False,False,,Global
33955117,Procnias averano averano,2008,2008-05-01,LC,False,False,,Global
33955536,Procnias averano averano,2004,2004-05-01,LC,False,False,,Global
33956343,Procnias averano averano,2000,2000-05-01,LR/lc,False,False,,Global
33956510,Procnias averano averano,1994,1994-05-01,LR/lc,False,False,,Global
33957537,Procnias averano averano,1988,1988-05-01,LR/lc,False,False,,Global
3103491,Atlantoraja cyclophora,2020,2019-07-01,EN,True,False,A2bd,Global
12462475,Atlantoraja cyclophora,2006,2006-01-31,VU,False,False,A3bd+4bd,Global
263751682,Leptasthenura platensis,2024,2024-06-12,LC,True,False,,Global
93863042,Leptasthenura platensis,2016,2016-10-01,LC,False,False,,Global
39203503,Leptasthenura platensis,2012,2012-05-01,LC,False,False,,Global
29936369,Leptasthenura platensis,2009,2009-05-01,LC,False,False,,Global
29936818,Leptasthenura platensis,2008,2008-05-01,LC,False,False,,Global
29937456,Leptasthenura platensis,2004,2004-05-01,LC,False,False,,Global
29938034,Leptasthenura platensis,2000,2000-05-01,LR/lc,False,False,,Global
29938321,Leptasthenura platensis,1994,1994-05-01,LR/lc,False,False,,Global
29938605,Leptasthenura platensis,1988,1988-05-01,LR/lc,False,False,,Global
131888081,Gubernatrix cristata,2018,2018-08-07,EN,True,False,A2cd+3cd+4cd,Global
94715786,Gubernatrix cristata,2016,2016-10-01,EN,False,False,A2cd+3cd+4cd,Global
48156458,Gubernatrix cristata,2013,2013-11-01,EN,False,False,A2cd+3cd+4cd,Global
38233871,Gubernatrix cristata,2012,2012-05-01,EN,False,False,A2cd+3cd+4cd,Global
28775685,Gubernatrix cristata,2008,2008-05-01,EN,False,False,A2cd+3cd+4cd,Global
28776728,Gubernatrix cristata,2004,2004-05-01,EN,False,False,A2cd+3cd,Global
28777063,Gubernatrix cristata,2000,2000-05-01,EN,False,False,A1cd+2cd,Global
28778010,Gubernatrix cristata,1996,1996-05-01,EN,False,False,,Global
28779064,Gubernatrix cristata,1994,1994-05-01,EN,False,False,,Global
28779820,Gubernatrix cristata,1988,1988-05-01,T,False,False,,Global
1813377,Steindachneridion punctatum,2023,2023-06-05,EN,True,False,B2ab(iii),Global
198480599,Pyrrhura pfrimeri,2021,2021-03-19,EN,True,False,A2c+3c+4c,Global
95071284,Pyrrhura pfrimeri,2016,2016-10-01,EN,False,False,"A2c+3c+4c; B1ab(ii,iii,v)",Global
37885871,Pyrrhura pfrimeri,2012,2012-05-01,EN,False,False,"A2c+3c+4c;B1ab(ii,iii,v)",Global
34580786,Pyrrhura pfrimeri,2008,2008-05-01,EN,False,False,"A2c+3c+4c;B1ab(ii,iii,v)",Global
34581626,Pyrrhura pfrimeri,2007,2007-05-01,EN,False,False,"B1ab(ii,iii,v)",Global
34582357,Pyrrhura pfrimeri,2006,2006-05-01,NE,False,False,,Global
34573836,Pyrrhura pfrimeri,2004,2004-05-01,NR,False,False,,Global
34574523,Pyrrhura pfrimeri,2000,2000-05-01,NR,False,False,,Global
34575343,Pyrrhura pfrimeri,1994,1994-05-01,NR,False,False,,Global
34575525,Pyrrhura pfrimeri,1988,1988-05-01,NR,False,False,,Global
1824439,Cynolebias leptocephalus,2022,2018-11-07,EN,True,False,"B1ab(ii,iii,iv)",Global
70612866,Sapajus flavius,2020,2020-03-12,EN,False,False,"A2acd; B2ab(ii,iii); C2a(i)",Global
179782919,Sapajus flavius,2020,2020-03-12,EN,False,False,"A2acd; B2ab(ii,iii); C2a(i)",Global
192592928,Sapajus flavius,2021,2020-03-12,EN,True,False,"A2acd; B2ab(ii,iii); C2a(i)",Global
70612549,Sapajus flavius,2015,2008-07-01,CR,False,False,C2a(i),Global
4265716,Sapajus flavius,2008,2008-06-30,CR,False,False,C2a(i),Global
1815632,Hypsolebias virgulatus,2022,2018-11-07,CR,True,False,B2ab(iii),Global
3091753,Sphyrna media,2020,2019-02-08,CR,True,False,A2bcd,Global
12317805,Sphyrna media,2006,2006-01-31,DD,False,False,,Global
1824319,Heptapterus multiradiatus,2021,2018-11-07,CR,True,True,"B1ab(i,iii,iv)",Global
1814334,Delturus parahybae,2022,2018-11-07,CR,True,False,B2ab(iii),Global
104170822,Fontitrygon colarensis,2020,2019-07-01,CR,True,False,A2d,Global
104170446,Fontitrygon colarensis,2016,2006-02-02,VU,False,False,A3d,Global
12314005,Fontitrygon colarensis,2006,2006-01-31,VU,False,False,A3d,Global
172198317,Thoropa petropolitana,2023,2021-04-09,CR,True,True,D,Global
9322082,Thoropa petropolitana,2004,2004-04-30,VU,False,False,"B1ab(iii,v)+2ab(ii,iii,iv,v)",Global
9322226,Thoropa petropolitana,1996,1996-08-01,CR,False,False,A1a,Global
161865951,Psophia obscura,2025,2025-06-05,CR,True,False,C2a(i),Global
95157936,Psophia obscura,2016,2016-10-01,CR,False,False,A4cd; C2a(i),Global
125706121,Psophia obscura,2018,2016-10-01,CR,False,False,A4cd; C2a(i),Global
78918938,Psophia obscura,2015,2015-10-01,CR,False,False,A4cd; C2a(i),Global
45471273,Psophia obscura,2014,2014-07-24,CR,False,False,A4cd; C2a(i),Global
210444314,Myrmecophaga tridactyla,2025,2024-05-10,VU,True,False,A2cd,Global
47441961,Myrmecophaga tridactyla,2014,2013-11-06,VU,False,False,A2c,Global
4425237,Myrmecophaga tridactyla,2010,2010-05-22,VU,False,False,A2c,Global
4424684,Myrmecophaga tridactyla,2008,2008-06-30,NT,False,False,,Global
4424936,Myrmecophaga tridactyla,2006,2006-01-31,NT,False,False,,Global
4424646,Myrmecophaga tridactyla,1996,1996-08-01,VU,False,False,A1cd,Global
4425182,Myrmecophaga tridactyla,1994,1994-01-01,V,False,False,,Global
4425165,Myrmecophaga tridactyla,1990,1990-01-01,V,False,False,,Global
4425216,Myrmecophaga tridactyla,1988,1988-01-01,V,False,False,,Global
4425199,Myrmecophaga tridactyla,1986,1986-01-01,V,False,False,,Global
4424667,Myrmecophaga tridactyla,1982,1982-01-01,V,False,False,,Global
118773701,Automolus lammi,2017,2017-10-01,EN,True,False,C2a(i),Global
95128206,Automolus lammi,2016,2016-10-01,VU,False,False,C2a(i),Global
61790477,Automolus lammi,2014,2014-07-24,VU,False,False,C2a(i),Global
2878674,Carcharodon carcharias,2019,2018-11-07,VU,False,False,A2bd,Global
212629880,Carcharodon carcharias,2022,2018-11-07,VU,True,False,A2bd,Global
16527829,Carcharodon carcharias,2016,2016-03-25,CR,True,False,A2d,Mediterranean
48948790,Carcharodon carcharias,2015,2014-09-10,CR,True,False,C2a(ii),Europe
10133872,Carcharodon carcharias,2009,2005-10-01,VU,False,False,A2cd+3cd,Global
10134462,Carcharodon carcharias,2000,2000-06-30,VU,False,False,A1cd+2cd,Global
10133834,Carcharodon carcharias,1996,1996-08-01,VU,False,False,A1bcd+2cd,Global
10135122,Carcharodon carcharias,1994,1994-01-01,K,False,False,,Global
10133855,Carcharodon carcharias,1990,1990-01-01,K,False,False,,Global
141105839,Stygichthys typhlops,2022,2018-11-07,EN,True,False,"B2ab(ii,iii)",Global
9240579,Stygichthys typhlops,1996,1996-08-01,DD,False,False,,Global
9203243,Speothos venaticus,2011,2011-08-04,NT,True,False,,Global
9202812,Speothos venaticus,2008,2008-06-30,NT,False,False,,Global
9203016,Speothos venaticus,2004,2004-04-30,VU,False,False,C2a(i),Global
9202774,Speothos venaticus,1996,1996-08-01,VU,False,False,C2a,Global
9203192,Speothos venaticus,1994,1994-01-01,V,False,False,,Global
9203175,Speothos venaticus,1990,1990-01-01,V,False,False,,Global
9203226,Speothos venaticus,1988,1988-01-01,V,False,False,,Global
9203209,Speothos venaticus,1986,1986-01-01,V,False,False,,Global
9202795,Speothos venaticus,1982,1982-01-01,V,False,False,,Global
135333401,Eurolophosaurus divaricatus,2019,2014-08-04,LC,True,False,,Global
221059418,Balaenoptera borealis,2023,2022-08-09,LC,True,False,,Europe
130482064,Balaenoptera borealis,2018,2018-06-25,EN,True,False,A1abd,Global
9445100,Balaenoptera borealis,2008,2008-06-30,EN,False,False,A1ad,Global
9444871,Balaenoptera borealis,2007,2007-01-26,EN,False,False,D,Europe
9444573,Balaenoptera borealis,1996,1996-08-01,EN,False,False,A1abd,Global
9444850,Balaenoptera borealis,1994,1994-01-01,V,False,False,,Global
221182790,Crypturellus noctivagus noctivagus,2023,2022-09-15,NT,True,False,A2cd+3cd+4cd,Global
92761578,Crypturellus noctivagus noctivagus,2016,2016-10-01,NT,False,False,A2cd+3cd+4cd,Global
37852291,Crypturellus noctivagus noctivagus,2012,2012-05-01,NT,False,False,A2cd+3cd+4cd,Global
26717711,Crypturellus noctivagus noctivagus,2008,2008-05-01,NT,False,False,A2cd+3cd+4cd,Global
26718357,Crypturellus noctivagus noctivagus,2004,2004-05-01,NT,False,False,A2cd+3cd,Global
26718890,Crypturellus noctivagus noctivagus,2000,2000-05-01,LR/nt,False,False,,Global
26719530,Crypturellus noctivagus noctivagus,1994,1994-05-01,LR/nt,False,False,,Global
26720018,Crypturellus noctivagus noctivagus,1988,1988-05-01,T,False,False,,Global
15158627,Calamodontophis ronaldoi,2021,2014-08-04,EN,True,False,B1ab(iii),Global
10281844,Calamodontophis ronaldoi,2000,2000-06-30,EN,False,False,B1+2c,Global
46914636,Epinephelus morio,2018,2016-11-20,VU,True,False,A2bd,Global
70324362,Epinephelus morio,2015,2014-01-09,NT,True,False,,Gulf of Mexico
10923778,Epinephelus morio,2004,2004-04-30,NT,False,False,,Global
2920499,Sphyrna mokarran,2019,2018-11-09,CR,True,False,A2bd,Global
73775475,Sphyrna mokarran,2015,2015-02-25,DD,True,False,,Europe
10191938,Sphyrna mokarran,2007,2007-03-01,EN,False,False,A2bd+4bd,Global
10192881,Sphyrna mokarran,2000,2000-06-30,DD,False,False,,Global
86255323,Proceratophrys sanctaritae,2023,2021-04-09,EN,True,False,B1ab(iii),Global
143756439,Mergus octosetaceus,2019,2019-02-01,CR,True,False,C2a(i),Global
123509847,Mergus octosetaceus,2018,2016-10-01,CR,False,False,C2a(i),Global
92863947,Mergus octosetaceus,2016,2016-10-01,CR,False,False,C2a(i),Global
78309117,Mergus octosetaceus,2015,2015-10-01,CR,False,False,C2a(i),Global
48006781,Mergus octosetaceus,2013,2013-11-01,CR,False,False,C2a(i),Global
37828470,Mergus octosetaceus,2012,2012-05-01,CR,False,False,C2a(i),Global
30739033,Mergus octosetaceus,2010,2010-05-01,CR,False,False,C2a(i),Global
30740435,Mergus octosetaceus,2009,2009-05-01,CR,False,False,C2a(i),Global
30741300,Mergus octosetaceus,2008,2008-05-01,CR,False,False,C2a(i),Global
30742221,Mergus octosetaceus,2006,2006-05-01,CR,False,False,C2a(i),Global
30743078,Mergus octosetaceus,2004,2004-05-01,CR,False,False,C2a(i),Global
30743853,Mergus octosetaceus,2000,2000-05-01,CR,False,False,C2a(i),Global
30744691,Mergus octosetaceus,1996,1996-05-01,CR,False,False,,Global
30745431,Mergus octosetaceus,1994,1994-05-01,CR,False,False,,Global
30723249,Mergus octosetaceus,1988,1988-05-01,T,False,False,,Global
263201909,Ceratophrys ornata,2025,2024-08-06,VU,False,False,"B2ab(i,ii,iii,v)",Global
298219171,Ceratophrys ornata,2025,2024-08-06,VU,True,False,"B2ab(i,ii,iii,v)",Global
101427784,Ceratophrys ornata,2023,2021-01-28,NT,False,False,A2cd,Global
11464790,Ceratophrys ornata,2004,2004-04-30,NT,False,False,,Global
1813944,Cnesterodon carnegiei,2022,2018-11-07,VU,True,False,B1ab(iii),Global
264118006,Hypocnemis hypoxantha ochraceiventris,2024,2024-06-12,LC,True,False,,Global
110864280,Hypocnemis hypoxantha ochraceiventris,2017,2016-10-01,LC,False,False,,Global
93846660,Hypocnemis hypoxantha ochraceiventris,2016,2016-10-01,LC,False,False,,Global
39173412,Hypocnemis hypoxantha ochraceiventris,2012,2012-05-01,LC,False,False,,Global
29336806,Hypocnemis hypoxantha ochraceiventris,2009,2009-05-01,LC,False,False,,Global
29337446,Hypocnemis hypoxantha ochraceiventris,2008,2008-05-01,LC,False,False,,Global
29337876,Hypocnemis hypoxantha ochraceiventris,2004,2004-05-01,LC,False,False,,Global
29338202,Hypocnemis hypoxantha ochraceiventris,2000,2000-05-01,LR/lc,False,False,,Global
29338803,Hypocnemis hypoxantha ochraceiventris,1994,1994-05-01,LR/lc,False,False,,Global
29339232,Hypocnemis hypoxantha ochraceiventris,1988,1988-05-01,LR/lc,False,False,,Global
172241454,Sphaenorhynchus canga,2023,2021-04-09,LC,True,False,,Global
95948089,Cycloramphus stejnegeri,2023,2021-04-09,CR,True,True,D,Global
11457392,Cycloramphus stejnegeri,2004,2004-04-30,DD,False,False,,Global
159254400,Leposternon scutigerum,2021,2012-12-31,EN,True,False,B1ab(iii),Global
7202949,Leposternon scutigerum,2010,2009-06-30,DD,False,False,,Global
17935211,Leontopithecus rosalia,2019,2015-01-26,EN,False,False,A3cde,Global
192327291,Leontopithecus rosalia,2021,2015-01-26,EN,True,False,A3cde,Global
3287321,Leontopithecus rosalia,2008,2008-06-30,EN,False,False,B1ab(iii),Global
3287523,Leontopithecus rosalia,2003,2003-04-30,EN,False,False,C2a(i),Global
3287292,Leontopithecus rosalia,2000,2000-06-30,CR,False,False,"B1+2abcde, C2a",Global
3287271,Leontopithecus rosalia,1996,1996-08-01,CR,False,False,"B1+2abcde, C2a",Global
3287646,Leontopithecus rosalia,1994,1994-01-01,E,False,False,,Global
3287595,Leontopithecus rosalia,1990,1990-01-01,E,False,False,,Global
3287578,Leontopithecus rosalia,1988,1988-01-01,E,False,False,,Global
3287629,Leontopithecus rosalia,1986,1986-01-01,E,False,False,,Global
3287612,Leontopithecus rosalia,1982,1982-01-01,E,False,False,,Global
1815272,Hypsolebias carlettoi,2023,2022-05-18,EN,True,False,"B1ab(ii,iii)+2ab(ii,iii)",Global
132020897,Coryphaspiza melanotis,2018,2018-08-09,VU,True,False,A2c+3c+4c,Global
111139606,Coryphaspiza melanotis,2017,2016-10-01,VU,False,False,A2c+3c+4c,Global
94800774,Coryphaspiza melanotis,2016,2016-10-01,VU,False,False,A2c+3c+4c,Global
38130907,Coryphaspiza melanotis,2012,2012-05-01,VU,False,False,A2c+3c+4c,Global
26531758,Coryphaspiza melanotis,2008,2008-05-01,VU,False,False,A2c+3c+4c,Global
26532756,Coryphaspiza melanotis,2004,2004-05-01,VU,False,False,A2c+3c,Global
26533598,Coryphaspiza melanotis,2000,2000-05-01,VU,False,False,A1c+2c,Global
26534599,Coryphaspiza melanotis,1996,1996-05-01,VU,False,False,,Global
26535310,Coryphaspiza melanotis,1994,1994-05-01,VU,False,False,,Global
26536179,Coryphaspiza melanotis,1988,1988-05-01,T,False,False,,Global
1825489,Cynopoecilus intimus,2022,2018-11-07,VU,True,False,D2,Global
22333946,Microakodontomys transitorius,2018,2016-07-16,EN,True,False,B2ab(iii),Global
4295568,Microakodontomys transitorius,2010,2009-09-24,EN,False,False,B1ab(iii),Global
4295492,Microakodontomys transitorius,2008,2008-06-30,VU,False,False,D2,Global
17976373,Chiropotes satanas,2020,2020-03-04,EN,False,False,A4cd,Global
191704509,Chiropotes satanas,2021,2020-03-04,EN,True,False,A4cd,Global
10297662,Chiropotes satanas,2008,2008-06-30,CR,False,False,A2c+3c,Global
10297848,Chiropotes satanas,2003,2003-04-30,EN,False,False,"A2cd; B2ab(i,ii,iii); C2a(i)",Global
10297983,Chiropotes satanas,2000,2000-01-01,LR/lc,False,False,,Global
10297619,Chiropotes satanas,1996,1996-08-01,LR/lc,False,False,,Global
10298004,Chiropotes satanas,1996,1996-01-01,LR/lc,False,False,,Global
10297920,Chiropotes satanas,1994,1994-01-01,E,False,False,,Global
10297899,Chiropotes satanas,1990,1990-01-01,E,False,False,,Global
10297962,Chiropotes satanas,1988,1988-01-01,E,False,False,,Global
10297941,Chiropotes satanas,1986,1986-01-01,E,False,False,,Global
10297641,Chiropotes satanas,1982,1982-01-01,E,False,False,,Global
168988714,Sula sula,2021,2020-02-20,LC,True,False,,Global
132589278,Sula sula,2018,2018-08-10,LC,False,False,,Global
93579530,Sula sula,2016,2016-10-01,LC,False,False,,Global
40300788,Sula sula,2012,2012-05-01,LC,False,False,,Global
35791170,Sula sula,2009,2009-05-01,LC,False,False,,Global
35793282,Sula sula,2008,2008-05-01,LC,False,False,,Global
35795720,Sula sula,2004,2004-05-01,LC,False,False,,Global
35798139,Sula sula,2000,2000-05-01,LR/lc,False,False,,Global
35800534,Sula sula,1994,1994-05-01,LR/lc,False,False,,Global
35803300,Sula sula,1988,1988-05-01,LR/lc,False,False,,Global
277431210,Pyriglena atra,2025,2025-05-20,NT,True,False,B1b(iii),Global
93845126,Pyriglena atra,2016,2016-10-01,EN,False,False,A2c+3c+4c;C2a(i),Global
38240549,Pyriglena atra,2012,2012-05-01,EN,False,False,A2c+3c+4c;C2a(i),Global
34534796,Pyriglena atra,2008,2008-05-01,EN,False,False,A2c+3c+4c;C2a(i),Global
34535905,Pyriglena atra,2004,2004-05-01,EN,False,False,"A2c+3c; B1ab(i,ii,iii,iv,v); C2a(i)",Global
34536941,Pyriglena atra,2000,2000-05-01,CR,False,False,"B1ab(i,ii,iii,iv,v)",Global
34537332,Pyriglena atra,1996,1996-05-01,EN,False,False,,Global
34538119,Pyriglena atra,1994,1994-05-01,EN,False,False,,Global
34538706,Pyriglena atra,1988,1988-05-01,T,False,False,,Global
2907336,Galeorhinus galeus,2020,2020-02-14,CR,True,False,A2bd,Global
16527949,Galeorhinus galeus,2016,2016-03-25,VU,True,False,A2bd,Mediterranean
48938136,Galeorhinus galeus,2015,2014-12-01,VU,True,False,A2bd,Europe
10212764,Galeorhinus galeus,2006,2006-01-31,VU,False,False,A2bd+3d+4bd,Global
10213200,Galeorhinus galeus,2000,2000-06-30,VU,False,False,A1bd,Global
132137806,Spinus yarrellii,2018,2018-08-09,VU,True,False,A2d,Global
94666662,Spinus yarrellii,2016,2016-10-01,VU,False,False,A2d,Global
38729452,Spinus yarrellii,2012,2012-05-01,VU,False,False,A2d,Global
25166891,Spinus yarrellii,2008,2008-05-01,VU,False,False,A2d,Global
25168407,Spinus yarrellii,2004,2004-05-01,VU,False,False,A2d+3d,Global
25169204,Spinus yarrellii,2000,2000-05-01,VU,False,False,A1d+2d,Global
25169491,Spinus yarrellii,1996,1996-05-01,VU,False,False,,Global
25170653,Spinus yarrellii,1994,1994-05-01,VU,False,False,,Global
25171096,Spinus yarrellii,1988,1988-05-01,T,False,False,,Global
70615593,Sapajus xanthosternos,2020,2020-03-02,CR,False,False,A4cde,Global
192592138,Sapajus xanthosternos,2021,2020-03-02,CR,True,False,A4cde,Global
70615251,Sapajus xanthosternos,2015,2008-07-01,CR,False,False,A2cd,Global
10360931,Sapajus xanthosternos,2008,2008-06-30,CR,False,False,A2cd,Global
10361157,Sapajus xanthosternos,2003,2003-04-30,CR,False,False,A2cd; C2a(i),Global
10360904,Sapajus xanthosternos,2000,2000-06-30,CR,False,False,"B1+2abcde, C2a",Global
10360881,Sapajus xanthosternos,1996,1996-08-01,CR,False,False,"B1+2abcde, C2a",Global
10361244,Sapajus xanthosternos,1996,1996-01-01,CR,False,False,,Global
10361223,Sapajus xanthosternos,1994,1994-01-01,E,False,False,,Global
173823745,Garcialebias araucarianus,2021,2021-02-04,DD,True,False,,Global
2998643,Sympterygia acuta,2020,2019-07-01,CR,True,False,A2bd,Global
10931230,Sympterygia acuta,2004,2004-04-30,VU,False,False,A2bd,Global
141169851,Trichomycterus rubbioli,2022,2018-11-07,EN,True,False,B1ab(iii)+2ab(iii),Global
22327982,Hylaeamys oniscus,2017,2016-07-19,NT,True,False,B2ab(iii),Global
4887846,Hylaeamys oniscus,2008,2008-06-30,VU,False,False,B1ab(iii),Global
4887950,Hylaeamys oniscus,1996,1996-08-01,LR/nt,False,False,,Global
17975664,Callicebus personatus,2020,2015-01-26,VU,False,False,A2c,Global
191700126,Callicebus personatus,2021,2015-01-26,VU,True,False,A2c,Global
9940882,Callicebus personatus,2008,2008-06-30,VU,False,False,A2c,Global
9941015,Callicebus personatus,2003,2003-04-30,VU,False,False,"A3c; B1ab(i,ii,iii,iv,v); C2a(i); D1",Global
9940851,Callicebus personatus,2000,2000-06-30,VU,False,False,"A1c, B1+2c",Global
9940828,Callicebus personatus,1996,1996-08-01,VU,False,False,A1c,Global
9941137,Callicebus personatus,1996,1996-01-01,VU,False,False,,Global
9941173,Callicebus personatus,1994,1994-01-01,E,False,False,,Global
9941156,Callicebus personatus,1994,1994-01-01,V,False,False,,Global
9941086,Callicebus personatus,1990,1990-01-01,E,False,False,,Global
9941069,Callicebus personatus,1988,1988-01-01,V,False,False,,Global
9941120,Callicebus personatus,1986,1986-01-01,V,False,False,,Global
9941103,Callicebus personatus,1982,1982-01-01,V,False,False,,Global
233710606,Holoscolex dossantosi,2023,2022-04-29,EN,True,False,B1ab(iii),Global
137792663,Procellosaurinus tetradactylus,2021,2014-08-04,EN,True,False,B1ab(iii),Global
209605460,Aratinga solstitialis,2022,2021-10-22,EN,True,False,C2a(ii),Global
95192947,Aratinga solstitialis,2016,2016-10-01,EN,False,False,C2a(ii),Global
62233643,Aratinga solstitialis,2014,2014-07-24,EN,False,False,C2a(ii),Global
264057226,Grallaria varia distincta,2024,2024-06-12,LC,True,False,,Global
110911862,Grallaria varia distincta,2017,2016-10-01,LC,False,False,,Global
93912182,Grallaria varia distincta,2016,2016-10-01,LC,False,False,,Global
39178034,Grallaria varia distincta,2012,2012-05-01,LC,False,False,,Global
28688691,Grallaria varia distincta,2009,2009-05-01,LC,False,False,,Global
28689199,Grallaria varia distincta,2008,2008-05-01,LC,False,False,,Global
28689715,Grallaria varia distincta,2004,2004-05-01,LC,False,False,,Global
28690062,Grallaria varia distincta,2000,2000-05-01,LR/lc,False,False,,Global
28690481,Grallaria varia distincta,1994,1994-05-01,LR/lc,False,False,,Global
28691032,Grallaria varia distincta,1988,1988-05-01,LR/lc,False,False,,Global
1816892,Pogonopoma parahybae,2023,2022-05-18,VU,True,False,B1ab(iii),Global
281321118,Celeus torquatus pieteroyensi,2025,2025-06-02,LC,True,False,,Global
1816247,Simpsonichthys santanae,2023,2018-11-07,EN,True,False,B1ab(iii)+2ab(iii),Global
216833765,Hylopezus ochroleucus,2022,2022-08-01,LC,True,False,,Global
93918357,Hylopezus ochroleucus,2016,2016-10-01,NT,False,False,A2c+3c+4c,Global
61787441,Hylopezus ochroleucus,2014,2014-07-24,NT,False,False,A2c+3c+4c,Global
38286964,Hylopezus ochroleucus,2012,2012-05-01,NT,False,False,"B1ab(i,ii,iii,v)",Global
29306107,Hylopezus ochroleucus,2008,2008-05-01,NT,False,False,"B1ab(i,ii,iii,v)",Global
29306679,Hylopezus ochroleucus,2004,2004-05-01,NT,False,False,"B1ab(i,ii,iii,v)",Global
29307346,Hylopezus ochroleucus,2000,2000-05-01,LR/nt,False,False,,Global
29307529,Hylopezus ochroleucus,1994,1994-05-01,LR/nt,False,False,,Global
29308061,Hylopezus ochroleucus,1988,1988-05-01,LR/lc,False,False,,Global
132163295,Sporophila falcirostris,2018,2018-08-09,VU,True,False,A2cd+3cd+4cd; C2a(i),Global
94815527,Sporophila falcirostris,2016,2016-10-01,VU,False,False,A2cd+3cd+4cd;C2a(i),Global
38162686,Sporophila falcirostris,2012,2012-05-01,VU,False,False,A2cd+3cd+4cd;C2a(i),Global
35386449,Sporophila falcirostris,2008,2008-05-01,VU,False,False,A2cd+3cd+4cd;C2a(i),Global
35387500,Sporophila falcirostris,2004,2004-05-01,VU,False,False,A2cd+3cd;C2a(i),Global
35388330,Sporophila falcirostris,2000,2000-05-01,VU,False,False,A1cd+2cd;C1+2a(i),Global
35388963,Sporophila falcirostris,1996,1996-05-01,EN,False,False,,Global
35389716,Sporophila falcirostris,1994,1994-05-01,EN,False,False,,Global
35390633,Sporophila falcirostris,1988,1988-05-01,T,False,False,,Global
520080,Dichotomius schiffleri,2013,2013-08-08,EN,False,False,B2ab(iii),Global
176235411,Dichotomius schiffleri,2020,2013-08-08,EN,True,False,B2ab(iii),Global
157116325,Simpsonichthys boitonei,2023,2022-05-18,EN,True,False,"B1ab(iii,iv)",Global
12416027,Simpsonichthys boitonei,1996,1996-08-01,VU,False,False,B1+3bd,Global
12415989,Simpsonichthys boitonei,1994,1994-01-01,R,False,False,,Global
12416060,Simpsonichthys boitonei,1990,1990-01-01,R,False,False,,Global
12416079,Simpsonichthys boitonei,1988,1988-01-01,R,False,False,,Global
12416008,Simpsonichthys boitonei,1986,1986-01-01,R,False,False,,Global
139555968,Leptolebias marmoratus,2022,2018-11-07,CR,True,False,"B2ab(i,ii,iii,iv,v)",Global
10176517,Leptolebias marmoratus,1996,1996-08-01,VU,False,False,B1+2ac+3bd,Global
10176475,Leptolebias marmoratus,1994,1994-01-01,E,False,False,,Global
10176554,Leptolebias marmoratus,1990,1990-01-01,E,False,False,,Global
10176575,Leptolebias marmoratus,1988,1988-01-01,E,False,False,,Global
10176496,Leptolebias marmoratus,1986,1986-01-01,I,False,False,,Global
17935400,Leontopithecus chrysopygus,2020,2020-01-23,EN,True,False,A3ce,Global
3290864,Leontopithecus chrysopygus,2008,2008-06-30,EN,False,False,B2ab(iii),Global
3291045,Leontopithecus chrysopygus,2003,2003-04-30,CR,False,False,C2a(ii),Global
3290835,Leontopithecus chrysopygus,2000,2000-06-30,CR,False,False,B1+2abcde,Global
3290814,Leontopithecus chrysopygus,1996,1996-08-01,CR,False,False,"B1+2abcde, C2a",Global
3291165,Leontopithecus chrysopygus,1994,1994-01-01,E,False,False,,Global
3291114,Leontopithecus chrysopygus,1990,1990-01-01,E,False,False,,Global
3291097,Leontopithecus chrysopygus,1988,1988-01-01,E,False,False,,Global
3291148,Leontopithecus chrysopygus,1986,1986-01-01,E,False,False,,Global
3291131,Leontopithecus chrysopygus,1982,1982-01-01,E,False,False,,Global
264079567,Dendrocincla merula badia,2024,2024-06-12,LC,True,False,,Global
93899899,Dendrocincla merula badia,2016,2016-10-01,LC,False,False,,Global
39243320,Dendrocincla merula badia,2012,2012-05-01,LC,False,False,,Global
26961556,Dendrocincla merula badia,2009,2009-05-01,LC,False,False,,Global
26962182,Dendrocincla merula badia,2008,2008-05-01,LC,False,False,,Global
26962699,Dendrocincla merula badia,2004,2004-05-01,LC,False,False,,Global
26963154,Dendrocincla merula badia,2000,2000-05-01,LR/lc,False,False,,Global
26963742,Dendrocincla merula badia,1994,1994-05-01,LR/lc,False,False,,Global
26964342,Dendrocincla merula badia,1988,1988-05-01,LR/lc,False,False,,Global
1817774,Campellolebias dorsimaculatus,2022,2018-11-07,CR,True,False,"B2ab(ii,iii)",Global
123179114,Bothrops alcatraz,2021,2012-12-31,VU,True,False,D2,Global
11050246,Bothrops alcatraz,2004,2004-04-30,CR,False,False,B1ab(iii)+2ab(iii),Global
11050318,Bothrops alcatraz,2000,2000-01-01,CR,False,False,,Global
136895655,Hypsolebias radiosus,2022,2018-11-07,DD,True,False,,Global
1821709,Otothyris juquiae,2022,2018-11-07,CR,True,False,"B2ab(ii,iii)",Global
892453,Paratrygon aiereba,2025,2024-09-12,CR,True,False,A2bcde,Global
67479751,Liolaemus occipitalis,2021,2014-11-13,VU,True,False,"B2ab(ii,iii)",Global
10282088,Liolaemus occipitalis,2000,2000-06-30,VU,False,False,B1+2bc,Global
135334075,Caparaonia itaiquara,2019,2014-08-04,LC,True,False,,Global
50386256,Sotalia guianensis,2018,2017-10-12,NT,False,False,A2d+3d+4d,Global
144232542,Sotalia guianensis,2018,2017-10-12,NT,True,False,A2d+3d+4d,Global
17583662,Sotalia guianensis,2012,2009-04-09,DD,False,False,,Global
7669563,Sotalia guianensis,2010,2009-04-08,DD,False,False,,Global
264106204,Nyctibius aethereus aethereus,2024,2024-06-12,LC,True,False,,Global
93240821,Nyctibius aethereus aethereus,2016,2016-10-01,LC,False,False,,Global
40436726,Nyctibius aethereus aethereus,2012,2012-05-01,LC,False,False,,Global
31833156,Nyctibius aethereus aethereus,2009,2009-05-01,LC,False,False,,Global
31833808,Nyctibius aethereus aethereus,2008,2008-05-01,LC,False,False,,Global
31769468,Nyctibius aethereus aethereus,2004,2004-05-01,LC,False,False,,Global
31770404,Nyctibius aethereus aethereus,2000,2000-05-01,LR/lc,False,False,,Global
31770754,Nyctibius aethereus aethereus,1994,1994-05-01,LR/lc,False,False,,Global
31771667,Nyctibius aethereus aethereus,1988,1988-05-01,T,False,False,,Global
50386457,Sotalia fluviatilis,2020,2020-08-20,EN,True,False,A4b,Global
17583369,Sotalia fluviatilis,2012,2010-04-09,DD,False,False,,Global
8839107,Sotalia fluviatilis,2010,2010-04-08,DD,False,False,,Global
159253680,Contomastix vacariensis,2021,2014-08-04,VU,True,False,B1ab(iii),Global
7493651,Contomastix vacariensis,2010,2009-06-30,DD,False,False,,Global
140651501,Plesioptopoma curvidens,2022,2018-11-07,CR,True,False,B2ab(iii),Global
126673248,Rhincodon typus,2025,2025-03-31,EN,True,False,A2bd,Global
2365291,Rhincodon typus,2016,2016-03-18,EN,False,False,A2bd+4bd,Global
8913502,Rhincodon typus,2005,2005-10-01,VU,False,False,A2bd+3d,Global
8912689,Rhincodon typus,2000,2000-06-30,VU,False,False,A1bd+2d,Global
8914565,Rhincodon typus,1996,1996-08-01,DD,False,False,,Global
8914585,Rhincodon typus,1994,1994-01-01,I,False,False,,Global
8913485,Rhincodon typus,1990,1990-01-01,I,False,False,,Global
1822369,Cambeva mboycy,2022,2018-11-07,EN,True,False,"B1ab(ii,iii)",Global
22339406,Thalpomys lasiotis,2017,2016-09-17,LC,True,False,,Global
95402558,Thalpomys lasiotis,2008,2008-06-30,LC,False,False,,Global
9309625,Thalpomys lasiotis,2008,2008-06-30,LC,False,False,,Global
9309711,Thalpomys lasiotis,1996,1996-08-01,LR/lc,False,False,,Global
141105695,Sternarchorhynchus severii,2022,2018-11-07,VU,True,False,D2,Global
12949796,Chelonoidis denticulatus,1996,1996-08-01,VU,True,False,A1cd+2cd,Global
2428899,Acyrtus pauciradiatus,2025,2024-01-29,EN,True,False,B1ab(iii)+2ab(iii),Global
140707655,Prochilodus britskii,2023,2022-05-18,VU,True,False,B2ab(iii),Global
141045322,Sartor tucuruiensis,2022,2018-11-07,EN,True,False,B2ab(iii),Global
1822819,Hypsolebias janaubensis,2023,2018-11-07,CR,True,False,"B1ab(ii,iii,iv)+2ab(ii,iii,iv)",Global
118806820,Pyrrhura leucotis,2017,2017-10-01,VU,True,False,C2a(i),Global
95149224,Pyrrhura leucotis,2016,2016-10-01,NT,False,False,A2cd+3cd+4cd,Global
45421538,Pyrrhura leucotis,2014,2014-07-24,NT,False,False,A2cd+3cd+4cd,Global
199809404,Characidium onca,2021,2021-04-08,CR,True,False,B1ab(iii),Global
137797349,Oxyruncus cristatus tocantinsi,2022,2022-08-17,LC,True,False,,Global
93807719,Oxyruncus cristatus tocantinsi,2016,2016-10-01,LC,False,False,,Global
39417669,Oxyruncus cristatus tocantinsi,2012,2012-05-01,LC,False,False,,Global
32219630,Oxyruncus cristatus tocantinsi,2009,2009-05-01,LC,False,False,,Global
32219992,Oxyruncus cristatus tocantinsi,2008,2008-05-01,LC,False,False,,Global
32220783,Oxyruncus cristatus tocantinsi,2004,2004-05-01,LC,False,False,,Global
32221617,Oxyruncus cristatus tocantinsi,2000,2000-05-01,LR/lc,False,False,,Global
32197170,Oxyruncus cristatus tocantinsi,1994,1994-05-01,LR/lc,False,False,,Global
32197686,Oxyruncus cristatus tocantinsi,1988,1988-05-01,LR/lc,False,False,,Global
3124169,Narcine brasiliensis,2020,2019-07-01,NT,True,False,A2d,Global
12602819,Narcine brasiliensis,2007,2007-03-01,DD,False,False,,Global
2997621,Rhinoptera brasiliensis,2020,2019-06-21,VU,True,False,A2bd,Global
10912274,Rhinoptera brasiliensis,2004,2004-04-30,EN,False,False,"A2abcd+3bcd+4abcd; B1ab(i,iii,v)",Global
140547006,Notholebias minimus,2022,2018-11-07,EN,True,False,"B1ab(i,ii,iii,iv)",Global
10176741,Notholebias minimus,1996,1996-08-01,VU,False,False,B1+2ac+3bd,Global
10176699,Notholebias minimus,1994,1994-01-01,I,False,False,,Global
10176776,Notholebias minimus,1990,1990-01-01,I,False,False,,Global
10176797,Notholebias minimus,1988,1988-01-01,I,False,False,,Global
10176720,Notholebias minimus,1986,1986-01-01,I,False,False,,Global
142255701,Taoniscus nanus,2019,2019-08-20,EN,True,False,"B2ab(ii,iii)",Global
131309414,Taoniscus nanus,2018,2018-08-07,EN,False,False,"B2ab(ii,iii)",Global
92765547,Taoniscus nanus,2016,2016-10-01,VU,False,False,A2c+3c+4c,Global
48887171,Taoniscus nanus,2013,2013-11-01,VU,False,False,A2c+3c+4c,Global
37865456,Taoniscus nanus,2012,2012-05-01,VU,False,False,A2c+3c+4c; C1,Global
36090245,Taoniscus nanus,2008,2008-05-01,VU,False,False,A2c+3c+4c;C1,Global
36090967,Taoniscus nanus,2004,2004-05-01,VU,False,False,A2c+3c+4c,Global
36091742,Taoniscus nanus,2000,2000-05-01,VU,False,False,A2c;C1,Global
36092487,Taoniscus nanus,1996,1996-05-01,VU,False,False,,Global
36093501,Taoniscus nanus,1994,1994-05-01,VU,False,False,,Global
36094110,Taoniscus nanus,1988,1988-05-01,T,False,False,,Global
244053439,Vireo gracilirostris,2024,2024-02-26,VU,True,False,D1,Global
94008980,Vireo gracilirostris,2016,2016-10-01,NT,False,False,D1+2,Global
38177561,Vireo gracilirostris,2012,2012-05-01,NT,False,False,D1+2,Global
37171976,Vireo gracilirostris,2008,2008-05-01,NT,False,False,D1+2,Global
37172914,Vireo gracilirostris,2004,2004-05-01,NT,False,False,D1+2,Global
37173636,Vireo gracilirostris,2000,2000-05-01,LR/nt,False,False,,Global
37174331,Vireo gracilirostris,1996,1996-05-01,VU,False,False,,Global
37174790,Vireo gracilirostris,1994,1994-05-01,VU,False,False,,Global
37175305,Vireo gracilirostris,1988,1988-05-01,LR/lc,False,False,,Global
221560381,Phylloscartes roquettei,2025,2025-05-20,NT,True,False,C2a(i),Global
93734325,Phylloscartes roquettei,2016,2016-10-01,EN,False,False,A2c+3c+4c,Global
49902506,Phylloscartes roquettei,2013,2013-11-01,EN,False,False,A2c+3c+4c,Global
38047788,Phylloscartes roquettei,2012,2012-05-01,EN,False,False,A2c+3c+4c,Global
33089348,Phylloscartes roquettei,2009,2009-05-01,EN,False,False,A2c+3c+4c,Global
33090189,Phylloscartes roquettei,2008,2008-05-01,CR,False,False,"B1ab(i,ii,iii,v)",Global
33090799,Phylloscartes roquettei,2004,2004-05-01,CR,False,False,"B1ab(i,ii,iii,v);C2a(ii)",Global
33091713,Phylloscartes roquettei,2000,2000-05-01,CR,False,False,"B1ab(i,ii,iii,v);C2b",Global
33092512,Phylloscartes roquettei,1996,1996-05-01,EN,False,False,,Global
33092862,Phylloscartes roquettei,1994,1994-05-01,EN,False,False,,Global
33093625,Phylloscartes roquettei,1988,1988-05-01,T,False,False,,Global
86254262,Melanophryniscus setiba,2023,2021-04-09,CR,True,False,B1ab(iii)+2ab(iii),Global
1819094,Hemiancistrus megalopteryx,2022,2018-11-07,EN,True,False,B1ab(iii),Global
226632854,Psophia viridis,2023,2023-02-16,VU,True,False,A4cd,Global
95158191,Psophia viridis,2016,2016-10-01,VU,False,False,A4cd,Global
45470752,Psophia viridis,2014,2014-07-24,VU,False,False,A4cd,Global
154324500,Bachia psamophila,2021,2013-10-11,CR,True,False,A2c,Global
722547,Sciades parkeri,2015,2011-08-17,VU,True,False,A2bd,Global
4698777,Sciades parkeri,2010,2009-01-28,NT,False,False,,Global
1821799,Spintherobolus ankoseion,2021,2018-11-07,VU,True,False,B1ab(iii),Global
264366905,Poecilotriccus albifacies,2024,2024-06-12,LC,True,False,,Global
93706639,Poecilotriccus albifacies,2016,2016-10-01,LC,False,False,,Global
38684562,Poecilotriccus albifacies,2012,2012-05-01,LC,False,False,,Global
33652887,Poecilotriccus albifacies,2009,2009-05-01,LC,False,False,,Global
33653351,Poecilotriccus albifacies,2008,2008-05-01,LC,False,False,,Global
33653811,Poecilotriccus albifacies,2004,2004-05-01,LC,False,False,,Global
33654234,Poecilotriccus albifacies,2000,2000-05-01,LR/lc,False,False,,Global
33654788,Poecilotriccus albifacies,1994,1994-05-01,LR/nt,False,False,,Global
33655179,Poecilotriccus albifacies,1988,1988-05-01,NT,False,False,,Global
154323947,Bachia didactyla,2021,2013-10-11,EN,True,False,B1ab(iii),Global
272612304,Leopardus geoffroyi,2025,2024-10-24,LC,False,False,,Global
300412366,Leopardus geoffroyi,2026,2024-10-24,LC,True,False,,Global
50657011,Leopardus geoffroyi,2015,2014-04-20,LC,False,False,,Global
4512210,Leopardus geoffroyi,2008,2008-06-30,NT,False,False,,Global
4512452,Leopardus geoffroyi,2002,2002-01-01,NT,False,False,,Global
4512187,Leopardus geoffroyi,1996,1996-08-01,LR/lc,False,False,,Global
154324154,Amphisbaena leucocephala,2021,2014-08-22,LC,True,False,,Global
101424106,Melanophryniscus klappenbachi,2023,2020-12-14,LC,True,False,,Global
11209703,Melanophryniscus klappenbachi,2004,2004-04-30,LC,False,False,,Global
50653881,Leopardus tigrinus,2016,2016-05-25,VU,True,False,A2c,Global
161569792,Calyptura cristata,2025,2025-05-27,CR,True,False,D,Global
127207638,Calyptura cristata,2018,2016-10-01,CR,False,False,"B1ab(i,ii,iii,v); C2a(i,ii); D",Global
93799043,Calyptura cristata,2016,2016-10-01,CR,False,False,"B1ab(i,ii,iii,v);C2a(i,ii);D",Global
79845686,Calyptura cristata,2015,2015-10-01,CR,False,False,"B1ab(i,ii,iii,v);C2a(i,ii);D",Global
49766859,Calyptura cristata,2013,2013-11-01,CR,False,False,"B1ab(i,ii,iii,v);C2a(i,ii);D",Global
38031477,Calyptura cristata,2012,2012-05-01,CR,False,False,"B1ab(i,ii,iii,v);C2a(i,ii);D",Global
24960814,Calyptura cristata,2010,2010-05-01,CR,False,False,"B1ab(i,ii,iii,v);C2a(ii);D",Global
24961496,Calyptura cristata,2009,2009-05-01,CR,False,False,"B1ab(i,ii,iii,v);C2a(ii);D",Global
24962127,Calyptura cristata,2008,2008-05-01,CR,False,False,"B1ab(i,ii,iii,v);C2a(ii);D",Global
24962687,Calyptura cristata,2004,2004-05-01,CR,False,False,"B1ab(i,ii,iii,v);C2a(ii);D",Global
24963610,Calyptura cristata,2000,2000-05-01,CR,False,False,"B1ab(i,ii,iii,v);C2b;D",Global
24964147,Calyptura cristata,1996,1996-05-01,CR,False,False,,Global
24964592,Calyptura cristata,1994,1994-05-01,CR,False,False,,Global
24965034,Calyptura cristata,1988,1988-05-01,T,False,False,,Global
54586905,Gymnodactylus vanzolinii,2021,2014-08-04,DD,True,False,,Global
132181930,Pyrrhura griseipectus,2018,2018-08-09,EN,True,False,"B1ab(i,iii)",Global
118962688,Pyrrhura griseipectus,2017,2017-10-01,EN,False,False,"B1ab(i,iii)",Global
95070925,Pyrrhura griseipectus,2016,2016-10-01,CR,False,False,C2a(ii),Global
79730463,Pyrrhura griseipectus,2015,2015-10-01,CR,False,False,C2a(ii),Global
37884240,Pyrrhura griseipectus,2012,2012-05-01,CR,False,False,C2a(ii),Global
34574226,Pyrrhura griseipectus,2010,2010-05-01,CR,False,False,C2a(ii),Global
34575046,Pyrrhura griseipectus,2009,2009-05-01,CR,False,False,C2a(ii),Global
34576036,Pyrrhura griseipectus,2008,2008-05-01,CR,False,False,C2a(ii),Global
34576610,Pyrrhura griseipectus,2007,2007-05-01,CR,False,False,C2a(ii),Global
34577508,Pyrrhura griseipectus,2006,2006-05-01,NE,False,False,,Global
34578226,Pyrrhura griseipectus,2004,2004-05-01,NR,False,False,,Global
34578687,Pyrrhura griseipectus,2000,2000-05-01,NR,False,False,,Global
34579149,Pyrrhura griseipectus,1994,1994-05-01,NR,False,False,,Global
34580008,Pyrrhura griseipectus,1988,1988-05-01,NR,False,False,,Global
88822768,Paratelmatobius lutzii,2023,2021-04-09,CR,True,True,D,Global
5512427,Paratelmatobius lutzii,2004,2004-04-30,DD,False,False,,Global
5512551,Paratelmatobius lutzii,1996,1996-08-01,CR,False,False,A1a,Global
137470206,Glaucis dohrnii,2021,2021-07-05,VU,True,False,C2a(i),Global
93136327,Glaucis dohrnii,2016,2016-10-01,EN,False,False,"B1ab(ii,iii,iv,v);C2a(i)",Global
37928563,Glaucis dohrnii,2012,2012-05-01,EN,False,False,"B1ab(ii,iii,iv,v);C2a(i)",Global
28661066,Glaucis dohrnii,2008,2008-05-01,EN,False,False,"B1ab(ii,iii,iv,v);C2a(i)",Global
28661920,Glaucis dohrnii,2004,2004-05-01,EN,False,False,"B1ab(ii,iii,iv,v);C2a(i)",Global
28662545,Glaucis dohrnii,2000,2000-05-01,EN,False,False,"B1ab(ii,iii,iv,v); C2a(i)",Global
28651750,Glaucis dohrnii,1996,1996-05-01,CR,False,False,,Global
28652273,Glaucis dohrnii,1994,1994-05-01,CR,False,False,,Global
28652959,Glaucis dohrnii,1988,1988-05-01,T,False,False,,Global
3104442,Zapteryx brevirostris,2020,2019-07-01,EN,True,False,A2bd,Global
12478303,Zapteryx brevirostris,2006,2006-01-31,VU,False,False,A2ab+3b+4ab,Global
153824756,Asthenes luizae,2020,2020-07-22,NT,True,False,"B2ab(i,ii,iii,iv,v); C2a(i)",Global
110868117,Asthenes luizae,2017,2016-10-01,NT,False,False,B1b(iii),Global
93878648,Asthenes luizae,2016,2016-10-01,NT,False,False,B1ab(iii),Global
38145287,Asthenes luizae,2012,2012-05-01,NT,False,False,B1ab(iii),Global
24162422,Asthenes luizae,2011,2011-05-01,NT,False,False,B1ab(iii),Global
24163265,Asthenes luizae,2008,2008-05-01,VU,False,False,B1ab(iii),Global
24164087,Asthenes luizae,2004,2004-05-01,VU,False,False,B1ab(iii);C2a(ii),Global
24164800,Asthenes luizae,2000,2000-05-01,EN,False,False,"B1ab(iii,v)",Global
24165456,Asthenes luizae,1996,1996-05-01,EN,False,False,,Global
24166030,Asthenes luizae,1994,1994-05-01,EN,False,False,,Global
24166581,Asthenes luizae,1988,1988-05-01,LR/lc,False,False,,Global
1824874,Melanorivulus paracatuensis,2022,2018-11-07,DD,True,False,,Global
125329148,Heteragrion mantiqueirae,2021,2019-03-04,VU,True,False,"B1ab(ii,iii)",Global
241151159,Malacoctenus brunoi,2025,2024-03-05,CR,True,False,B1ab(iii),Global
245807578,Sporophila beltoni,2024,2023-09-25,VU,True,False,C2a(ii),Global
119211827,Sporophila beltoni,2017,2016-10-01,VU,False,False,C2a(ii),Global
111171733,Sporophila beltoni,2017,2016-10-01,VU,False,False,C2a(ii),Global
104363355,Sporophila beltoni,2016,2016-10-01,VU,False,False,C2a(ii),Global
154324674,Amphisbaena sanctaeritae,2021,2014-08-22,CR,True,False,B1ab(iii),Global
2903170,Isurus oxyrinchus,2019,2018-11-05,EN,True,False,A2bd,Global
16527941,Isurus oxyrinchus,2016,2016-03-25,CR,True,False,A2bd,Mediterranean
48934371,Isurus oxyrinchus,2015,2015-03-08,DD,True,False,,Europe
10207466,Isurus oxyrinchus,2009,2004-06-16,VU,False,False,A2abd+3bd+4abd,Global
10209358,Isurus oxyrinchus,2000,2000-06-30,LR/nt,False,False,,Global
46909546,Hyporthodus niveatus,2018,2016-11-21,VU,True,False,A2bd+4bd,Global
70327205,Hyporthodus niveatus,2015,2014-01-09,LC,True,False,,Gulf of Mexico
12857720,Hyporthodus niveatus,2008,2008-01-01,VU,False,False,A2d+3d,Global
12858010,Hyporthodus niveatus,2007,2007-03-01,VU,False,False,A2d+3d,Global
12857693,Hyporthodus niveatus,1996,1996-08-01,VU,False,False,"A1d+2d, B1+2e",Global
95009579,Hylexetastes uniformis,2023,2023-06-18,VU,True,False,A2c+4c,Global
281038220,Momotus momota marcgravianus,2025,2025-06-04,LC,True,False,,Global
95173087,Momotus momota marcgravianus,2016,2016-10-01,LC,False,False,,Global
61635296,Momotus momota marcgravianus,2014,2014-07-24,LC,False,False,,Global
281034890,Xenops minutus alagoanus,2025,2025-06-04,LC,True,False,,Global
112378962,Xenops minutus alagoanus,2017,2016-10-01,LC,False,False,,Global
93898630,Xenops minutus alagoanus,2016,2016-10-01,LC,False,False,,Global
173832103,Hypsolebias gardneri,2021,2021-01-04,VU,True,False,D2,Global
139558669,Maratecoara formosa,2022,2018-11-07,VU,True,False,D2,Global
1811826,Steindachneridion doceanum,2023,2022-05-18,EN,True,False,B2ab(iii),Global
1818809,Rhamdia enfurnada,2024,2021-01-15,CR,True,False,B1ab(iii)+2ab(iii),Global
255806237,Calidris pusilla,2024,2024-07-16,NT,True,False,A2bd+4bd,Global
93400702,Calidris pusilla,2016,2016-10-01,NT,False,False,A2bcd,Global
38788283,Calidris pusilla,2012,2012-05-01,NT,False,False,A2bcd,Global
24835216,Calidris pusilla,2009,2009-05-01,LC,False,False,,Global
24836737,Calidris pusilla,2008,2008-05-01,LC,False,False,,Global
24838249,Calidris pusilla,2004,2004-05-01,LC,False,False,,Global
24840872,Calidris pusilla,2000,2000-05-01,LR/lc,False,False,,Global
24841408,Calidris pusilla,1994,1994-05-01,LR/lc,False,False,,Global
24844012,Calidris pusilla,1988,1988-05-01,LR/lc,False,False,,Global
172220970,Ischnocnema manezinho,2023,2021-04-09,EN,True,False,"B1ab(ii,iii)+2ab(ii,iii)",Global
11529088,Ischnocnema manezinho,2004,2004-04-30,NT,False,False,,Global
141170019,Cambeva tropeiro,2022,2018-11-07,EN,True,False,B2ab(iii),Global
139243515,Brachycephalus quiririensis,2023,2021-04-09,CR,True,False,B1ab(iii),Global
136928954,Ituglanis bambui,2021,2018-11-07,CR,True,False,"B2ab(iii,v)",Global
3093780,Carcharhinus perezi,2021,2019-07-01,EN,True,False,A2bcd,Global
12323052,Carcharhinus perezi,2006,2006-01-31,NT,False,False,,Global
264389139,Procnias albus wallacei,2024,2024-06-12,LC,True,False,,Global
93806627,Procnias albus wallacei,2016,2016-10-01,LC,False,False,,Global
38631989,Procnias albus wallacei,2012,2012-05-01,LC,False,False,,Global
33950594,Procnias albus wallacei,2009,2009-05-01,LC,False,False,,Global
33951168,Procnias albus wallacei,2008,2008-05-01,LC,False,False,,Global
33951763,Procnias albus wallacei,2004,2004-05-01,LC,False,False,,Global
33952323,Procnias albus wallacei,2000,2000-05-01,LR/lc,False,False,,Global
33952892,Procnias albus wallacei,1994,1994-05-01,LR/lc,False,False,,Global
33953040,Procnias albus wallacei,1988,1988-05-01,LR/lc,False,False,,Global
86254549,Rhinella casconi,2023,2020-08-02,EN,True,False,"B1ab(ii,iii)",Global
61324694,Kentropyx viridistriga,2019,2014-11-26,LC,True,False,,Global
7598940,Kentropyx viridistriga,2010,2009-06-30,LC,False,False,,Global
1821979,Pituna brevirostrata,2022,2018-11-07,VU,True,False,D2,Global
22210643,Phyllomys unicolor,2016,2016-06-10,CR,True,False,"B2ab(ii,iii)",Global
12820944,Phyllomys unicolor,2008,2008-06-30,CR,False,False,B1ab(iii),Global
12821077,Phyllomys unicolor,1996,1996-08-01,LR/lc,False,False,,Global
159254968,Tropidurus erythrocephalus,2021,2014-08-04,VU,True,False,B1ab(iii),Global
7577434,Tropidurus erythrocephalus,2010,2009-06-30,NT,False,False,,Global
49845522,Tropidurus callathelys,2019,2014-02-25,LC,True,False,,Global
1822954,Phallotorynus fasciolatus,2022,2018-11-07,CR,True,True,D,Global
2997866,Sympterygia bonapartii,2020,2019-07-01,NT,True,False,A2bd,Global
10912987,Sympterygia bonapartii,2004,2004-04-30,DD,False,False,,Global
46918685,Mycteroperca acutirostris,2018,2016-11-20,LC,True,False,,Global
70327889,Mycteroperca acutirostris,2015,2014-01-09,LC,True,False,,Gulf of Mexico
3463504,Mycteroperca acutirostris,2008,2008-01-01,LC,False,False,,Global
1812597,Garcialebias adloffi,2022,2018-11-07,EN,True,False,B1ab(iii),Global
3403407,Megalobulimus lopesi,1996,1996-08-01,EN,True,False,D,Global
134709748,Eigenmannia vicentespelaea,2022,2018-11-07,VU,True,False,D2,Global
172198194,Thoropa lutzi,2023,2021-04-09,CR,True,True,D,Global
1812111,Parotocinclus spilosoma,2022,2018-11-07,LC,True,False,,Global
181014094,Cacicus koepckeae,2020,2020-08-05,NT,True,False,C2a(ii),Global
119450273,Cacicus koepckeae,2017,2016-10-01,EN,False,False,A3c,Global
94846343,Cacicus koepckeae,2016,2016-10-01,EN,False,False,A3c,Global
38205729,Cacicus koepckeae,2012,2012-05-01,EN,False,False,A3c,Global
24775806,Cacicus koepckeae,2008,2008-05-01,VU,False,False,D2,Global
24776368,Cacicus koepckeae,2004,2004-05-01,VU,False,False,D2,Global
24777008,Cacicus koepckeae,2000,2000-05-01,VU,False,False,D2,Global
24777495,Cacicus koepckeae,1996,1996-05-01,VU,False,False,,Global
24777927,Cacicus koepckeae,1994,1994-05-01,VU,False,False,,Global
24778466,Cacicus koepckeae,1988,1988-05-01,T,False,False,,Global
136929205,Ituglanis mambai,2024,2022-05-18,CR,True,False,B2ab(iii),Global
154323326,Glaucomastix abaetensis,2021,2013-10-11,EN,False,False,A2ac+3c,Global
284982694,Glaucomastix abaetensis,2025,2013-10-11,EN,True,False,A2ac+3c,Global
155736224,Phaethon aethereus,2019,2019-08-01,LC,True,False,,Global
132585341,Phaethon aethereus,2018,2018-08-07,LC,False,False,,Global
93575425,Phaethon aethereus,2016,2016-10-01,LC,False,False,,Global
48968359,Phaethon aethereus,2013,2012-05-03,LC,False,False,,Global
40267695,Phaethon aethereus,2012,2012-05-01,LC,False,False,,Global
32742537,Phaethon aethereus,2009,2009-05-01,LC,False,False,,Global
32744451,Phaethon aethereus,2008,2008-05-01,LC,False,False,,Global
32745955,Phaethon aethereus,2004,2004-05-01,LC,False,False,,Global
32747410,Phaethon aethereus,2000,2000-05-01,LR/lc,False,False,,Global
32713876,Phaethon aethereus,1994,1994-05-01,LR/lc,False,False,,Global
32715652,Phaethon aethereus,1988,1988-05-01,LR/lc,False,False,,Global
131286087,Nothura minor,2018,2018-08-07,VU,True,False,C2a(i),Global
118848369,Nothura minor,2017,2016-10-01,VU,False,False,C2a(i),Global
95208737,Nothura minor,2016,2016-10-01,VU,False,False,C2a(i),Global
85064859,Nothura minor,2012,2012-05-01,VU,False,False,C2a(i),Global
37816197,Nothura minor,2012,2012-05-01,VU,False,False,C2a(i),Global
31755029,Nothura minor,2008,2008-05-01,VU,False,False,C2a(i),Global
31756202,Nothura minor,2004,2004-05-01,VU,False,False,A2c+3c;C1+2a(i),Global
31757339,Nothura minor,2000,2000-05-01,VU,False,False,A2ce;C1+2a(i),Global
31758078,Nothura minor,1996,1996-05-01,VU,False,False,,Global
31759134,Nothura minor,1994,1994-05-01,VU,False,False,,Global
31759771,Nothura minor,1988,1988-05-01,T,False,False,,Global
117721799,Carcharhinus falciformis,2017,2017-09-26,VU,False,False,A2bd,Global
205782570,Carcharhinus falciformis,2021,2017-09-26,VU,True,False,A2bd,Global
2909465,Carcharhinus falciformis,2016,2015-02-21,NT,False,False,A2d,Global
48922174,Carcharhinus falciformis,2015,2015-02-18,DD,True,False,,Europe
10183906,Carcharhinus falciformis,2009,2007-02-20,NT,False,False,,Global
10185117,Carcharhinus falciformis,2000,2000-06-30,LR/lc,False,False,,Global
2874370,Carcharhinus plumbeus,2021,2020-12-03,EN,True,False,A2bd,Global
16527809,Carcharhinus plumbeus,2016,2016-03-25,EN,True,False,A4d,Mediterranean
48946805,Carcharhinus plumbeus,2015,2014-09-25,EN,True,False,A4d,Europe
10130397,Carcharhinus plumbeus,2009,2007-02-20,VU,False,False,A2bd+4bd,Global
10129883,Carcharhinus plumbeus,2000,2000-06-30,LR/nt,False,False,,Global
10131026,Carcharhinus plumbeus,1996,1996-08-01,VU,False,False,A1bd+2d,Global
164580466,Pteronura brasiliensis,2021,2020-03-07,EN,False,False,A2cde+3ce,Global
222719180,Pteronura brasiliensis,2022,2020-03-07,EN,False,False,A2cde+3ce,Global
244867206,Pteronura brasiliensis,2023,2020-03-07,EN,True,False,A2cde+3ce,Global
21938411,Pteronura brasiliensis,2015,2014-06-02,EN,False,False,A3ce,Global
8507556,Pteronura brasiliensis,2008,2008-06-30,EN,False,False,A3cd,Global
8507915,Pteronura brasiliensis,2004,2004-04-30,EN,False,False,A3ce,Global
8507525,Pteronura brasiliensis,2000,2000-01-01,EN,False,False,A1acde,Global
8507504,Pteronura brasiliensis,1996,1996-08-01,VU,False,False,A2cd,Global
8508370,Pteronura brasiliensis,1994,1994-01-01,V,False,False,,Global
8508353,Pteronura brasiliensis,1990,1990-01-01,V,False,False,,Global
8508303,Pteronura brasiliensis,1988,1988-01-01,V,False,False,,Global
8508286,Pteronura brasiliensis,1986,1986-01-01,V,False,False,,Global
8508336,Pteronura brasiliensis,1982,1982-01-01,V,False,False,,Global
8508320,Pteronura brasiliensis,1965,1965-01-01,N/A,False,False,,Global
249794491,Xiphocolaptes falcirostris,2024,2023-11-23,VU,True,False,A2c+4c,Global
93902845,Xiphocolaptes falcirostris,2016,2016-10-01,VU,False,False,A2c+3c+4c;C2a(i),Global
38188687,Xiphocolaptes falcirostris,2012,2012-05-01,VU,False,False,A2c+3c+4c;C2a(i),Global
37242409,Xiphocolaptes falcirostris,2008,2008-05-01,VU,False,False,A2c+3c+4c;C2a(i),Global
37243729,Xiphocolaptes falcirostris,2004,2004-05-01,VU,False,False,A2c+3c+4c;C2a(i),Global
37244480,Xiphocolaptes falcirostris,2000,2000-05-01,VU,False,False,A2c;C1+2a(i),Global
37244912,Xiphocolaptes falcirostris,1996,1996-05-01,VU,False,False,,Global
37245598,Xiphocolaptes falcirostris,1994,1994-05-01,VU,False,False,,Global
37246285,Xiphocolaptes falcirostris,1988,1988-05-01,T,False,False,,Global
134694315,Matilebias ibicuiensis,2023,2022-05-18,EN,True,False,"B1ab(ii,iii,iv)",Global
134688506,Archolaemus ferreirai,2022,2018-11-07,LC,True,False,,Global
1826089,Melanorivulus egens,2024,2022-05-18,CR,True,False,B2ab(iii),Global
130617765,Nemosia rourei,2018,2018-08-07,CR,True,False,C2a(ii); D,Global
118891298,Nemosia rourei,2017,2017-10-01,CR,False,False,C2a(ii); D,Global
94759679,Nemosia rourei,2016,2016-10-01,CR,False,False,"B1ab(i,ii,iii,v);C2a(ii);D",Global
77517413,Nemosia rourei,2015,2015-10-01,CR,False,False,"B1ab(i,ii,iii,v);C2a(ii);D",Global
49524683,Nemosia rourei,2013,2013-11-01,CR,False,False,"B1ab(i,ii,iii,v);C2a(ii);D",Global
38309001,Nemosia rourei,2012,2012-05-01,CR,False,False,"B1ab(i,ii,iii,v);C2a(ii);D",Global
31566993,Nemosia rourei,2009,2009-05-01,CR,False,False,"B1ab(i,ii,iii,v);C2a(ii)",Global
31567588,Nemosia rourei,2008,2008-05-01,CR,False,False,"B1ab(i,ii,iii,v);C2a(ii)",Global
31568294,Nemosia rourei,2004,2004-05-01,CR,False,False,"B1ab(i,ii,iii,v);C2a(ii)",Global
31568952,Nemosia rourei,2000,2000-05-01,CR,False,False,"B1ab(i,ii,iii,v);C2b",Global
31569602,Nemosia rourei,1996,1996-05-01,CR,False,False,,Global
31570150,Nemosia rourei,1994,1994-05-01,CR,False,False,,Global
31570697,Nemosia rourei,1988,1988-05-01,T,False,False,,Global
2918526,Sphyrna lewini,2019,2018-11-08,CR,True,False,A2bd,Global
48929458,Sphyrna lewini,2015,2015-03-17,DD,True,False,,Europe
10190088,Sphyrna lewini,2009,2007-02-20,EN,False,False,A2bd+4bd,Global
10191090,Sphyrna lewini,2000,2000-06-30,LR/nt,False,False,,Global
165962303,Mussismilia braziliensis,2022,2021-06-01,CR,True,False,A3c,Global
3815548,Mussismilia braziliensis,2008,2008-01-01,DD,False,False,,Global
540208,Dichotomius eucranioides,2013,2013-08-08,EN,True,False,B2ab(iii),Global
190435652,Alouatta ululata,2021,2020-07-27,EN,True,False,C2a(i),Global
17925649,Alouatta ululata,2020,2015-01-26,EN,False,False,C1,Global
13094890,Alouatta ululata,2008,2008-06-30,EN,False,False,C1,Global
13095081,Alouatta ululata,2003,2003-04-30,CR,False,False,C1+2a(i),Global
13094859,Alouatta ululata,2000,2000-06-30,CR,False,False,B1+2abcde,Global
13094837,Alouatta ululata,1996,1996-08-01,CR,False,False,B1+2abcde,Global
13095130,Alouatta ululata,1994,1994-01-01,E,False,False,,Global
154323431,Leposoma sinepollex,2021,2013-10-11,DD,True,False,,Global
132618884,Pterodroma arminjoniana,2018,2018-08-07,VU,True,False,D2,Global
93653761,Pterodroma arminjoniana,2016,2016-10-01,VU,False,False,D2,Global
38967835,Pterodroma arminjoniana,2012,2012-05-01,VU,False,False,D2,Global
34206530,Pterodroma arminjoniana,2010,2010-05-01,VU,False,False,D2,Global
34208168,Pterodroma arminjoniana,2008,2008-05-01,VU,False,False,D2,Global
34209365,Pterodroma arminjoniana,2006,2006-05-01,VU,False,False,D2,Global
34210220,Pterodroma arminjoniana,2004,2004-05-01,VU,False,False,D2,Global
34211435,Pterodroma arminjoniana,2000,2000-05-01,VU,False,False,D2,Global
34212660,Pterodroma arminjoniana,1994,1994-05-01,NR,False,False,,Global
34213330,Pterodroma arminjoniana,1988,1988-05-01,NR,False,False,,Global
159253001,Amphisbaena ridleyi,2021,2012-12-31,LC,True,False,,Global
7201271,Amphisbaena ridleyi,2010,2009-06-30,LC,False,False,,Global
175973671,Amphisbaena ridleyi,2020,2009-06-30,LC,False,False,,Global
231245006,Micrastur mintoni,2024,2024-02-26,NT,True,False,A2c+3c+4c,Global
95062533,Micrastur mintoni,2016,2016-10-01,LC,False,False,,Global
40299187,Micrastur mintoni,2012,2012-05-01,LC,False,False,,Global
30833279,Micrastur mintoni,2009,2009-05-01,LC,False,False,,Global
30833812,Micrastur mintoni,2008,2008-05-01,LC,False,False,,Global
30834340,Micrastur mintoni,2006,2006-05-01,LC,False,False,,Global
30834852,Micrastur mintoni,2004,2004-05-01,NR,False,False,,Global
30835175,Micrastur mintoni,2000,2000-05-01,NR,False,False,,Global
30835910,Micrastur mintoni,1994,1994-05-01,NR,False,False,,Global
30836196,Micrastur mintoni,1988,1988-05-01,NR,False,False,,Global
50654216,Leopardus wiedii,2015,2014-05-10,NT,True,False,,Global
3290201,Leopardus wiedii,2008,2008-06-30,NT,False,False,,Global
3290574,Leopardus wiedii,2002,2002-01-01,LC,False,False,,Global
3290158,Leopardus wiedii,1996,1996-08-01,LR/lc,False,False,,Global
3290759,Leopardus wiedii,1994,1994-01-01,K,False,False,,Global
3290740,Leopardus wiedii,1990,1990-01-01,V,False,False,,Global
3290795,Leopardus wiedii,1988,1988-01-01,V,False,False,,Global
3290776,Leopardus wiedii,1986,1986-01-01,V,False,False,,Global
3290178,Leopardus wiedii,1982,1982-01-01,V,False,False,,Global
141105641,Sternarchorhynchus mareikeae,2022,2018-11-07,VU,True,False,D2,Global
145971767,Columbina cyanopis,2019,2019-02-26,CR,True,False,"C2a(i,ii)",Global
93289593,Columbina cyanopis,2016,2016-10-01,CR,False,False,C2a(i),Global
124804821,Columbina cyanopis,2018,2016-10-01,CR,False,False,C2a(i),Global
78677454,Columbina cyanopis,2015,2015-10-01,CR,False,False,C2a(i),Global
37883900,Columbina cyanopis,2012,2012-05-01,CR,False,False,C2a(i),Global
26315619,Columbina cyanopis,2010,2010-05-01,CR,False,False,C2a(i),Global
26299579,Columbina cyanopis,2009,2009-05-01,CR,False,False,C2a(i),Global
26300435,Columbina cyanopis,2008,2008-05-01,CR,False,False,C2a(i),Global
26301483,Columbina cyanopis,2004,2004-05-01,CR,False,False,C2a(i),Global
26303099,Columbina cyanopis,2000,2000-05-01,CR,False,False,C2a(i),Global
26303570,Columbina cyanopis,1996,1996-05-01,CR,False,False,,Global
26304241,Columbina cyanopis,1994,1994-05-01,CR,False,False,,Global
26305236,Columbina cyanopis,1988,1988-05-01,T,False,False,,Global
172200443,Melanophryniscus cambaraensis,2023,2021-04-09,CR,True,False,B1ab(iii),Global
11208173,Melanophryniscus cambaraensis,2004,2004-04-30,DD,False,False,,Global
173831856,Harttia panara,2021,2020-11-17,EN,True,False,B1ab(iii)+2ab(iii),Global
137792509,Marinussaurus curupira,2021,2014-08-04,EN,True,False,B1ab(iii),Global
256354281,Calidris subruficollis,2024,2024-07-17,VU,True,False,A2bc+4bc,Global
111804064,Calidris subruficollis,2017,2016-10-01,NT,False,False,C2a(i),Global
93408322,Calidris subruficollis,2016,2016-10-01,NT,False,False,C2a(i),Global
38825896,Calidris subruficollis,2012,2012-05-01,NT,False,False,C2a(i),Global
36702132,Calidris subruficollis,2008,2008-05-01,NT,False,False,C2a(i),Global
36703852,Calidris subruficollis,2006,2006-05-01,NT,False,False,C2a(i),Global
36705646,Calidris subruficollis,2004,2004-05-01,NT,False,False,C2a(i),Global
36706921,Calidris subruficollis,2000,2000-05-01,LR/nt,False,False,,Global
36708444,Calidris subruficollis,1994,1994-05-01,LR/lc,False,False,,Global
36709833,Calidris subruficollis,1988,1988-05-01,LR/lc,False,False,,Global
2876505,Carcharias taurus,2021,2020-12-07,CR,False,False,A2bd,Global
232113997,Carcharias taurus,2025,2020-12-07,CR,True,False,A2bd,Global
16527817,Carcharias taurus,2016,2016-03-25,CR,True,True,C2a(ii),Mediterranean
48947509,Carcharias taurus,2015,2014-12-17,CR,True,True,C2a(ii),Europe
10132481,Carcharias taurus,2009,2005-10-01,VU,False,False,A2ab+3d,Global
10132035,Carcharias taurus,2000,2000-06-30,VU,False,False,A1ab+2d,Global
10133061,Carcharias taurus,1996,1996-08-01,EN,False,False,A1ab+2d,Global
50358152,Inia geoffrensis,2018,2018-06-21,EN,True,False,A2acd+3cd+4acd,Global
3220342,Inia geoffrensis,2011,2008-07-01,DD,False,False,,Global
3220054,Inia geoffrensis,2008,2008-06-30,DD,False,False,,Global
3220231,Inia geoffrensis,1996,1996-08-01,VU,False,False,A1cd,Global
3220323,Inia geoffrensis,1994,1994-01-01,V,False,False,,Global
3220035,Inia geoffrensis,1990,1990-01-01,V,False,False,,Global
3220016,Inia geoffrensis,1988,1988-01-01,V,False,False,,Global
134694420,Baryancistrus niveatus,2024,2022-05-18,VU,True,False,A2ac,Global
264124734,Xiphorhynchus guttatoides gracilirostris,2024,2024-06-12,LC,True,False,,Global
104051181,Xiphorhynchus guttatoides gracilirostris,2016,2016-10-01,LC,False,False,,Global
527397,Canthon quadripunctatus,2013,2013-08-06,VU,True,False,B2ab(iii),Global
130161018,Pulsatrix perspicillata pulsatrix,2018,2018-08-07,LC,True,False,,Global
93221232,Pulsatrix perspicillata pulsatrix,2016,2016-10-01,LC,False,False,,Global
40400679,Pulsatrix perspicillata pulsatrix,2012,2012-05-01,LC,False,False,,Global
34451297,Pulsatrix perspicillata pulsatrix,2009,2009-05-01,LC,False,False,,Global
34451873,Pulsatrix perspicillata pulsatrix,2008,2008-05-01,LC,False,False,,Global
34452175,Pulsatrix perspicillata pulsatrix,2004,2004-05-01,LC,False,False,,Global
34453090,Pulsatrix perspicillata pulsatrix,2000,2000-05-01,LR/lc,False,False,,Global
34453636,Pulsatrix perspicillata pulsatrix,1994,1994-05-01,LR/lc,False,False,,Global
34454545,Pulsatrix perspicillata pulsatrix,1988,1988-05-01,LR/lc,False,False,,Global
123792204,Pontoporia blainvillei,2017,2017-08-14,VU,True,False,A3d,Global
50371075,Pontoporia blainvillei,2017,2017-08-14,VU,False,False,A3d,Global
17623386,Pontoporia blainvillei,2012,2008-07-01,VU,False,False,A3d,Global
7641187,Pontoporia blainvillei,2008,2008-06-30,VU,False,False,A3d,Global
7641380,Pontoporia blainvillei,1996,1996-08-01,DD,False,False,,Global
7641508,Pontoporia blainvillei,1994,1994-01-01,K,False,False,,Global
7641168,Pontoporia blainvillei,1990,1990-01-01,K,False,False,,Global
7641149,Pontoporia blainvillei,1988,1988-01-01,K,False,False,,Global
284507933,Herpailurus yagouaroundi,2026,2024-08-08,NT,True,False,A4bce,Global
50653167,Herpailurus yagouaroundi,2015,2014-05-09,LC,False,False,,Global
13028333,Herpailurus yagouaroundi,2008,2008-06-30,LC,False,False,,Global
13028603,Herpailurus yagouaroundi,2002,2002-01-01,LC,False,False,,Global
13028288,Herpailurus yagouaroundi,1996,1996-08-01,LR/lc,False,False,,Global
13028770,Herpailurus yagouaroundi,1990,1990-01-01,I,False,False,,Global
13028812,Herpailurus yagouaroundi,1988,1988-01-01,I,False,False,,Global
13028791,Herpailurus yagouaroundi,1986,1986-01-01,I,False,False,,Global
13028312,Herpailurus yagouaroundi,1982,1982-01-01,I,False,False,,Global
173863364,Boana buriti,2023,2021-04-01,EN,True,False,B1ab(iii),Global
11307862,Boana buriti,2004,2004-04-30,DD,False,False,,Global
2761115,Enyalius brasiliensis,2019,2014-08-04,LC,True,False,,Global
173831884,Harttia villasboas,2021,2020-11-17,CR,True,False,B1ab(iii)+2ab(iii),Global
277483273,Thripophaga macroura,2025,2025-05-12,NT,True,False,C2a(ii),Global
93881405,Thripophaga macroura,2016,2016-10-01,VU,False,False,"B1ab(i,ii,iii,iv,v);C2a(i)",Global
38230026,Thripophaga macroura,2012,2012-05-01,VU,False,False,"B1ab(i,ii,iii,iv,v);C2a(i)",Global
36347471,Thripophaga macroura,2008,2008-05-01,VU,False,False,"B1ab(i,ii,iii,iv,v);C2a(i)",Global
36348681,Thripophaga macroura,2004,2004-05-01,VU,False,False,"B1ab(i,ii,iii,iv,v);C2a(i)",Global
36349472,Thripophaga macroura,2000,2000-05-01,EN,False,False,"B1ab(i,ii,iii,iv,v)",Global
36350143,Thripophaga macroura,1996,1996-05-01,VU,False,False,,Global
36350878,Thripophaga macroura,1994,1994-05-01,VU,False,False,,Global
36351582,Thripophaga macroura,1988,1988-05-01,T,False,False,,Global
132562410,Sterna hirundinacea,2018,2018-08-07,LC,True,False,,Global
93460042,Sterna hirundinacea,2016,2016-10-01,LC,False,False,,Global
38864164,Sterna hirundinacea,2012,2012-05-01,LC,False,False,,Global
35528585,Sterna hirundinacea,2009,2009-05-01,LC,False,False,,Global
35530106,Sterna hirundinacea,2008,2008-05-01,LC,False,False,,Global
35530985,Sterna hirundinacea,2004,2004-05-01,LC,False,False,,Global
35531848,Sterna hirundinacea,2000,2000-05-01,LR/lc,False,False,,Global
35533339,Sterna hirundinacea,1994,1994-05-01,LR/lc,False,False,,Global
35533695,Sterna hirundinacea,1988,1988-05-01,LR/lc,False,False,,Global
209884357,Pyrilia vulturina,2022,2021-10-27,LC,True,False,,Global
93099817,Pyrilia vulturina,2016,2016-10-01,VU,False,False,A3c,Global
39024490,Pyrilia vulturina,2012,2012-05-01,VU,False,False,A3c,Global
37765617,Pyrilia vulturina,2009,2009-05-01,LC,False,False,,Global
37765921,Pyrilia vulturina,2008,2008-05-01,LC,False,False,,Global
37766780,Pyrilia vulturina,2004,2004-05-01,LC,False,False,,Global
37766934,Pyrilia vulturina,2000,2000-05-01,LR/lc,False,False,,Global
37767410,Pyrilia vulturina,1994,1994-05-01,LR/lc,False,False,,Global
37768159,Pyrilia vulturina,1988,1988-05-01,NT,False,False,,Global
2900765,Alopias vulpinus,2019,2018-11-06,VU,False,False,A2bd,Global
212641186,Alopias vulpinus,2022,2018-11-06,VU,True,False,A2bd,Global
16571672,Alopias vulpinus,2016,2016-03-25,EN,True,False,A2bd,Mediterranean
48936583,Alopias vulpinus,2015,2014-12-09,EN,True,False,A2bd,Europe
10205317,Alopias vulpinus,2009,2007-02-20,VU,False,False,A2bd+3bd+4bd,Global
10206536,Alopias vulpinus,2002,2002-01-01,DD,False,False,,Global
10205289,Alopias vulpinus,2000,2000-06-30,DD,False,False,,Global
1812171,Hypostomus subcarinatus,2022,2018-11-07,DD,True,False,,Global
15158488,Atractus thalesdelemai,2021,2014-11-12,EN,True,False,B2ab(iii),Global
896981,Pseudobatos lentiginosus,2020,2019-06-23,VU,True,False,A2cd,Global
103934572,Pseudobatos lentiginosus,2016,2004-06-18,NT,False,False,,Global
5493435,Pseudobatos lentiginosus,2009,2004-06-16,NT,False,False,,Global
80621271,Balistes capriscus,2015,2015-04-20,NT,True,False,,Gulf of Mexico
44742408,Balistes capriscus,2015,2013-10-11,DD,True,False,,Europe
97662794,Balistes capriscus,2015,2011-06-06,VU,True,False,A2bd,Global
2269087,Balistes capriscus,2015,2011-06-06,VU,False,False,A2bd,Global
139795754,Nematolebias catimbau,2022,2018-11-07,CR,True,False,"B1ab(i,ii,iii,iv,v)+2ab(i,ii,iii,iv,v)",Global
154324605,Amphisbaena uroxena,2021,2014-08-22,EN,True,False,B1ab(iii),Global
56257328,Tropidurus chromatops,2019,2014-02-25,LC,True,False,,Global
7529325,Tropidurus chromatops,2010,2009-06-30,LC,False,False,,Global
88799803,Cycloramphus diringshofeni,2023,2021-04-09,CR,True,True,D,Global
11467731,Cycloramphus diringshofeni,2004,2004-04-30,DD,False,False,,Global
277288928,Formicivora grantsaui,2025,2025-05-12,VU,True,False,B1ab(iii),Global
111156671,Formicivora grantsaui,2017,2016-10-01,EN,False,False,B1ab(iii)+2ab(iii),Global
95121311,Formicivora grantsaui,2016,2016-10-01,EN,False,False,B1ab(iii)+2ab(iii),Global
38068807,Formicivora grantsaui,2012,2012-05-01,NT,False,False,B1b(iii),Global
28085286,Formicivora grantsaui,2011,2011-05-01,NT,False,False,B1ab(iii),Global
28085841,Formicivora grantsaui,2008,2008-05-01,NR,False,False,,Global
28086404,Formicivora grantsaui,2004,2004-05-01,NR,False,False,,Global
28086845,Formicivora grantsaui,2000,2000-05-01,NR,False,False,,Global
28087187,Formicivora grantsaui,1994,1994-05-01,NR,False,False,,Global
28087809,Formicivora grantsaui,1988,1988-05-01,NR,False,False,,Global
279075986,Mobula mobular,2025,2025-06-19,CR,True,False,A2bd+3d,Global
110847142,Mobula mobular,2019,2018-11-20,EN,False,False,A2bd+3d,Global
176550858,Mobula mobular,2020,2018-11-20,EN,False,False,A2bd+3d,Global
214381504,Mobula mobular,2022,2018-11-20,EN,False,False,A2bd+3d,Global
214367431,Mobula mobular,2016,2016-03-25,EN,True,False,A2d,Mediterranean
137792445,Calyptommatus sinebrachiatus,2021,2014-08-04,EN,True,False,B1ab(iii),Global
175316601,Hypocnemis striata,2020,2020-06-03,LC,True,False,,Global
95113276,Hypocnemis striata,2016,2016-10-01,LC,False,False,,Global
39172624,Hypocnemis striata,2012,2012-05-01,LC,False,False,,Global
29352750,Hypocnemis striata,2009,2009-05-01,LC,False,False,,Global
29353160,Hypocnemis striata,2008,2008-05-01,NR,False,False,,Global
29353803,Hypocnemis striata,2004,2004-05-01,NR,False,False,,Global
29354165,Hypocnemis striata,2000,2000-05-01,NR,False,False,,Global
29354756,Hypocnemis striata,1994,1994-05-01,NR,False,False,,Global
29355138,Hypocnemis striata,1988,1988-05-01,NR,False,False,,Global
1821074,Hyphessobrycon flammeus,2022,2018-11-07,EN,True,False,"B1ab(i,iii)",Global
136929063,Ituglanis epikarsticus,2024,2022-05-18,CR,True,False,B2ab(iii),Global
116841596,Squatina argentina,2019,2017-08-05,CR,True,False,A2bd,Global
10202418,Squatina argentina,2006,2006-01-31,EN,False,False,A2b,Global
10202528,Squatina argentina,2000,2000-06-30,DD,False,False,,Global
1819064,Hypsolebias trilineatus,2022,2018-11-07,VU,True,False,D2,Global
172210487,Ololygon alcatraz,2023,2021-04-09,VU,True,False,D2,Global
11393985,Ololygon alcatraz,2004,2004-04-30,CR,False,False,B1ab(iii)+2ab(iii),Global
174796143,Megalops atlanticus,2019,2018-06-12,VU,True,False,A2bd,Global
46956021,Megalops atlanticus,2019,2018-06-12,VU,False,False,A2bd,Global
70539668,Megalops atlanticus,2015,2014-01-09,DD,True,False,,Gulf of Mexico
2006676,Megalops atlanticus,2012,2011-03-28,VU,False,False,A2bd,Global
119113473,Hypocnemis ochrogyna,2017,2017-10-01,VU,True,False,A2c,Global
95113117,Hypocnemis ochrogyna,2016,2016-10-01,LC,False,False,,Global
39171704,Hypocnemis ochrogyna,2012,2012-05-01,LC,False,False,,Global
29350119,Hypocnemis ochrogyna,2009,2009-05-01,LC,False,False,,Global
29350611,Hypocnemis ochrogyna,2008,2008-05-01,NR,False,False,,Global
29350747,Hypocnemis ochrogyna,2004,2004-05-01,NR,False,False,,Global
29351218,Hypocnemis ochrogyna,2000,2000-05-01,NR,False,False,,Global
29351916,Hypocnemis ochrogyna,1994,1994-05-01,NR,False,False,,Global
29352052,Hypocnemis ochrogyna,1988,1988-05-01,NR,False,False,,Global
119065682,Xipholena atropurpurea,2017,2017-10-01,VU,True,False,"B2ab(i,ii,iii,iv,v); C2a(i)",Global
93803141,Xipholena atropurpurea,2016,2016-10-01,EN,False,False,"B1ab(i,ii,iii,iv,v)",Global
37976893,Xipholena atropurpurea,2012,2012-05-01,EN,False,False,"B1ab(i,ii,iii,iv,v)",Global
37229347,Xipholena atropurpurea,2008,2008-05-01,EN,False,False,"B1ab(i,ii,iii,iv,v)",Global
37230030,Xipholena atropurpurea,2004,2004-05-01,EN,False,False,"B1ab(i,ii,iii,iv,v)",Global
37230879,Xipholena atropurpurea,2000,2000-05-01,EN,False,False,"B1ab(i,ii,iii,iv,v)",Global
37231546,Xipholena atropurpurea,1996,1996-05-01,VU,False,False,,Global
37232117,Xipholena atropurpurea,1994,1994-05-01,VU,False,False,,Global
37232676,Xipholena atropurpurea,1988,1988-05-01,T,False,False,,Global
86256079,Nyctimantis pomba,2023,2021-04-09,CR,True,False,"B1ab(i,iii)+2ab(i,iii)",Global
223437010,Formicivora iheringi,2023,2023-03-06,LC,True,False,,Global
93838549,Formicivora iheringi,2016,2016-10-01,NT,False,False,"A2c+3c+4c;B1ab(i,ii,iii,v);C2a(i)",Global
38083052,Formicivora iheringi,2012,2012-05-01,NT,False,False,"A2c+3c+4c;B1ab(i,ii,iii,v);C2a(i)",Global
28085034,Formicivora iheringi,2008,2008-05-01,NT,False,False,"A2c+3c+4c;B1ab(i,ii,iii,v);C2a(i)",Global
28085632,Formicivora iheringi,2004,2004-05-01,NT,False,False,"A2c+3c;B1ab(i,ii,iii,v);C2a(i)",Global
28086139,Formicivora iheringi,2000,2000-05-01,VU,False,False,"A1c+2c;B1ab(i,ii,iii,v);C1+2a(i)",Global
28087000,Formicivora iheringi,1996,1996-05-01,VU,False,False,,Global
28087623,Formicivora iheringi,1994,1994-05-01,VU,False,False,,Global
28087962,Formicivora iheringi,1988,1988-05-01,T,False,False,,Global
137950625,Liolaemus lutzae,2021,2014-08-04,CR,True,False,A2c,Global
3320568,Liolaemus lutzae,2000,2000-06-30,VU,False,False,A1c+2c,Global
3320546,Liolaemus lutzae,1996,1996-08-01,DD,False,False,,Global
3320527,Liolaemus lutzae,1994,1994-01-01,K,False,False,,Global
159254568,Liolaemus arambarensis,2021,2014-08-04,EN,True,False,B1ab(iii),Global
7607324,Liolaemus arambarensis,2010,2009-06-30,EN,False,False,B1ab(iii),Global
141105600,Sternarchorhynchus jaimei,2022,2018-11-07,CR,True,False,"B2ab(ii,iii)",Global
123738594,Apostolepis gaboi,2020,2012-12-31,EN,True,False,B1ab(iii),Global
173823889,Garcialebias pelotapes,2021,2020-12-29,CR,True,False,"B1ab(ii,iii)",Global
86255583,Ischnocnema karst,2023,2021-04-01,CR,True,False,"B1ab(i,ii,iii)+2ab(i,ii,iii)",Global
1820234,Mimagoniates lateralis,2021,2018-11-07,NT,True,False,B2b(iii),Global
2988471,Cetorhinus maximus,2019,2018-11-07,EN,False,False,A2bd,Global
166822294,Cetorhinus maximus,2019,2018-11-07,EN,False,False,A2bd,Global
194720078,Cetorhinus maximus,2021,2018-11-07,EN,True,False,A2bd,Global
16527877,Cetorhinus maximus,2016,2016-03-25,EN,True,False,A2bd,Mediterranean
48953216,Cetorhinus maximus,2015,2014-11-18,EN,True,False,A2abd,Europe
10763893,Cetorhinus maximus,2009,2005-10-01,VU,False,False,A2ad+3d,Global
10763465,Cetorhinus maximus,2000,2000-06-30,VU,False,False,A1ad+2d,Global
10764561,Cetorhinus maximus,1996,1996-08-01,VU,False,False,A1ad+2d,Global
10764582,Cetorhinus maximus,1994,1994-01-01,K,False,False,,Global
10763876,Cetorhinus maximus,1990,1990-01-01,K,False,False,,Global
213291870,Balaenoptera physalus,2023,2022-12-12,LC,True,False,,Europe
50349982,Balaenoptera physalus,2018,2018-02-04,VU,True,False,A1d,Global
44210520,Balaenoptera physalus,2013,2008-07-01,EN,False,False,A1d,Global
9448596,Balaenoptera physalus,2008,2008-06-30,EN,False,False,A1d,Global
9448238,Balaenoptera physalus,2007,2007-01-26,NT,False,False,,Europe
9447871,Balaenoptera physalus,1996,1996-08-01,EN,False,False,A1abd,Global
9449149,Balaenoptera physalus,1994,1994-01-01,V,False,False,,Global
9449132,Balaenoptera physalus,1990,1990-01-01,V,False,False,,Global
9449183,Balaenoptera physalus,1988,1988-01-01,V,False,False,,Global
9449166,Balaenoptera physalus,1986,1986-01-01,V,False,False,,Global
9448218,Balaenoptera physalus,1965,1965-01-01,N/A,False,False,,Global
1817057,Cambeva crassicaudata,2022,2018-11-07,EN,True,False,"B1ab(ii,iii)+2ab(ii,iii)",Global
1811346,Hypsolebias fasciatus,2022,2018-11-07,VU,True,False,D2,Global
46915591,Hyporthodus flavolimbatus,2018,2016-11-21,VU,True,False,A2bd+4bd,Global
70326073,Hyporthodus flavolimbatus,2015,2014-01-09,LC,True,False,,Gulf of Mexico
12775324,Hyporthodus flavolimbatus,2008,2008-01-01,VU,False,False,A2d+3d,Global
12775664,Hyporthodus flavolimbatus,2007,2007-03-01,VU,False,False,A2d+3d,Global
199725709,Neopelma aurifrons,2021,2021-07-19,NT,True,False,"B2ab(i,ii,iii,iv,v); C2a(i); D1",Global
93816866,Neopelma aurifrons,2016,2016-10-01,VU,False,False,"B1ab(i,ii,iii,iv,v)",Global
37921474,Neopelma aurifrons,2012,2012-05-01,VU,False,False,"B1ab(i,ii,iii,iv,v)",Global
31612421,Neopelma aurifrons,2008,2008-05-01,VU,False,False,"B1ab(i,ii,iii,iv,v)",Global
31589285,Neopelma aurifrons,2004,2004-05-01,VU,False,False,"B1ab(i,ii,iii,iv,v)",Global
31590023,Neopelma aurifrons,2000,2000-05-01,EN,False,False,"B1ab(i,ii,iii,iv,v)",Global
31590485,Neopelma aurifrons,1994,1994-05-01,NR,False,False,,Global
31591146,Neopelma aurifrons,1988,1988-05-01,NR,False,False,,Global
1811946,Prochilodus vimboides,2021,2018-11-07,VU,True,False,A2ce,Global
894216,Alopias superciliosus,2019,2018-11-06,VU,True,False,A2bd,Global
16527729,Alopias superciliosus,2016,2016-03-25,EN,True,False,A2bd,Mediterranean
48907814,Alopias superciliosus,2015,2014-12-09,EN,True,False,A2bd,Europe
5482468,Alopias superciliosus,2009,2007-02-20,VU,False,False,A2bd,Global
3118640,Rioraja agassizii,2020,2019-07-01,VU,True,False,A2bd,Global
12607686,Rioraja agassizii,2007,2007-03-01,VU,False,False,A4d,Global
140546072,Neoplecostomus botucatu,2023,2022-05-18,CR,True,False,B2ab(iii),Global
136895283,Hypsolebias notatus,2022,2018-11-07,EN,True,False,"B2ab(ii,iii)",Global
75159745,Amphisbaena carli,2021,2012-12-31,LC,True,False,,Global
172222497,Euparkerella robusta,2023,2021-04-09,CR,True,False,"B1ab(iii,iv)",Global
11577140,Euparkerella robusta,2004,2004-04-30,VU,False,False,B1ab(iii),Global
223274221,Capito dayi,2023,2023-02-02,NT,True,False,A3c+4c,Global
92925988,Capito dayi,2016,2016-10-01,VU,False,False,A3c,Global
40583327,Capito dayi,2012,2012-05-01,VU,False,False,A3c,Global
25063691,Capito dayi,2009,2009-05-01,LC,False,False,,Global
25056188,Capito dayi,2008,2008-05-01,LC,False,False,,Global
25056692,Capito dayi,2004,2004-05-01,LC,False,False,,Global
25057107,Capito dayi,2000,2000-05-01,LR/lc,False,False,,Global
25057465,Capito dayi,1994,1994-05-01,LR/lc,False,False,,Global
25058015,Capito dayi,1988,1988-05-01,LR/lc,False,False,,Global
2915472,Negaprion brevirostris,2021,2020-09-04,VU,True,False,A2bcd,Global
81769233,Negaprion brevirostris,2015,2005-10-03,NT,False,False,,Global
10222101,Negaprion brevirostris,2009,2005-10-01,NT,False,False,,Global
10222495,Negaprion brevirostris,2000,2000-06-30,LR/nt,False,False,,Global
241148914,Bathygobius brasiliensis,2025,2024-01-29,EN,True,False,B1ab(iii)+2ab(iii),Global
137436857,Tangara fastuosa,2024,2023-10-02,VU,True,False,C2a(i),Global
94786714,Tangara fastuosa,2016,2016-10-01,VU,False,False,"A2cd+3cd+4cd;B1ab(i,ii,iii,iv,v);C2a(i)",Global
48157720,Tangara fastuosa,2013,2013-11-01,VU,False,False,"A2cd+3cd+4cd;B1ab(i,ii,iii,iv,v);C2a(i)",Global
38125186,Tangara fastuosa,2012,2012-05-01,VU,False,False,"A2cd+3cd+4cd;B1ab(i,ii,iii,iv,v);C2a(i)",Global
36016846,Tangara fastuosa,2008,2008-05-01,VU,False,False,"A2cd+3cd+4cd;B1ab(i,ii,iii,iv,v);C2a(i)",Global
36017697,Tangara fastuosa,2004,2004-05-01,VU,False,False,"A2cd+3cd;B1ab(i,ii,iii,iv,v);C2a(i)",Global
36018524,Tangara fastuosa,2000,2000-05-01,EN,False,False,"B1ab(i,ii,iii,iv,v)",Global
36019312,Tangara fastuosa,1996,1996-05-01,EN,False,False,,Global
36020160,Tangara fastuosa,1994,1994-05-01,EN,False,False,,Global
36020760,Tangara fastuosa,1988,1988-05-01,T,False,False,,Global
47443455,Tolypeutes tricinctus,2014,2013-10-03,VU,True,False,A2cd,Global
9343350,Tolypeutes tricinctus,2010,2009-12-04,VU,False,False,A2cd,Global
9343054,Tolypeutes tricinctus,2008,2008-06-30,VU,False,False,A2bcd,Global
9343167,Tolypeutes tricinctus,2006,2006-01-31,VU,False,False,A2bc,Global
9343016,Tolypeutes tricinctus,1996,1996-08-01,VU,False,False,A1bcd,Global
9343269,Tolypeutes tricinctus,1994,1994-01-01,E,False,False,,Global
9343252,Tolypeutes tricinctus,1990,1990-01-01,I,False,False,,Global
9343333,Tolypeutes tricinctus,1988,1988-01-01,I,False,False,,Global
9343316,Tolypeutes tricinctus,1986,1986-01-01,I,False,False,,Global
9343037,Tolypeutes tricinctus,1982,1982-01-01,I,False,False,,Global
130103512,Pyrrhura molinae,2018,2018-08-07,LC,True,False,,Global
93088750,Pyrrhura molinae,2016,2016-10-01,LC,False,False,,Global
39024283,Pyrrhura molinae,2012,2012-05-01,LC,False,False,,Global
34569396,Pyrrhura molinae,2009,2009-05-01,LC,False,False,,Global
34569810,Pyrrhura molinae,2008,2008-05-01,LC,False,False,,Global
34570527,Pyrrhura molinae,2004,2004-05-01,LC,False,False,,Global
34571199,Pyrrhura molinae,2000,2000-05-01,LR/lc,False,False,,Global
34571558,Pyrrhura molinae,1994,1994-05-01,LR/lc,False,False,,Global
34572197,Pyrrhura molinae,1988,1988-05-01,LR/lc,False,False,,Global
139548788,Leporinus guttatus,2021,2018-11-07,VU,True,False,D2,Global
46916253,Mycteroperca bonaci,2018,2016-11-20,NT,True,False,A4bd,Global
70328209,Mycteroperca bonaci,2015,2014-01-09,VU,True,False,A2bd,Gulf of Mexico
3433339,Mycteroperca bonaci,2008,2008-01-01,NT,False,False,,Global
1812297,Cambeva igobi,2022,2018-11-07,EN,True,False,"B1ab(ii,iii)",Global
172195265,Melanophryniscus formosus,2023,2020-12-15,LC,True,False,,Global
11209178,Melanophryniscus formosus,2004,2004-04-30,VU,False,False,B1ab(iii)+2ab(iii),Global
154047903,Ischnocnema garciai,2023,2021-04-09,CR,True,False,B1ab(iii)+2ab(iii),Global
233710486,Glossoscolex lutocolus,2023,2022-04-29,VU,True,False,B1ab(iii),Global
136929390,Ituglanis ramiroi,2022,2022-05-16,VU,True,False,D2,Global
156936915,Sporophila melanogaster,2019,2019-08-16,NT,True,False,B1ab(iii); C1+2a(ii),Global
132166534,Sporophila melanogaster,2018,2018-08-09,NT,False,False,A2c+3c+4c,Global
94822013,Sporophila melanogaster,2016,2016-10-01,NT,False,False,A2c+3c+4c,Global
38152691,Sporophila melanogaster,2012,2012-05-01,NT,False,False,A2c+3c+4c,Global
35438696,Sporophila melanogaster,2008,2008-05-01,NT,False,False,A2c+3c+4c,Global
35439401,Sporophila melanogaster,2004,2004-05-01,NT,False,False,A2c+3c,Global
35440066,Sporophila melanogaster,2000,2000-05-01,LR/nt,False,False,,Global
35440620,Sporophila melanogaster,1994,1994-05-01,LR/nt,False,False,,Global
35441385,Sporophila melanogaster,1988,1988-05-01,NT,False,False,,Global
147392445,Leptopanchax opalescens,2022,2018-11-07,CR,True,False,"B2ab(i,ii,iii,iv)",Global
10176941,Leptopanchax opalescens,1996,1996-08-01,VU,False,False,B1+2ac+3bd,Global
10176899,Leptopanchax opalescens,1994,1994-01-01,E,False,False,,Global
10176976,Leptopanchax opalescens,1990,1990-01-01,E,False,False,,Global
10176997,Leptopanchax opalescens,1988,1988-01-01,E,False,False,,Global
10176920,Leptopanchax opalescens,1986,1986-01-01,I,False,False,,Global
1819304,Brycon vermelha,2021,2018-11-07,EN,True,False,B1ab(iii)+2ab(iii),Global
123740558,Ditaxodon taeniatus,2021,2012-12-31,VU,True,False,B2ab(iii),Global
131326693,Onychorhynchus swainsoni,2018,2018-08-07,VU,True,False,C2a(i); D1,Global
93742414,Onychorhynchus swainsoni,2016,2016-10-01,VU,False,False,"A2c+3c+4c;B1ab(i,ii,iii,iv,v)",Global
38071218,Onychorhynchus swainsoni,2012,2012-05-01,VU,False,False,"A2c+3c+4c;B1ab(i,ii,iii,iv,v)",Global
32000079,Onychorhynchus swainsoni,2008,2008-05-01,VU,False,False,"A2c+3c+4c;B1ab(i,ii,iii,iv,v)",Global
32001488,Onychorhynchus swainsoni,2005,2005-05-01,VU,False,False,"A2c+3c;B1ab(i,ii,iii,iv,v);C2a(i)",Global
32002287,Onychorhynchus swainsoni,2004,2004-05-01,EN,False,False,"B1ab(i,ii,iii,iv,v)",Global
32003464,Onychorhynchus swainsoni,2000,2000-05-01,EN,False,False,"B1ab(i,ii,iii,iv,v)",Global
32004328,Onychorhynchus swainsoni,1996,1996-05-01,EN,False,False,,Global
32004754,Onychorhynchus swainsoni,1994,1994-05-01,EN,False,False,,Global
32005460,Onychorhynchus swainsoni,1988,1988-05-01,NR,False,False,,Global
1813899,Anablepsoides cearensis,2022,2018-11-07,CR,True,False,B2ab(iii),Global
156079100,Dysithamnus plumbeus,2021,2021-08-08,VU,True,False,"B2ab(ii,iii,iv,v)",Global
110786619,Dysithamnus plumbeus,2017,2016-10-01,VU,False,False,A2c+3c+4c; C2a(i),Global
93828159,Dysithamnus plumbeus,2016,2016-10-01,VU,False,False,"A2c+3c+4c;B1ab(i,ii,iii,iv,v);C2a(i)",Global
38311035,Dysithamnus plumbeus,2012,2012-05-01,VU,False,False,"A2c+3c+4c;B1ab(i,ii,iii,iv,v);C2a(i)",Global
27369002,Dysithamnus plumbeus,2008,2008-05-01,VU,False,False,"A2c+3c+4c;B1ab(i,ii,iii,iv,v);C2a(i)",Global
27369565,Dysithamnus plumbeus,2004,2004-05-01,VU,False,False,"A2c+3c;B1ab(i,ii,iii,iv,v);C2a(i)",Global
27370715,Dysithamnus plumbeus,2000,2000-05-01,VU,False,False,"A1c+2c;B1ab(i,ii,iii,iv,v);C1+2a(i)",Global
27371670,Dysithamnus plumbeus,1996,1996-05-01,VU,False,False,,Global
27372110,Dysithamnus plumbeus,1994,1994-05-01,VU,False,False,,Global
27372909,Dysithamnus plumbeus,1988,1988-05-01,T,False,False,,Global
1814124,Brycon orbignyanus,2023,2020-10-07,EN,True,False,A2c,Global
140644711,Parotocinclus seridoensis,2022,2018-11-07,LC,True,False,,Global
209760646,Touit melanonotus,2022,2021-10-25,NT,True,False,C1+2a(i),Global
93097352,Touit melanonotus,2016,2016-10-01,VU,False,False,C2a(i),Global
37919533,Touit melanonotus,2012,2012-05-01,EN,False,False,C2a(i),Global
36520424,Touit melanonotus,2008,2008-05-01,EN,False,False,C2a(i),Global
36521302,Touit melanonotus,2004,2004-05-01,EN,False,False,C2a(i),Global
36522079,Touit melanonotus,2000,2000-05-01,EN,False,False,C2a(i),Global
36522876,Touit melanonotus,1996,1996-05-01,EN,False,False,,Global
36523302,Touit melanonotus,1994,1994-05-01,EN,False,False,,Global
36524024,Touit melanonotus,1988,1988-05-01,T,False,False,,Global
130278500,Anabazenops dorsalis,2018,2018-08-05,LC,True,False,,Global
110876424,Anabazenops dorsalis,2017,2016-10-01,LC,False,False,,Global
93895231,Anabazenops dorsalis,2016,2016-10-01,LC,False,False,,Global
39220949,Anabazenops dorsalis,2012,2012-05-01,LC,False,False,,Global
37600070,Anabazenops dorsalis,2009,2009-05-01,LC,False,False,,Global
37600262,Anabazenops dorsalis,2008,2008-05-01,LC,False,False,,Global
37601364,Anabazenops dorsalis,2004,2004-05-01,LC,False,False,,Global
37601679,Anabazenops dorsalis,2000,2000-05-01,LR/lc,False,False,,Global
37602533,Anabazenops dorsalis,1994,1994-05-01,LR/lc,False,False,,Global
37602833,Anabazenops dorsalis,1988,1988-05-01,LR/lc,False,False,,Global
154324845,Amphisbaena bahiana,2021,2019-10-22,EN,True,False,B1ab(iii),Global
167211611,Arremonops conirostris,2020,2020-01-30,LC,True,False,,Global
131887838,Arremonops conirostris,2018,2018-08-07,LC,False,False,,Global
94710723,Arremonops conirostris,2016,2016-10-01,LC,False,False,,Global
39970341,Arremonops conirostris,2012,2012-05-01,LC,False,False,,Global
24108455,Arremonops conirostris,2009,2009-05-01,LC,False,False,,Global
24108989,Arremonops conirostris,2008,2008-05-01,LC,False,False,,Global
24109613,Arremonops conirostris,2004,2004-05-01,LC,False,False,,Global
24110117,Arremonops conirostris,2000,2000-05-01,LR/lc,False,False,,Global
24110817,Arremonops conirostris,1994,1994-05-01,LR/lc,False,False,,Global
24111380,Arremonops conirostris,1988,1988-05-01,LR/lc,False,False,,Global
134694377,Baryancistrus longipinnis,2024,2022-05-18,EN,True,False,A4ac,Global
221061186,Balaenoptera musculus,2023,2022-08-10,NT,True,False,D1,Europe
50226195,Balaenoptera musculus,2018,2018-03-16,EN,False,False,A1abd,Global
156923585,Balaenoptera musculus,2018,2018-03-16,EN,True,False,A1abd,Global
9447146,Balaenoptera musculus,2008,2008-06-30,EN,False,False,A1abd,Global
9446907,Balaenoptera musculus,2007,2007-01-26,EN,False,False,D,Europe
9446566,Balaenoptera musculus,1996,1996-08-01,EN,False,False,A1abd,Global
9447820,Balaenoptera musculus,1994,1994-01-01,E,False,False,,Global
9447803,Balaenoptera musculus,1990,1990-01-01,E,False,False,,Global
9447854,Balaenoptera musculus,1988,1988-01-01,E,False,False,,Global
9447837,Balaenoptera musculus,1986,1986-01-01,E,False,False,,Global
9446891,Balaenoptera musculus,1965,1965-01-01,N/A,False,False,,Global
88135664,Chrysocyon brachyurus,2015,2015-08-13,NT,True,False,,Global
82316878,Chrysocyon brachyurus,2015,2015-08-13,NT,False,False,,Global
11097908,Chrysocyon brachyurus,2008,2008-06-30,NT,False,False,,Global
11098105,Chrysocyon brachyurus,2004,2004-04-30,NT,False,False,,Global
11097872,Chrysocyon brachyurus,1996,1996-08-01,LR/nt,False,False,,Global
11098328,Chrysocyon brachyurus,1994,1994-01-01,V,False,False,,Global
11098277,Chrysocyon brachyurus,1990,1990-01-01,V,False,False,,Global
11098260,Chrysocyon brachyurus,1988,1988-01-01,V,False,False,,Global
11098311,Chrysocyon brachyurus,1986,1986-01-01,V,False,False,,Global
11098294,Chrysocyon brachyurus,1982,1982-01-01,V,False,False,,Global
11097892,Chrysocyon brachyurus,1965,1965-01-01,N/A,False,False,,Global
50950752,Stenocercus azureus,2019,2014-11-14,LC,True,False,,Global
86256074,Anomaloglossus tepequem,2023,2021-04-13,CR,True,True,D,Global
17940474,Saimiri vanzolinii,2021,2020-12-01,EN,True,False,A3c; B1ab(iii),Global
9023022,Saimiri vanzolinii,2008,2008-06-30,VU,False,False,D2,Global
9023163,Saimiri vanzolinii,2003,2003-04-30,VU,False,False,"A3ce; B1ab(i,ii,v)",Global
9022993,Saimiri vanzolinii,2000,2000-06-30,VU,False,False,"B1+2c, C2a",Global
9022972,Saimiri vanzolinii,1996,1996-08-01,VU,False,False,"B1+2c, C2a",Global
9023215,Saimiri vanzolinii,1994,1994-01-01,V,False,False,,Global
17928789,Ateles chamek,2020,2015-01-26,EN,False,False,A2acd+3cd+4acd,Global
191685783,Ateles chamek,2021,2015-01-26,EN,True,False,A2acd+3cd+4acd,Global
10497375,Ateles chamek,2008,2008-06-30,EN,False,False,A2cd,Global
10497594,Ateles chamek,2003,2003-04-30,LC,False,False,,Global
10497351,Ateles chamek,1996,1996-08-01,LR/lc,False,False,,Global
22038149,Lonchophylla dekeyseri,2016,2016-05-18,EN,True,False,C2a(i),Global
3329861,Lonchophylla dekeyseri,2008,2008-06-30,NT,False,False,,Global
3329990,Lonchophylla dekeyseri,1996,1996-08-01,VU,False,False,A2c,Global
192636909,Penelope pileata,2021,2020-12-21,VU,True,False,A3cd+4cd,Global
92771975,Penelope pileata,2016,2016-10-01,VU,False,False,A3c,Global
50394575,Penelope pileata,2013,2013-11-01,VU,False,False,A3c,Global
37826517,Penelope pileata,2012,2012-05-01,VU,False,False,A3c,Global
32603750,Penelope pileata,2008,2008-05-01,NT,False,False,C2a(i),Global
32604326,Penelope pileata,2004,2004-05-01,NT,False,False,C2a(i),Global
32604862,Penelope pileata,2000,2000-05-01,LR/nt,False,False,,Global
32605551,Penelope pileata,1994,1994-05-01,LR/nt,False,False,,Global
32606175,Penelope pileata,1988,1988-05-01,NT,False,False,,Global
221180325,Touit surdus,2023,2023-08-09,VU,True,False,C2a(i),Global
93097618,Touit surdus,2016,2016-10-01,VU,False,False,A2c+3c+4c;C2a(i),Global
37915624,Touit surdus,2012,2012-05-01,VU,False,False,A2c+3c+4c;C2a(i),Global
36525230,Touit surdus,2008,2008-05-01,VU,False,False,A2c+3c+4c;C2a(i),Global
36526032,Touit surdus,2004,2004-05-01,VU,False,False,A2c+3c;C2a(i),Global
36526837,Touit surdus,2000,2000-05-01,EN,False,False,C2a(i),Global
36493898,Touit surdus,1996,1996-05-01,EN,False,False,,Global
36494908,Touit surdus,1994,1994-05-01,EN,False,False,,Global
36495112,Touit surdus,1988,1988-05-01,T,False,False,,Global
134705618,Cynolebias parnaibensis,2022,2018-11-07,DD,True,False,,Global
139243490,Melanophryniscus biancae,2023,2021-04-09,EN,True,False,B1ab(iii),Global
172238888,Ololygon faivovichi,2023,2021-04-09,VU,True,False,D2,Global
4248952,Ololygon faivovichi,2008,2008-01-01,CR,False,False,B2ab(ii),Global
193978116,Crax fasciolata pinima,2021,2021-01-06,VU,True,False,A3cd+4cd,Global
95141387,Crax fasciolata pinima,2016,2016-10-01,VU,False,False,A4c,Global
45092211,Crax fasciolata pinima,2014,2014-07-24,VU,False,False,A4c,Global
10818146,Prognathodes obliquus,2010,2009-10-05,DD,True,False,,Global
10818102,Prognathodes obliquus,1996,1996-08-01,VU,False,False,D2,Global
104025749,Myliobatis ridens,2020,2019-07-01,CR,True,False,A2bd,Global
228208139,Psophia dextralis,2023,2023-08-09,EN,True,False,A4cd,Global
95157690,Psophia dextralis,2016,2016-10-01,EN,False,False,A4cd,Global
45470993,Psophia dextralis,2014,2014-07-24,EN,False,False,A4cd,Global
17974148,Plecturocebus brunneus,2020,2015-01-26,VU,True,False,A3cd+4cd,Global
10479157,Plecturocebus brunneus,2008,2008-06-30,LC,False,False,,Global
10479293,Plecturocebus brunneus,2003,2003-04-30,LC,False,False,,Global
10479133,Plecturocebus brunneus,1996,1996-08-01,LR/lc,False,False,,Global
1822204,Matilebias cyaneus,2023,2022-05-18,EN,True,False,"B1ab(ii,iii)",Global
104130004,Hypanus marianae,2020,2019-07-01,EN,True,False,A2cd,Global
104128768,Hypanus marianae,2016,2004-05-02,DD,False,False,,Global
11025254,Hypanus marianae,2004,2004-04-30,DD,False,False,,Global
46915949,Mycteroperca interstitialis,2018,2016-11-21,VU,True,False,A4bd,Global
70328675,Mycteroperca interstitialis,2015,2014-01-09,VU,True,False,A2bd,Gulf of Mexico
12778677,Mycteroperca interstitialis,2008,2008-01-01,VU,False,False,A2d+3d,Global
12778966,Mycteroperca interstitialis,2007,2007-03-01,VU,False,False,A2d+3d,Global
173830275,Cynolebias elegans,2021,2020-12-29,CR,True,True,A2ac; B1ab(iii)+2ab(iii); D,Global
154323810,Brasiliscincus caissara,2021,2014-08-22,EN,True,False,B1ab(iii),Global
172200602,Melanophryniscus macrogranulosus,2023,2021-04-09,EN,True,False,B1ab(iii),Global
11210082,Melanophryniscus macrogranulosus,2010,2004-05-31,VU,False,False,B1ab(iii),Global
11209940,Melanophryniscus macrogranulosus,2004,2004-04-30,VU,False,False,B1ab(iii),Global
1819994,Hypsolebias ghisolfii,2023,2022-05-18,EN,True,False,"B1ab(ii,iii,iv)+2ab(ii,iii,iv)",Global
223968374,Rhegmatorhina gymnops,2023,2022-11-22,VU,True,False,A3c+4c,Global
93854116,Rhegmatorhina gymnops,2016,2016-10-01,VU,False,False,A3c,Global
39179690,Rhegmatorhina gymnops,2012,2012-05-01,VU,False,False,A3c,Global
34721034,Rhegmatorhina gymnops,2009,2009-05-01,LC,False,False,,Global
34721350,Rhegmatorhina gymnops,2008,2008-05-01,LC,False,False,,Global
34721910,Rhegmatorhina gymnops,2004,2004-05-01,LC,False,False,,Global
34722189,Rhegmatorhina gymnops,2000,2000-05-01,LR/lc,False,False,,Global
34722685,Rhegmatorhina gymnops,1994,1994-05-01,LR/nt,False,False,,Global
34723167,Rhegmatorhina gymnops,1988,1988-05-01,NT,False,False,,Global
123739664,Bothrops otavioi,2021,2019-11-06,CR,True,False,"B1ab(iii,v)+2ab(iii,v)",Global
22038287,Lonchophylla bokermanni,2016,2016-07-01,EN,True,False,B1ab(iii),Global
3329699,Lonchophylla bokermanni,2008,2008-06-30,DD,False,False,,Global
3329824,Lonchophylla bokermanni,1996,1996-08-01,VU,False,False,A2c,Global
3403469,Megalobulimus proclivis,1996,1996-08-01,CR,True,False,A1ac,Global
1823239,Simpsonichthys punctulatus,2022,2018-11-07,VU,True,False,D2,Global
233710386,Fimoscolex sporadochaetus,2023,2022-04-29,EN,True,False,B1ab(iii),Global
1813002,Listrura nematopteryx,2021,2018-11-07,CR,True,False,"B2ab(iii,iv)",Global
279077133,Mobula tarapacana,2025,2025-06-18,CR,True,False,A2bd+3d,Global
124451161,Mobula tarapacana,2019,2018-11-09,EN,False,False,A2bd+3d,Global
214371388,Mobula tarapacana,2022,2018-11-09,EN,False,False,A2bd+3d,Global
121705844,Mobula tarapacana,2016,2016-02-23,VU,False,False,A2bd,Global
3091224,Mobula tarapacana,2016,2016-02-23,VU,False,False,A2bd,Global
100016302,Mobula tarapacana,2016,2016-02-23,VU,False,False,A2bd,Global
12309970,Mobula tarapacana,2006,2006-01-31,DD,False,False,,Global
1826554,Acrolebias carvalhoi,2022,2018-11-07,CR,True,False,B2ab(iii),Global
197051097,Lophornis gouldii,2021,2021-02-18,NT,True,False,A3c+4c,Global
93144200,Lophornis gouldii,2016,2016-10-01,VU,False,False,A3c,Global
40477146,Lophornis gouldii,2012,2012-05-01,VU,False,False,A3c,Global
30191860,Lophornis gouldii,2009,2009-05-01,LC,False,False,,Global
30192327,Lophornis gouldii,2008,2008-05-01,LC,False,False,,Global
30192673,Lophornis gouldii,2004,2004-05-01,LC,False,False,,Global
30183533,Lophornis gouldii,2000,2000-05-01,LR/lc,False,False,,Global
30184190,Lophornis gouldii,1994,1994-05-01,LR/lc,False,False,,Global
30184540,Lophornis gouldii,1988,1988-05-01,LR/lc,False,False,,Global
166997993,Colibri delphinae greenewalti,2021,2020-10-12,LC,True,False,,Global
130118065,Colibri delphinae greenewalti,2018,2018-08-06,LC,False,False,,Global
93140087,Colibri delphinae greenewalti,2016,2016-10-01,LC,False,False,,Global
40462505,Colibri delphinae greenewalti,2012,2012-05-01,LC,False,False,,Global
26179232,Colibri delphinae greenewalti,2009,2009-05-01,LC,False,False,,Global
26179745,Colibri delphinae greenewalti,2008,2008-05-01,LC,False,False,,Global
26180420,Colibri delphinae greenewalti,2004,2004-05-01,LC,False,False,,Global
26181069,Colibri delphinae greenewalti,2000,2000-05-01,LR/lc,False,False,,Global
26181847,Colibri delphinae greenewalti,1994,1994-05-01,LR/lc,False,False,,Global
26182503,Colibri delphinae greenewalti,1988,1988-05-01,LR/lc,False,False,,Global
172115852,Sphyrna gilberti,2020,2020-04-08,DD,True,False,,Global
199350707,Potamotrygon marquesi,2025,2024-09-12,NT,True,False,A2cd,Global
147391984,Hypsolebias picturatus,2022,2018-11-07,VU,True,False,D2,Global
6366763,Hypsolebias picturatus,2009,2007-03-01,VU,False,False,A2ce,Global
2923696,Potamotrygon leopoldi,2022,2022-03-25,VU,True,False,A2bcd,Global
10226180,Potamotrygon leopoldi,2009,2003-06-24,DD,False,False,,Global
10226359,Potamotrygon leopoldi,2000,2000-06-30,DD,False,False,,Global
1820519,Simpsonichthys parallelus,2023,2018-11-07,EN,True,False,B1ab(iii),Global
1818089,Hypsolebias macaubensis,2023,2022-05-18,EN,True,False,"B2ab(ii,iii,iv)",Global
259145694,Ctenomys ibicuiensis,2024,2024-05-23,NT,True,False,"B1b(i,ii,iii)",Global
45973126,Ctenomys ibicuiensis,2019,2013-06-30,DD,False,False,,Global
135926211,Hypancistrus zebra,2022,2018-11-07,CR,True,False,A3c,Global
1811361,Notholebias fractifasciatus,2022,2018-11-07,CR,True,False,"B2ab(i,ii,iii,iv)",Global
1872388,Stegastes rocasensis,2025,2024-07-02,EN,True,False,B2ab(iii),Global
178303856,Cypholebias cinereus,2023,2021-02-17,EN,True,False,"B2ab(i,ii,iii,iv)",Global
134696394,Campellolebias brucei,2023,2022-05-18,CR,True,False,"B2ab(ii,iii)",Global
10029276,Campellolebias brucei,1996,1996-08-01,VU,False,False,B1+3bd,Global
10029238,Campellolebias brucei,1994,1994-01-01,E,False,False,,Global
10029309,Campellolebias brucei,1990,1990-01-01,E,False,False,,Global
10029328,Campellolebias brucei,1988,1988-01-01,E,False,False,,Global
10029257,Campellolebias brucei,1986,1986-01-01,E,False,False,,Global
134884765,Heterodactylus lundii,2021,2014-08-04,EN,True,False,B2ab(iii),Global
22160916,Blastocerus dichotomus,2016,2016-01-28,VU,True,False,A4cde,Global
9486864,Blastocerus dichotomus,2008,2008-06-30,VU,False,False,A4acde,Global
9487186,Blastocerus dichotomus,2002,2002-01-01,VU,False,False,A4acde,Global
9486826,Blastocerus dichotomus,1996,1996-08-01,VU,False,False,A2cde,Global
9487421,Blastocerus dichotomus,1994,1994-01-01,V,False,False,,Global
9487404,Blastocerus dichotomus,1990,1990-01-01,V,False,False,,Global
9487455,Blastocerus dichotomus,1988,1988-01-01,V,False,False,,Global
9487438,Blastocerus dichotomus,1986,1986-01-01,V,False,False,,Global
9486847,Blastocerus dichotomus,1982,1982-01-01,V,False,False,,Global
1825039,Hasemania maxillaris,2022,2018-11-07,CR,True,True,D,Global
250566196,Synallaxis kollari,2024,2024-06-25,EN,True,False,A3c; C2a(i),Global
93873314,Synallaxis kollari,2016,2016-10-01,CR,False,False,A3c,Global
128222975,Synallaxis kollari,2018,2016-10-01,CR,False,False,A3c,Global
38306365,Synallaxis kollari,2012,2012-05-01,CR,False,False,A3c,Global
35915312,Synallaxis kollari,2008,2008-05-01,EN,False,False,"B1ab(iii,v)+2ab(iii,v)",Global
35915985,Synallaxis kollari,2005,2005-05-01,VU,False,False,"B1ab(iii,v);D1",Global
35916703,Synallaxis kollari,2004,2004-05-01,EN,False,False,"B1ab(iii,v);C2a(ii)",Global
35917350,Synallaxis kollari,2000,2000-05-01,EN,False,False,"B1ab(iii,v);C2b",Global
35917933,Synallaxis kollari,1996,1996-05-01,VU,False,False,,Global
35918375,Synallaxis kollari,1994,1994-05-01,VU,False,False,,Global
35918539,Synallaxis kollari,1988,1988-05-01,NT,False,False,,Global
12982872,Gonyostomus insularis,2000,2000-01-01,VU,True,False,D2,Global
12982851,Gonyostomus insularis,1996,1996-08-01,VU,False,False,D1,Global
1811871,Leptopanchax itanhaensis,2022,2018-11-07,CR,True,False,"B2ab(i,ii,iii,iv)",Global
199309471,Conopophaga cearae,2021,2021-07-16,NT,True,False,C2a(i),Global
112314817,Conopophaga cearae,2017,2016-10-01,LC,False,False,,Global
104036605,Conopophaga cearae,2016,2016-10-01,LC,False,False,,Global
26329584,Conopophaga cearae,2008,2008-05-01,NR,False,False,,Global
26329991,Conopophaga cearae,2004,2004-05-01,NR,False,False,,Global
26330408,Conopophaga cearae,2000,2000-05-01,NR,False,False,,Global
26330655,Conopophaga cearae,1994,1994-05-01,NR,False,False,,Global
26331059,Conopophaga cearae,1988,1988-05-01,NR,False,False,,Global
268790096,Notorynchus cepedianus,2020,2020-02-08,VU,True,False,A2bd,Global
2896914,Notorynchus cepedianus,2020,2015-02-28,VU,False,False,A2bd,Global
10200310,Notorynchus cepedianus,2009,2005-10-01,DD,False,False,,Global
10200806,Notorynchus cepedianus,2000,2000-06-30,DD,False,False,,Global
118904437,Cnipodectes superrufus,2017,2017-10-01,VU,True,False,C2a(i),Global
95112141,Cnipodectes superrufus,2016,2016-10-01,VU,False,False,C2a(i),Global
38068534,Cnipodectes superrufus,2012,2012-05-01,VU,False,False,C2a(i),Global
26114920,Cnipodectes superrufus,2009,2009-05-01,VU,False,False,C2a(i),Global
26115671,Cnipodectes superrufus,2008,2008-05-01,NR,False,False,,Global
26115838,Cnipodectes superrufus,2004,2004-05-01,NR,False,False,,Global
26116591,Cnipodectes superrufus,2000,2000-05-01,NR,False,False,,Global
26103016,Cnipodectes superrufus,1994,1994-05-01,NR,False,False,,Global
26103490,Cnipodectes superrufus,1988,1988-05-01,NR,False,False,,Global
17025021,Hippocampus reidi,2017,2016-10-04,NT,True,False,A2d+4d,Global
70456243,Hippocampus reidi,2015,2014-01-07,LC,True,False,,Gulf of Mexico
3160775,Hippocampus reidi,2003,2003-04-30,DD,False,False,,Global
3160982,Hippocampus reidi,1996,1996-08-01,VU,False,False,A2cd,Global
17786694,Scarus trispinosus,2012,2008-06-13,EN,True,False,A2d,Global
8823957,Scarus trispinosus,2010,2008-06-12,EN,False,False,A2d,Global
200555700,Campylopterus calcirupicola,2021,2021-07-12,VU,True,False,C2a(i),Global
78903423,Crossodactylus dispar,2023,2021-04-09,CR,True,True,D,Global
1821769,Hypsolebias fulminantis,2023,2018-11-07,EN,True,False,"B1ab(i,ii,iii,iv)+2ab(i,ii,iii,iv)",Global
1814484,Phalloptychus iheringii,2021,2018-11-07,NT,True,False,B1b(iii),Global
139547785,Lepidocharax diamantina,2021,2018-11-07,EN,True,False,"B1ab(iii,iv)",Global
122600413,Parides ascanius,2018,2018-04-25,VU,False,False,B1ab(iii),Global
145165808,Parides ascanius,2019,2018-04-25,VU,True,False,B1ab(iii),Global
5584675,Parides ascanius,1996,1996-08-01,VU,False,False,B1+2ac,Global
5584641,Parides ascanius,1994,1994-01-01,V,False,False,,Global
5584706,Parides ascanius,1990,1990-01-01,V,False,False,,Global
5584757,Parides ascanius,1988,1988-01-01,V,False,False,,Global
5584723,Parides ascanius,1986,1986-01-01,V,False,False,,Global
5584740,Parides ascanius,1985,1985-01-01,V,False,False,,Global
5584658,Parides ascanius,1983,1983-01-01,V,False,False,,Global
1819394,Matilebias paucisquama,2023,2018-11-07,VU,True,False,D2,Global
132070491,Myrmoderus ruficauda,2018,2018-08-09,EN,True,False,C2a(i),Global
93849413,Myrmoderus ruficauda,2016,2016-10-01,EN,False,False,"B1ab(i,ii,iii,iv,v);C2a(i)",Global
38102868,Myrmoderus ruficauda,2012,2012-05-01,EN,False,False,"B1ab(i,ii,iii,iv,v);C2a(i)",Global
31337870,Myrmoderus ruficauda,2008,2008-05-01,EN,False,False,"B1ab(i,ii,iii,iv,v);C2a(i)",Global
31338943,Myrmoderus ruficauda,2004,2004-05-01,EN,False,False,"B1ab(i,ii,iii,iv,v);C2a(i)",Global
31339698,Myrmoderus ruficauda,2000,2000-05-01,EN,False,False,"B1ab(i,ii,iii,iv,v)",Global
31340426,Myrmoderus ruficauda,1996,1996-05-01,VU,False,False,,Global
31340743,Myrmoderus ruficauda,1994,1994-05-01,VU,False,False,,Global
31341273,Myrmoderus ruficauda,1988,1988-05-01,T,False,False,,Global
269441699,Tayassu pecari,2025,2025-01-23,VU,True,False,A2bcde+3bcde,Global
44051115,Tayassu pecari,2013,2012-05-25,VU,False,False,A2bcde+3bcde,Global
10563216,Tayassu pecari,2008,2008-06-30,NT,False,False,,Global
10563538,Tayassu pecari,1996,1996-08-01,LR/lc,False,False,,Global
172238385,Cycloramphus faustoi,2023,2021-04-09,VU,True,False,D2,Global
4232696,Cycloramphus faustoi,2008,2008-01-01,CR,False,False,"B2ab(ii,iii)",Global
141170208,Trigonectes strigabundus,2023,2018-11-07,EN,True,False,B2ab(iii),Global
1825669,Hypsolebias alternatus,2022,2018-11-07,VU,True,False,D2,Global
173823833,Matilebias camaquensis,2021,2020-12-29,EN,True,False,"B1ab(ii,iii)+2ab(ii,iii)",Global
20191442,Hippocampus erectus,2017,2016-10-03,VU,True,False,A2cd,Global
67881992,Hippocampus erectus,2015,2014-11-28,NA,True,False,,Europe
70455713,Hippocampus erectus,2015,2014-01-10,VU,True,False,A4cd,Gulf of Mexico
3158973,Hippocampus erectus,2003,2003-04-30,VU,False,False,A4cd,Global
3159290,Hippocampus erectus,1996,1996-08-01,VU,False,False,A2cd,Global
123737662,Atractus caete,2020,2012-12-31,EN,True,False,B1ab(iii),Global
17784768,Sparisoma frondosum,2012,2009-09-15,DD,True,False,,Global
8816307,Sparisoma frondosum,2010,2009-09-14,DD,False,False,,Global
173832236,Hypsolebias hamadryades,2021,2021-01-04,CR,True,False,B1ab(iii)+2ab(iii),Global
172229355,Physalaemus soaresi,2023,2021-04-09,CR,True,False,B1ab(iii),Global
11597601,Physalaemus soaresi,2004,2004-04-30,EN,False,False,B1ab(iii)+2ab(iii),Global
137792369,Calyptommatus leiolepis,2021,2013-08-04,EN,True,False,B1ab(iii),Global
137791969,Alexandresaurus camacan,2021,2014-08-04,NT,True,False,B1b(iii),Global
132628887,Procellaria aequinoctialis,2018,2018-08-07,VU,True,False,A4bcde,Global
112245853,Procellaria aequinoctialis,2017,2016-10-01,VU,False,False,A4bcde,Global
104916768,Procellaria aequinoctialis,2016,2016-10-01,VU,False,False,A4bcde,Global
83475793,Procellaria aequinoctialis,2015,2015-10-01,VU,False,False,A4bcde,Global
38947338,Procellaria aequinoctialis,2012,2012-05-01,VU,False,False,A4bcde,Global
33944105,Procellaria aequinoctialis,2010,2010-05-01,VU,False,False,A4bcde,Global
33945483,Procellaria aequinoctialis,2008,2008-05-01,VU,False,False,A4bcde,Global
33946338,Procellaria aequinoctialis,2005,2005-05-01,VU,False,False,A4bcde,Global
33947956,Procellaria aequinoctialis,2004,2004-05-01,VU,False,False,A2bcde+3bcde,Global
33949457,Procellaria aequinoctialis,2000,2000-05-01,VU,False,False,A1bcde+2bcde,Global
33950763,Procellaria aequinoctialis,1994,1994-05-01,NR,False,False,,Global
33951920,Procellaria aequinoctialis,1988,1988-05-01,NR,False,False,,Global
1963299,Elacatinus figaro,2022,2022-04-06,VU,True,False,A2bcd,Global
209393280,Pyrrhura perlata,2022,2021-10-19,LC,True,False,,Global
93088518,Pyrrhura perlata,2016,2016-10-01,VU,False,False,A3c,Global
39023755,Pyrrhura perlata,2012,2012-05-01,VU,False,False,A3c,Global
34566760,Pyrrhura perlata,2009,2009-05-01,LC,False,False,,Global
34567414,Pyrrhura perlata,2008,2008-05-01,LC,False,False,,Global
34567684,Pyrrhura perlata,2004,2004-05-01,LC,False,False,,Global
34568093,Pyrrhura perlata,2000,2000-05-01,LR/lc,False,False,,Global
34568481,Pyrrhura perlata,1994,1994-05-01,LR/lc,False,False,,Global
34569019,Pyrrhura perlata,1988,1988-05-01,LR/lc,False,False,,Global
202613596,Anodorhynchus hyacinthinus,2025,2025-06-23,VU,True,False,A1bd,Global
93077457,Anodorhynchus hyacinthinus,2016,2016-10-01,VU,False,False,A2cd; C2a(ii),Global
61733086,Anodorhynchus hyacinthinus,2014,2014-07-24,VU,False,False,A2cd; C2a(ii),Global
48042461,Anodorhynchus hyacinthinus,2013,2013-11-01,EN,False,False,A2cd,Global
38176579,Anodorhynchus hyacinthinus,2012,2012-05-01,EN,False,False,A2cd,Global
23560734,Anodorhynchus hyacinthinus,2008,2008-05-01,EN,False,False,A2cd,Global
23561679,Anodorhynchus hyacinthinus,2004,2004-05-01,EN,False,False,A2bcd,Global
23562824,Anodorhynchus hyacinthinus,2000,2000-05-01,EN,False,False,A1bcd+2bcd,Global
23563629,Anodorhynchus hyacinthinus,1996,1996-05-01,VU,False,False,,Global
23564608,Anodorhynchus hyacinthinus,1994,1994-05-01,VU,False,False,,Global
23565560,Anodorhynchus hyacinthinus,1988,1988-05-01,T,False,False,,Global
132645225,Thalassarche chlororhynchos,2018,2018-08-07,EN,True,False,A4bd; B2ab(v),Global
111460918,Thalassarche chlororhynchos,2017,2016-10-01,EN,False,False,A4bd; B2ab(v),Global
93682271,Thalassarche chlororhynchos,2016,2016-10-01,EN,False,False,A4bd;B2ab(v),Global
40181202,Thalassarche chlororhynchos,2012,2012-05-01,EN,False,False,A4bd;B2ab(v),Global
36255937,Thalassarche chlororhynchos,2010,2010-05-01,EN,False,False,A4bd;B2ab(v),Global
36219484,Thalassarche chlororhynchos,2008,2008-05-01,EN,False,False,A4bd;B2ab(v),Global
36220278,Thalassarche chlororhynchos,2007,2007-05-01,EN,False,False,A4bd;B2ab(v),Global
36221524,Thalassarche chlororhynchos,2005,2005-05-01,EN,False,False,A4bd;B2ab(v),Global
36222576,Thalassarche chlororhynchos,2004,2004-05-01,EN,False,False,A4bd,Global
36223597,Thalassarche chlororhynchos,2003,2003-05-01,EN,False,False,A4bd,Global
36224375,Thalassarche chlororhynchos,2000,2000-05-01,LR/nt,False,False,,Global
36225359,Thalassarche chlororhynchos,1994,1994-05-01,NR,False,False,,Global
36226361,Thalassarche chlororhynchos,1988,1988-05-01,NR,False,False,,Global
263305590,Granatellus pelzelni paraensis,2024,2024-06-12,LC,True,False,,Global
119464229,Granatellus pelzelni paraensis,2017,2016-10-01,LC,False,False,,Global
94746908,Granatellus pelzelni paraensis,2016,2016-10-01,LC,False,False,,Global
17925370,Alouatta belzebul,2019,2019-05-13,VU,False,False,A4cd,Global
190412426,Alouatta belzebul,2021,2019-05-13,VU,True,False,A4cd,Global
10298051,Alouatta belzebul,2008,2008-06-30,VU,False,False,A2cd,Global
10298283,Alouatta belzebul,2000,2000-06-30,LR/lc,False,False,,Global
10298029,Alouatta belzebul,1996,1996-08-01,LR/lc,False,False,,Global
22212204,Trinomys yonenagae,2016,2016-06-10,EN,True,False,"B2ab(i,ii,iii)",Global
4288527,Trinomys yonenagae,2008,2008-06-30,EN,False,False,B1ab(iii),Global
3292503,Lepidochelys olivacea,2008,2008-06-30,VU,True,False,A2bd,Global
3293138,Lepidochelys olivacea,1996,1996-09-01,EN,False,False,A1bd,Global
3292463,Lepidochelys olivacea,1996,1996-08-01,EN,False,False,A1abd,Global
3293442,Lepidochelys olivacea,1994,1994-01-01,E,False,False,,Global
3292486,Lepidochelys olivacea,1990,1990-01-01,E,False,False,,Global
3293408,Lepidochelys olivacea,1988,1988-01-01,E,False,False,,Global
3293459,Lepidochelys olivacea,1986,1986-01-01,E,False,False,,Global
3293425,Lepidochelys olivacea,1982,1982-01-01,E,False,False,,Global
152715347,Pterodroma incerta,2019,2019-06-14,EN,True,False,B2ab(v),Global
132623707,Pterodroma incerta,2018,2018-08-07,EN,False,False,B2ab(v),Global
95224555,Pterodroma incerta,2016,2016-10-01,EN,False,False,B2ab(v),Global
84681773,Pterodroma incerta,2012,2012-05-01,EN,False,False,B2ab(v),Global
40219884,Pterodroma incerta,2012,2012-05-01,EN,False,False,B2ab(v),Global
34263220,Pterodroma incerta,2010,2010-05-01,EN,False,False,B2ab(v),Global
34264998,Pterodroma incerta,2008,2008-05-01,EN,False,False,B2ab(v),Global
34266267,Pterodroma incerta,2007,2007-05-01,VU,False,False,D2,Global
34267487,Pterodroma incerta,2006,2006-05-01,VU,False,False,D2,Global
34268637,Pterodroma incerta,2004,2004-05-01,VU,False,False,D2,Global
34269735,Pterodroma incerta,2000,2000-05-01,VU,False,False,D2,Global
34270649,Pterodroma incerta,1996,1996-05-01,VU,False,False,,Global
34271543,Pterodroma incerta,1994,1994-05-01,VU,False,False,,Global
34272626,Pterodroma incerta,1988,1988-05-01,LR/lc,False,False,,Global
16509932,Otophidium chickcharney,2015,2013-01-29,LC,True,False,,Global
173823857,Austrolebias ephemerus,2021,2020-12-29,CR,True,False,"B1ab(ii,iii,iv)",Global
1824454,Hypsolebias gibberatus,2022,2018-11-07,VU,True,False,D2,Global
211284311,Pteroglossus bitorquatus bitorquatus,2023,2023-02-14,NT,True,False,A3c+4c,Global
94971638,Pteroglossus bitorquatus bitorquatus,2016,2016-10-01,EN,False,False,A4c,Global
40846539,Pteroglossus bitorquatus bitorquatus,2014,2014-07-24,EN,False,False,A4c,Global
136890640,Hypsolebias flammeus,2023,2018-11-07,EN,True,False,"B2ab(ii,iii,iv)",Global
154323741,Amphisbaena heathi,2021,2014-08-22,NT,True,False,B1b(iii),Global
887542,Carcharhinus acronotus,2021,2019-07-01,EN,True,False,A2bd,Global
5410167,Carcharhinus acronotus,2009,2008-12-01,NT,False,False,,Global
1823014,Hyphessobrycon duragenys,2021,2018-11-07,EN,True,False,"B1ab(i,iii,iv)",Global
1772180,Scartella poiti,2014,2011-03-23,VU,True,False,D2,Global
172236913,Ololygon peixotoi,2023,2021-04-09,CR,True,False,B1ab(iii)+2ab(iii),Global
4216412,Ololygon peixotoi,2008,2008-01-01,CR,False,False,"B2ab(ii,iii)",Global
154323603,Leposoma nanodactylus,2021,2013-10-11,EN,True,False,B1ab(iii),Global
1821439,Hypsolebias mediopapillatus,2022,2018-11-07,VU,True,False,D2,Global
132029835,Guaruba guarouba,2018,2018-08-09,VU,True,False,A2cd+3cd+4cd; C2a(ii),Global
94876949,Guaruba guarouba,2016,2016-10-01,VU,False,False,A2cd+3cd+4cd; C2a(ii),Global
48046364,Guaruba guarouba,2013,2013-11-01,VU,False,False,A2cd+3cd+4cd; C2a(ii),Global
37879761,Guaruba guarouba,2012,2012-05-01,EN,False,False,C2a(ii),Global
28770151,Guaruba guarouba,2008,2008-05-01,EN,False,False,C2a(ii),Global
28771223,Guaruba guarouba,2004,2004-05-01,EN,False,False,C2a(ii),Global
28772537,Guaruba guarouba,2000,2000-05-01,EN,False,False,C2a(i)b,Global
28773529,Guaruba guarouba,1996,1996-05-01,EN,False,False,,Global
28774148,Guaruba guarouba,1994,1994-05-01,EN,False,False,,Global
28774749,Guaruba guarouba,1988,1988-05-01,T,False,False,,Global
263679535,Celeus flavus subflavus,2024,2024-06-12,LC,True,False,,Global
92902694,Celeus flavus subflavus,2016,2016-10-01,LC,False,False,,Global
38394880,Celeus flavus subflavus,2012,2012-05-01,LC,False,False,,Global
25326350,Celeus flavus subflavus,2009,2009-05-01,LC,False,False,,Global
25326929,Celeus flavus subflavus,2008,2008-05-01,LC,False,False,,Global
25327530,Celeus flavus subflavus,2004,2004-05-01,LC,False,False,,Global
25327920,Celeus flavus subflavus,2000,2000-05-01,LR/lc,False,False,,Global
25328472,Celeus flavus subflavus,1994,1994-05-01,LR/lc,False,False,,Global
25328840,Celeus flavus subflavus,1988,1988-05-01,LR/lc,False,False,,Global
46913402,Thunnus thynnus,2021,2021-01-15,LC,True,False,,Global
76599358,Thunnus thynnus,2015,2015-04-20,EN,True,False,A2bd,Gulf of Mexico
97778482,Thunnus thynnus,2015,2015-01-26,NT,True,False,,Europe
18212049,Thunnus thynnus,2015,2015-01-26,NT,False,False,,Europe
9331546,Thunnus thynnus,2011,2011-02-18,EN,False,False,A2bd,Global
9330380,Thunnus thynnus,2011,2009-05-12,EN,True,False,A2bd,Mediterranean
9331035,Thunnus thynnus,1996,1996-08-01,DD,False,False,,Global
141159997,Trichogenes claviger,2022,2018-11-07,CR,True,False,B2ab(iii),Global
140647979,Pimelodella kronei,2022,2018-11-07,EN,True,False,"B2ab(ii,iii)",Global
6926060,Pimelodella kronei,1996,1996-08-01,DD,False,False,,Global
135925955,Hollandichthys taramandahy,2022,2022-05-18,VU,True,False,B1ab(iii),Global
1823434,Xenurolebias myersi,2023,2018-11-07,EN,True,False,"B1ab(iii,iv,v)+2ab(iii,iv,v)",Global
154029940,Brachycephalus mirissimus,2023,2021-04-09,CR,True,False,"B1ab(i,ii,iii)+2ab(i,ii,iii)",Global
167878375,Monasa morphoeus morphoeus,2020,2020-02-07,LC,True,False,,Global
92941547,Monasa morphoeus morphoeus,2016,2016-10-01,LC,False,False,,Global
38601682,Monasa morphoeus morphoeus,2012,2012-05-01,LC,False,False,,Global
31039350,Monasa morphoeus morphoeus,2009,2009-05-01,LC,False,False,,Global
31039848,Monasa morphoeus morphoeus,2008,2008-05-01,LC,False,False,,Global
31040422,Monasa morphoeus morphoeus,2004,2004-05-01,LC,False,False,,Global
31040962,Monasa morphoeus morphoeus,2000,2000-05-01,LR/lc,False,False,,Global
31041583,Monasa morphoeus morphoeus,1994,1994-05-01,LR/lc,False,False,,Global
31042113,Monasa morphoeus morphoeus,1988,1988-05-01,LR/lc,False,False,,Global
130774493,Antilophia bokermanni,2018,2018-08-07,CR,True,False,C2a(ii),Global
94983728,Antilophia bokermanni,2016,2016-10-01,CR,False,False,"B1ab(i,ii,iii,v);C2a(ii)",Global
81979311,Antilophia bokermanni,2015,2015-10-01,CR,False,False,"B1ab(i,ii,iii,v);C2a(ii)",Global
38022626,Antilophia bokermanni,2012,2012-05-01,CR,False,False,"B1ab(i,ii,iii,v);C2a(ii)",Global
23748773,Antilophia bokermanni,2011,2011-05-01,CR,False,False,"B1ab(i,ii,iii,v)",Global
23749688,Antilophia bokermanni,2010,2010-05-01,CR,False,False,"B1ab(i,ii,iii,v)",Global
23750558,Antilophia bokermanni,2009,2009-05-01,CR,False,False,"B1ab(i,ii,iii,v)",Global
23751473,Antilophia bokermanni,2008,2008-05-01,CR,False,False,"B1ab(i,ii,iii,v)",Global
23752092,Antilophia bokermanni,2004,2004-05-01,CR,False,False,"B1ab(i,ii,iii,v);C2a(ii);D",Global
23753034,Antilophia bokermanni,2000,2000-05-01,CR,False,False,"B1ab(i,ii,iii,v);C2b",Global
23753675,Antilophia bokermanni,1994,1994-05-01,NR,False,False,,Global
23754377,Antilophia bokermanni,1988,1988-05-01,NR,False,False,,Global
154324395,Enyalius erythroceneus,2021,2014-08-22,CR,True,False,B1ab(iii),Global
199932098,Cyclopes rufus,2025,2024-05-10,LC,True,False,,Global
1823524,Hypsolebias longignatus,2022,2018-11-07,VU,True,False,D2,Global
277450166,Laterallus xenopterus,2025,2025-03-27,VU,True,False,C2a(i),Global
93351150,Laterallus xenopterus,2016,2016-10-01,VU,False,False,C2a(i),Global
37863641,Laterallus xenopterus,2012,2012-05-01,VU,False,False,C2a(i),Global
29898828,Laterallus xenopterus,2008,2008-05-01,VU,False,False,C2a(i),Global
29899672,Laterallus xenopterus,2006,2006-05-01,VU,False,False,C2a(i),Global
29900507,Laterallus xenopterus,2004,2004-05-01,VU,False,False,"B2ab(i,ii,iii);C2a(i)",Global
29901570,Laterallus xenopterus,2000,2000-05-01,VU,False,False,"B1ab(i,ii,iii);C2a(i)",Global
29902108,Laterallus xenopterus,1996,1996-05-01,VU,False,False,,Global
29902814,Laterallus xenopterus,1994,1994-05-01,VU,False,False,,Global
29903498,Laterallus xenopterus,1988,1988-05-01,T,False,False,,Global
159253312,Coleodactylus natalensis,2021,2014-08-04,EN,True,False,B1ab(iii),Global
7016718,Coleodactylus natalensis,2010,2009-06-30,DD,False,False,,Global
263873316,Coryphistera alaudina,2024,2024-06-12,LC,True,False,,Global
93885480,Coryphistera alaudina,2016,2016-10-01,LC,False,False,,Global
39217253,Coryphistera alaudina,2012,2012-05-01,LC,False,False,,Global
26536855,Coryphistera alaudina,2009,2009-05-01,LC,False,False,,Global
26537481,Coryphistera alaudina,2008,2008-05-01,LC,False,False,,Global
26538082,Coryphistera alaudina,2004,2004-05-01,LC,False,False,,Global
26538430,Coryphistera alaudina,2000,2000-05-01,LR/lc,False,False,,Global
26538985,Coryphistera alaudina,1994,1994-05-01,LR/lc,False,False,,Global
26539540,Coryphistera alaudina,1988,1988-05-01,LR/lc,False,False,,Global
163986626,Proceratophrys ararype,2023,2020-12-16,CR,True,False,"B1ab(i,iii)",Global
96475928,Bothrops itapetiningae,2021,2012-12-31,VU,True,False,"B2ab(ii,iii)",Global
7510399,Bothrops itapetiningae,2010,2009-06-30,LC,False,False,,Global
17929907,Ateles marginatus,2019,2019-03-18,EN,False,False,A4cd,Global
191689524,Ateles marginatus,2021,2019-03-18,EN,True,False,A4cd,Global
9390334,Ateles marginatus,2008,2008-06-30,EN,False,False,A2cd+3cd,Global
9390552,Ateles marginatus,2003,2003-04-30,EN,False,False,A4c,Global
9390307,Ateles marginatus,2000,2000-06-30,EN,False,False,B1+2abcde,Global
9390284,Ateles marginatus,1996,1996-08-01,EN,False,False,B1+2abcde,Global
9390630,Ateles marginatus,1996,1996-01-01,EN,False,False,,Global
9390609,Ateles marginatus,1994,1994-01-01,E,False,False,,Global
22374057,Rhipidomys cariri,2019,2017-01-17,DD,True,False,,Global
4279986,Rhipidomys cariri,2008,2008-06-30,DD,False,False,,Global
223504937,Myrmotherula urosticta,2023,2022-11-09,VU,True,False,C2a(i),Global
93834692,Myrmotherula urosticta,2016,2016-10-01,VU,False,False,C2a(i),Global
38081241,Myrmotherula urosticta,2012,2012-05-01,VU,False,False,C2a(i),Global
31402328,Myrmotherula urosticta,2008,2008-05-01,VU,False,False,C2a(i),Global
31403126,Myrmotherula urosticta,2004,2004-05-01,VU,False,False,"A2c+3c;B1ab(i,ii,iii,iv,v);C2a(i)",Global
31403875,Myrmotherula urosticta,2000,2000-05-01,EN,False,False,"B1ab(i,ii,iii,iv,v)",Global
31404388,Myrmotherula urosticta,1996,1996-05-01,VU,False,False,,Global
31405035,Myrmotherula urosticta,1994,1994-05-01,VU,False,False,,Global
31405829,Myrmotherula urosticta,1988,1988-05-01,NT,False,False,,Global
1813482,Melanorivulus rutilicaudus,2022,2018-11-07,VU,True,False,D2,Global
261552870,Pempheris gasparinii,2025,2024-07-02,CR,True,False,B1ab(iii),Global
118245563,Minagrion canaanense,2019,2018-09-20,DD,True,False,,Global
86255969,Crossodactylus boulengeri,2023,2021-04-09,CR,True,True,D,Global
22211597,Trinomys moojeni,2016,2016-06-10,EN,True,False,"B1ab(i,iii)",Global
4308049,Trinomys moojeni,2008,2008-06-30,EN,False,False,B1ab(iii),Global
140550975,Ophthalmolebias constanciae,2022,2018-11-07,CR,True,False,"B2ab(i,ii,iii,iv)",Global
12417201,Ophthalmolebias constanciae,1996,1996-08-01,VU,False,False,B1+2ac+3bd,Global
12417163,Ophthalmolebias constanciae,1994,1994-01-01,V,False,False,,Global
12417234,Ophthalmolebias constanciae,1990,1990-01-01,V,False,False,,Global
12417253,Ophthalmolebias constanciae,1988,1988-01-01,V,False,False,,Global
12417182,Ophthalmolebias constanciae,1986,1986-01-01,I,False,False,,Global
1812252,Hypsolebias rufus,2022,2018-11-07,CR,True,False,"B2ab(ii,iii,iv,v)",Global
137976063,Attila spadiceus uropygiatus,2021,2020-02-13,LC,True,False,,Global
110739132,Attila spadiceus uropygiatus,2017,2016-10-01,LC,False,False,,Global
93770879,Attila spadiceus uropygiatus,2016,2016-10-01,LC,False,False,,Global
39139208,Attila spadiceus uropygiatus,2012,2012-05-01,LC,False,False,,Global
24248612,Attila spadiceus uropygiatus,2009,2009-05-01,LC,False,False,,Global
24249468,Attila spadiceus uropygiatus,2008,2008-05-01,LC,False,False,,Global
24250322,Attila spadiceus uropygiatus,2004,2004-05-01,LC,False,False,,Global
24250948,Attila spadiceus uropygiatus,2000,2000-05-01,LR/lc,False,False,,Global
24251688,Attila spadiceus uropygiatus,1994,1994-05-01,LR/lc,False,False,,Global
24252535,Attila spadiceus uropygiatus,1988,1988-05-01,LR/lc,False,False,,Global
123181880,Corallus cropanii,2021,2012-12-31,EN,True,False,B1ab(iii),Global
10281308,Corallus cropanii,2010,2009-06-30,EN,False,False,"B1ab(i,ii,iii)",Global
10281224,Corallus cropanii,2000,2000-06-30,EN,False,False,B1+2c,Global
1812156,Parotocinclus spilurus,2022,2018-11-07,EN,True,False,B2ab(iii),Global
22189125,Cavia intermedia,2016,2016-03-01,CR,False,False,D,Global
284725227,Cavia intermedia,2025,2016-03-01,CR,True,False,D,Global
4303901,Cavia intermedia,2008,2008-06-30,CR,False,False,D,Global
3094326,Carcharhinus signatus,2021,2019-06-21,EN,True,False,A2bd,Global
12323765,Carcharhinus signatus,2006,2006-01-31,VU,False,False,A2abd+3bd+4abd,Global
123180264,Bothrops insularis,2021,2012-12-31,CR,True,False,B1ab(v)+2ab(v),Global
9493475,Bothrops insularis,2004,2004-04-30,CR,False,False,B1ab(iii)+2ab(iii),Global
9493429,Bothrops insularis,2000,2000-06-30,CR,False,False,B1+2c,Global
9493553,Bothrops insularis,1996,1996-08-01,CR,False,False,A2d,Global
9493597,Bothrops insularis,1994,1994-01-01,I,False,False,,Global
9493456,Bothrops insularis,1990,1990-01-01,I,False,False,,Global
9493578,Bothrops insularis,1988,1988-01-01,R,False,False,,Global
9493616,Bothrops insularis,1986,1986-01-01,K,False,False,,Global
1550291,Enneanectes smithi,2014,2014-06-05,VU,True,False,D2,Global
22211833,Trinomys eliasi,2016,2016-06-10,NT,True,False,,Global
4287464,Trinomys eliasi,2008,2008-06-30,EN,False,False,B1ab(iii),Global
58336780,Pristis pristis,2022,2022-02-02,CR,False,False,A2cd,Global
249880242,Pristis pristis,2022,2022-02-02,CR,True,False,A2cd,Global
81175173,Pristis pristis,2016,2016-03-25,CR,True,True,A2b; D,Mediterranean
48950295,Pristis pristis,2015,2015-03-23,CR,True,True,A2b; D,Europe
18620395,Pristis pristis,2013,2013-03-01,CR,False,False,A2cd,Global
141788242,Pristis pristis,2013,2013-03-01,CR,False,False,A2cd,Global
10304617,Castalia martensi,1996,1996-08-01,VU,True,False,A1ae,Global
134660177,Ancistrus formoso,2021,2018-11-07,VU,True,False,D2,Global
122603421,Parides bunichus chamissonia,2020,2019-07-22,LC,True,False,,Global
154324361,Glaucomastix cyanura,2021,2013-10-11,DD,False,False,,Global
284984223,Glaucomastix cyanura,2025,2013-10-11,DD,True,False,,Global
237139785,Bradypus torquatus,2025,2024-05-06,EN,True,False,"B2ab(ii,iii,iv,v)",Global
12881238,Eretmochelys imbricata,2008,2008-06-30,CR,True,False,A2bd,Global
12881832,Eretmochelys imbricata,1996,1996-09-01,CR,False,False,A1bd,Global
12881194,Eretmochelys imbricata,1996,1996-08-01,CR,False,False,A1abd+2bcd,Global
12882536,Eretmochelys imbricata,1994,1994-01-01,E,False,False,,Global
12881217,Eretmochelys imbricata,1990,1990-01-01,E,False,False,,Global
12882502,Eretmochelys imbricata,1988,1988-01-01,E,False,False,,Global
12882553,Eretmochelys imbricata,1986,1986-01-01,E,False,False,,Global
12882519,Eretmochelys imbricata,1982,1982-01-01,E,False,False,,Global
132657527,Diomedea dabbenena,2018,2018-08-07,CR,True,False,A4ade,Global
111143392,Diomedea dabbenena,2017,2016-10-01,CR,False,False,A4ade,Global
94982000,Diomedea dabbenena,2016,2016-10-01,CR,False,False,A4ade,Global
79003664,Diomedea dabbenena,2015,2015-10-01,CR,False,False,A4ade,Global
49362742,Diomedea dabbenena,2013,2013-11-01,CR,False,False,A4ade,Global
40167914,Diomedea dabbenena,2012,2012-05-01,CR,False,False,A4ade,Global
27233852,Diomedea dabbenena,2010,2010-05-01,CR,False,False,A4ade,Global
27234879,Diomedea dabbenena,2009,2009-05-01,CR,False,False,A4ade,Global
27236286,Diomedea dabbenena,2008,2008-05-01,CR,False,False,A4ade,Global
27237420,Diomedea dabbenena,2007,2007-05-01,EN,False,False,A4bd;B2ab(v),Global
27238583,Diomedea dabbenena,2005,2005-05-01,EN,False,False,A4bd;B2ab(v),Global
27239713,Diomedea dabbenena,2004,2004-05-01,EN,False,False,A4bd;B2ab(v),Global
27240717,Diomedea dabbenena,2003,2003-05-01,EN,False,False,A4bd;B2ab(v),Global
27241771,Diomedea dabbenena,2000,2000-05-01,EN,False,False,B1ab(v),Global
27242738,Diomedea dabbenena,1994,1994-05-01,NR,False,False,,Global
27243505,Diomedea dabbenena,1988,1988-05-01,NR,False,False,,Global
122603456,Parides panthonus castilhoi,2020,2019-07-22,LC,True,False,,Global
124409680,Sphyrna tiburo,2020,2019-07-02,EN,False,False,A2bcd,Global
205765567,Sphyrna tiburo,2021,2019-07-02,EN,True,False,A2bcd,Global
2921446,Sphyrna tiburo,2016,2014-12-15,LC,False,False,,Global
10193033,Sphyrna tiburo,2005,2005-10-01,LC,False,False,,Global
10193405,Sphyrna tiburo,2000,2000-06-30,LR/lc,False,False,,Global
17931870,Saguinus bicolor,2019,2015-01-26,CR,False,False,A3cde,Global
192551696,Saguinus bicolor,2021,2015-01-26,CR,True,False,A3cde,Global
10348136,Saguinus bicolor,2008,2008-06-30,EN,False,False,A2c,Global
10348365,Saguinus bicolor,2003,2003-04-30,CR,False,False,A2acde,Global
10348111,Saguinus bicolor,2000,2000-06-30,EN,False,False,B1+2abcde,Global
10348090,Saguinus bicolor,1996,1996-08-01,EN,False,False,"B1+2abcde, C2a",Global
10348515,Saguinus bicolor,1996,1996-01-01,EN,False,False,,Global
10348494,Saguinus bicolor,1994,1994-01-01,E,False,False,,Global
10348437,Saguinus bicolor,1990,1990-01-01,E,False,False,,Global
10348418,Saguinus bicolor,1988,1988-01-01,I,False,False,,Global
10348475,Saguinus bicolor,1986,1986-01-01,I,False,False,,Global
10348456,Saguinus bicolor,1982,1982-01-01,I,False,False,,Global
121249009,Proceratophrys palustris,2023,2021-04-09,CR,True,False,B1ab(iii),Global
11615921,Proceratophrys palustris,2004,2004-04-30,DD,False,False,,Global
17928557,Ateles belzebuth,2019,2019-03-18,EN,False,False,A4cd,Global
191684587,Ateles belzebuth,2021,2019-03-18,EN,True,False,A4cd,Global
9384912,Ateles belzebuth,2008,2008-06-30,EN,False,False,A2cd,Global
9385150,Ateles belzebuth,2003,2003-04-30,VU,False,False,A2acd,Global
9384862,Ateles belzebuth,2000,2000-06-30,VU,False,False,A1c,Global
9384887,Ateles belzebuth,1996,1996-08-01,VU,False,False,A1c,Global
9385307,Ateles belzebuth,1994,1994-01-01,V,False,False,,Global
9385256,Ateles belzebuth,1990,1990-01-01,V,False,False,,Global
9385239,Ateles belzebuth,1988,1988-01-01,V,False,False,,Global
9385290,Ateles belzebuth,1986,1986-01-01,V,False,False,,Global
9385273,Ateles belzebuth,1982,1982-01-01,V,False,False,,Global
275348502,Cichlopsis leucogenys,2025,2025-05-12,VU,True,False,C2a(i),Global
94168220,Cichlopsis leucogenys,2016,2016-10-01,EN,False,False,C2a(i),Global
118849676,Sporophila maximiliani,2017,2017-10-01,EN,False,False,C2a(i),Global
155473409,Sporophila maximiliani,2019,2017-10-01,EN,True,False,C2a(i),Global
94822915,Sporophila maximiliani,2016,2016-10-01,VU,False,False,A2cd+3cd+4cd,Global
84684048,Sporophila maximiliani,2015,2015-10-01,VU,False,False,A2cd+3cd+4cd,Global
48976664,Sporophila maximiliani,2013,2013-11-01,VU,False,False,A2cd+3cd+4cd,Global
38139581,Sporophila maximiliani,2012,2012-05-01,NT,False,False,A2cd+3cd+4cd,Global
32119720,Sporophila maximiliani,2008,2008-05-01,NT,False,False,A2cd+3cd+4cd,Global
32120514,Sporophila maximiliani,2004,2004-05-01,NT,False,False,A2cd+3cd,Global
32121525,Sporophila maximiliani,2000,2000-05-01,LR/lc,False,False,,Global
32122139,Sporophila maximiliani,1994,1994-05-01,LR/nt,False,False,,Global
32122756,Sporophila maximiliani,1988,1988-05-01,NT,False,False,,Global
